fips,age_group,pop,STATE_FIPS,COUNTY_NAME,STATE_NAME
01001,0-4,3430,01,Autauga County,Alabama
01001,18-49,24116,01,Autauga County,Alabama
01001,5-17,10496,01,Autauga County,Alabama
01001,50-64,11769,01,Autauga County,Alabama
01001,65+,9474,01,Autauga County,Alabama
01003,0-4,12448,01,Baldwin County,Alabama
01003,18-49,87325,01,Baldwin County,Alabama
01003,5-17,38680,01,Baldwin County,Alabama
01003,50-64,50166,01,Baldwin County,Alabama
01003,65+,51326,01,Baldwin County,Alabama
01005,0-4,1380,01,Barbour County,Alabama
01005,18-49,9878,01,Barbour County,Alabama
01005,5-17,3801,01,Barbour County,Alabama
01005,50-64,4817,01,Barbour County,Alabama
01005,65+,4881,01,Barbour County,Alabama
01007,0-4,1069,01,Bibb County,Alabama
01007,18-49,9483,01,Bibb County,Alabama
01007,5-17,3389,01,Bibb County,Alabama
01007,50-64,4455,01,Bibb County,Alabama
01007,65+,3756,01,Bibb County,Alabama
01009,0-4,3397,01,Blount County,Alabama
01009,18-49,22508,01,Blount County,Alabama
01009,5-17,10341,01,Blount County,Alabama
01009,50-64,12027,01,Blount County,Alabama
01009,65+,11019,01,Blount County,Alabama
01011,0-4,552,01,Bullock County,Alabama
01011,18-49,4166,01,Bullock County,Alabama
01011,5-17,1553,01,Bullock County,Alabama
01011,50-64,2069,01,Bullock County,Alabama
01011,65+,1817,01,Bullock County,Alabama
01013,0-4,1066,01,Butler County,Alabama
01013,18-49,6923,01,Butler County,Alabama
01013,5-17,3153,01,Butler County,Alabama
01013,50-64,3639,01,Butler County,Alabama
01013,65+,4026,01,Butler County,Alabama
01015,0-4,6504,01,Calhoun County,Alabama
01015,18-49,48197,01,Calhoun County,Alabama
01015,5-17,18325,01,Calhoun County,Alabama
01015,50-64,22176,01,Calhoun County,Alabama
01015,65+,20939,01,Calhoun County,Alabama
01017,0-4,1985,01,Chambers County,Alabama
01017,18-49,13040,01,Chambers County,Alabama
01017,5-17,5156,01,Chambers County,Alabama
01017,50-64,7385,01,Chambers County,Alabama
01017,65+,6884,01,Chambers County,Alabama
01019,0-4,1178,01,Cherokee County,Alabama
01019,18-49,8673,01,Cherokee County,Alabama
01019,5-17,3569,01,Cherokee County,Alabama
01019,50-64,5801,01,Cherokee County,Alabama
01019,65+,6003,01,Cherokee County,Alabama
01021,0-4,2758,01,Chilton County,Alabama
01021,18-49,17821,01,Chilton County,Alabama
01021,5-17,8208,01,Chilton County,Alabama
01021,50-64,9027,01,Chilton County,Alabama
01021,65+,7686,01,Chilton County,Alabama
01023,0-4,674,01,Choctaw County,Alabama
01023,18-49,4297,01,Choctaw County,Alabama
01023,5-17,1818,01,Choctaw County,Alabama
01023,50-64,2754,01,Choctaw County,Alabama
01023,65+,2982,01,Choctaw County,Alabama
01025,0-4,1336,01,Clarke County,Alabama
01025,18-49,8405,01,Clarke County,Alabama
01025,5-17,3614,01,Clarke County,Alabama
01025,50-64,4745,01,Clarke County,Alabama
01025,65+,4702,01,Clarke County,Alabama
01027,0-4,744,01,Clay County,Alabama
01027,18-49,5197,01,Clay County,Alabama
01027,5-17,2188,01,Clay County,Alabama
01027,50-64,3149,01,Clay County,Alabama
01027,65+,2910,01,Clay County,Alabama
01029,0-4,900,01,Cleburne County,Alabama
01029,18-49,5658,01,Cleburne County,Alabama
01029,5-17,2427,01,Cleburne County,Alabama
01029,50-64,3152,01,Cleburne County,Alabama
01029,65+,3117,01,Cleburne County,Alabama
01031,0-4,3339,01,Coffee County,Alabama
01031,18-49,21908,01,Coffee County,Alabama
01031,5-17,9706,01,Coffee County,Alabama
01031,50-64,10001,01,Coffee County,Alabama
01031,65+,9277,01,Coffee County,Alabama
01033,0-4,3246,01,Colbert County,Alabama
01033,18-49,21846,01,Colbert County,Alabama
01033,5-17,9065,01,Colbert County,Alabama
01033,50-64,11891,01,Colbert County,Alabama
01033,65+,11600,01,Colbert County,Alabama
01035,0-4,608,01,Conecuh County,Alabama
01035,18-49,3910,01,Conecuh County,Alabama
01035,5-17,1697,01,Conecuh County,Alabama
01035,50-64,2422,01,Conecuh County,Alabama
01035,65+,2774,01,Conecuh County,Alabama
01037,0-4,496,01,Coosa County,Alabama
01037,18-49,3330,01,Coosa County,Alabama
01037,5-17,1246,01,Coosa County,Alabama
01037,50-64,2693,01,Coosa County,Alabama
01037,65+,2558,01,Coosa County,Alabama
01039,0-4,2185,01,Covington County,Alabama
01039,18-49,13418,01,Covington County,Alabama
01039,5-17,6134,01,Covington County,Alabama
01039,50-64,7662,01,Covington County,Alabama
01039,65+,8248,01,Covington County,Alabama
01041,0-4,714,01,Crenshaw County,Alabama
01041,18-49,4755,01,Crenshaw County,Alabama
01041,5-17,2302,01,Crenshaw County,Alabama
01041,50-64,2755,01,Crenshaw County,Alabama
01041,65+,2618,01,Crenshaw County,Alabama
01043,0-4,5217,01,Cullman County,Alabama
01043,18-49,34426,01,Cullman County,Alabama
01043,5-17,14915,01,Cullman County,Alabama
01043,50-64,17961,01,Cullman County,Alabama
01043,65+,16944,01,Cullman County,Alabama
01045,0-4,3295,01,Dale County,Alabama
01045,18-49,19930,01,Dale County,Alabama
01045,5-17,8223,01,Dale County,Alabama
01045,50-64,9176,01,Dale County,Alabama
01045,65+,8892,01,Dale County,Alabama
01047,0-4,2226,01,Dallas County,Alabama
01047,18-49,13595,01,Dallas County,Alabama
01047,5-17,6720,01,Dallas County,Alabama
01047,50-64,7572,01,Dallas County,Alabama
01047,65+,7423,01,Dallas County,Alabama
01049,0-4,4250,01,DeKalb County,Alabama
01049,18-49,27913,01,DeKalb County,Alabama
01049,5-17,13192,01,DeKalb County,Alabama
01049,50-64,14084,01,DeKalb County,Alabama
01049,65+,12507,01,DeKalb County,Alabama
01051,0-4,4782,01,Elmore County,Alabama
01051,18-49,37364,01,Elmore County,Alabama
01051,5-17,14473,01,Elmore County,Alabama
01051,50-64,17806,01,Elmore County,Alabama
01051,65+,14244,01,Elmore County,Alabama
01053,0-4,2138,01,Escambia County,Alabama
01053,18-49,14365,01,Escambia County,Alabama
01053,5-17,6215,01,Escambia County,Alabama
01053,50-64,7063,01,Escambia County,Alabama
01053,65+,6914,01,Escambia County,Alabama
01055,0-4,5947,01,Etowah County,Alabama
01055,18-49,39631,01,Etowah County,Alabama
01055,5-17,16540,01,Etowah County,Alabama
01055,50-64,20971,01,Etowah County,Alabama
01055,65+,20119,01,Etowah County,Alabama
01057,0-4,786,01,Fayette County,Alabama
01057,18-49,5969,01,Fayette County,Alabama
01057,5-17,2666,01,Fayette County,Alabama
01057,50-64,3257,01,Fayette County,Alabama
01057,65+,3495,01,Fayette County,Alabama
01059,0-4,2162,01,Franklin County,Alabama
01059,18-49,12241,01,Franklin County,Alabama
01059,5-17,5863,01,Franklin County,Alabama
01059,50-64,6219,01,Franklin County,Alabama
01059,65+,5493,01,Franklin County,Alabama
01061,0-4,1434,01,Geneva County,Alabama
01061,18-49,9491,01,Geneva County,Alabama
01061,5-17,4476,01,Geneva County,Alabama
01061,50-64,5869,01,Geneva County,Alabama
01061,65+,5456,01,Geneva County,Alabama
01063,0-4,307,01,Greene County,Alabama
01063,18-49,2606,01,Greene County,Alabama
01063,5-17,1315,01,Greene County,Alabama
01063,50-64,1543,01,Greene County,Alabama
01063,65+,1818,01,Greene County,Alabama
01065,0-4,969,01,Hale County,Alabama
01065,18-49,5406,01,Hale County,Alabama
01065,5-17,2546,01,Hale County,Alabama
01065,50-64,2892,01,Hale County,Alabama
01065,65+,2936,01,Hale County,Alabama
01067,0-4,848,01,Henry County,Alabama
01067,18-49,6241,01,Henry County,Alabama
01067,5-17,2722,01,Henry County,Alabama
01067,50-64,3566,01,Henry County,Alabama
01067,65+,4073,01,Henry County,Alabama
01069,0-4,6706,01,Houston County,Alabama
01069,18-49,41961,01,Houston County,Alabama
01069,5-17,18106,01,Houston County,Alabama
01069,50-64,21066,01,Houston County,Alabama
01069,65+,19789,01,Houston County,Alabama
01071,0-4,2773,01,Jackson County,Alabama
01071,18-49,19679,01,Jackson County,Alabama
01071,5-17,8210,01,Jackson County,Alabama
01071,50-64,11173,01,Jackson County,Alabama
01071,65+,11004,01,Jackson County,Alabama
01073,0-4,41493,01,Jefferson County,Alabama
01073,18-49,282349,01,Jefferson County,Alabama
01073,5-17,112597,01,Jefferson County,Alabama
01073,50-64,123123,01,Jefferson County,Alabama
01073,65+,110182,01,Jefferson County,Alabama
01075,0-4,919,01,Lamar County,Alabama
01075,18-49,4823,01,Lamar County,Alabama
01075,5-17,2166,01,Lamar County,Alabama
01075,50-64,2838,01,Lamar County,Alabama
01075,65+,3063,01,Lamar County,Alabama
01077,0-4,4764,01,Lauderdale County,Alabama
01077,18-49,38850,01,Lauderdale County,Alabama
01077,5-17,13784,01,Lauderdale County,Alabama
01077,50-64,18467,01,Lauderdale County,Alabama
01077,65+,19172,01,Lauderdale County,Alabama
01079,0-4,1802,01,Lawrence County,Alabama
01079,18-49,12289,01,Lawrence County,Alabama
01079,5-17,5420,01,Lawrence County,Alabama
01079,50-64,7443,01,Lawrence County,Alabama
01079,65+,6228,01,Lawrence County,Alabama
01081,0-4,9726,01,Lee County,Alabama
01081,18-49,87046,01,Lee County,Alabama
01081,5-17,27841,01,Lee County,Alabama
01081,50-64,30080,01,Lee County,Alabama
01081,65+,22970,01,Lee County,Alabama
01083,0-4,5887,01,Limestone County,Alabama
01083,18-49,44455,01,Limestone County,Alabama
01083,5-17,18066,01,Limestone County,Alabama
01083,50-64,22625,01,Limestone County,Alabama
01083,65+,16544,01,Limestone County,Alabama
01085,0-4,575,01,Lowndes County,Alabama
01085,18-49,3564,01,Lowndes County,Alabama
01085,5-17,1624,01,Lowndes County,Alabama
01085,50-64,2238,01,Lowndes County,Alabama
01085,65+,2007,01,Lowndes County,Alabama
01087,0-4,920,01,Macon County,Alabama
01087,18-49,8557,01,Macon County,Alabama
01087,5-17,2024,01,Macon County,Alabama
01087,50-64,3523,01,Macon County,Alabama
01087,65+,3927,01,Macon County,Alabama
01089,0-4,22629,01,Madison County,Alabama
01089,18-49,168445,01,Madison County,Alabama
01089,5-17,63725,01,Madison County,Alabama
01089,50-64,80940,01,Madison County,Alabama
01089,65+,61396,01,Madison County,Alabama
01091,0-4,1194,01,Marengo County,Alabama
01091,18-49,7209,01,Marengo County,Alabama
01091,5-17,3092,01,Marengo County,Alabama
01091,50-64,3690,01,Marengo County,Alabama
01091,65+,3842,01,Marengo County,Alabama
01093,0-4,1539,01,Marion County,Alabama
01093,18-49,10605,01,Marion County,Alabama
01093,5-17,4636,01,Marion County,Alabama
01093,50-64,6253,01,Marion County,Alabama
01093,65+,6157,01,Marion County,Alabama
01095,0-4,7177,01,Marshall County,Alabama
01095,18-49,37408,01,Marshall County,Alabama
01095,5-17,18354,01,Marshall County,Alabama
01095,50-64,19017,01,Marshall County,Alabama
01095,65+,16756,01,Marshall County,Alabama
01097,0-4,26371,01,Mobile County,Alabama
01097,18-49,167986,01,Mobile County,Alabama
01097,5-17,70305,01,Mobile County,Alabama
01097,50-64,78392,01,Mobile County,Alabama
01097,65+,70108,01,Mobile County,Alabama
01099,0-4,678,01,Monroe County,Alabama
01099,18-49,7146,01,Monroe County,Alabama
01099,5-17,3476,01,Monroe County,Alabama
01099,50-64,4137,01,Monroe County,Alabama
01099,65+,4143,01,Monroe County,Alabama
01101,0-4,15396,01,Montgomery County,Alabama
01101,18-49,95045,01,Montgomery County,Alabama
01101,5-17,39312,01,Montgomery County,Alabama
01101,50-64,41482,01,Montgomery County,Alabama
01101,65+,35962,01,Montgomery County,Alabama
01103,0-4,7548,01,Morgan County,Alabama
01103,18-49,47782,01,Morgan County,Alabama
01103,5-17,21336,01,Morgan County,Alabama
01103,50-64,24953,01,Morgan County,Alabama
01103,65+,22123,01,Morgan County,Alabama
01105,0-4,522,01,Perry County,Alabama
01105,18-49,3220,01,Perry County,Alabama
01105,5-17,1231,01,Perry County,Alabama
01105,50-64,1527,01,Perry County,Alabama
01105,65+,1731,01,Perry County,Alabama
01107,0-4,944,01,Pickens County,Alabama
01107,18-49,7574,01,Pickens County,Alabama
01107,5-17,2695,01,Pickens County,Alabama
01107,50-64,3955,01,Pickens County,Alabama
01107,65+,3675,01,Pickens County,Alabama
01109,0-4,1648,01,Pike County,Alabama
01109,18-49,16186,01,Pike County,Alabama
01109,5-17,4649,01,Pike County,Alabama
01109,50-64,5380,01,Pike County,Alabama
01109,65+,5090,01,Pike County,Alabama
01111,0-4,1123,01,Randolph County,Alabama
01111,18-49,8190,01,Randolph County,Alabama
01111,5-17,3551,01,Randolph County,Alabama
01111,50-64,4820,01,Randolph County,Alabama
01111,65+,4626,01,Randolph County,Alabama
01113,0-4,3945,01,Russell County,Alabama
01113,18-49,24125,01,Russell County,Alabama
01113,5-17,10361,01,Russell County,Alabama
01113,50-64,11479,01,Russell County,Alabama
01113,65+,8948,01,Russell County,Alabama
01115,0-4,5099,01,St. Clair County,Alabama
01115,18-49,36947,01,St. Clair County,Alabama
01115,5-17,15716,01,St. Clair County,Alabama
01115,50-64,18856,01,St. Clair County,Alabama
01115,65+,16285,01,St. Clair County,Alabama
01117,0-4,12151,01,Shelby County,Alabama
01117,18-49,93104,01,Shelby County,Alabama
01117,5-17,40074,01,Shelby County,Alabama
01117,50-64,44437,01,Shelby County,Alabama
01117,65+,37189,01,Shelby County,Alabama
01119,0-4,661,01,Sumter County,Alabama
01119,18-49,5350,01,Sumter County,Alabama
01119,5-17,1650,01,Sumter County,Alabama
01119,50-64,2047,01,Sumter County,Alabama
01119,65+,2312,01,Sumter County,Alabama
01121,0-4,4346,01,Talladega County,Alabama
01121,18-49,32006,01,Talladega County,Alabama
01121,5-17,12537,01,Talladega County,Alabama
01121,50-64,16924,01,Talladega County,Alabama
01121,65+,15357,01,Talladega County,Alabama
01123,0-4,2140,01,Tallapoosa County,Alabama
01123,18-49,14315,01,Tallapoosa County,Alabama
01123,5-17,6243,01,Tallapoosa County,Alabama
01123,50-64,9030,01,Tallapoosa County,Alabama
01123,65+,9342,01,Tallapoosa County,Alabama
01125,0-4,12970,01,Tuscaloosa County,Alabama
01125,18-49,115708,01,Tuscaloosa County,Alabama
01125,5-17,35449,01,Tuscaloosa County,Alabama
01125,50-64,37740,01,Tuscaloosa County,Alabama
01125,65+,32169,01,Tuscaloosa County,Alabama
01127,0-4,3705,01,Walker County,Alabama
01127,18-49,24045,01,Walker County,Alabama
01127,5-17,11012,01,Walker County,Alabama
01127,50-64,13428,01,Walker County,Alabama
01127,65+,12696,01,Walker County,Alabama
01129,0-4,842,01,Washington County,Alabama
01129,18-49,5450,01,Washington County,Alabama
01129,5-17,2318,01,Washington County,Alabama
01129,50-64,3538,01,Washington County,Alabama
01129,65+,3122,01,Washington County,Alabama
01131,0-4,634,01,Wilcox County,Alabama
01131,18-49,3821,01,Wilcox County,Alabama
01131,5-17,1695,01,Wilcox County,Alabama
01131,50-64,1983,01,Wilcox County,Alabama
01131,65+,2214,01,Wilcox County,Alabama
01133,0-4,1220,01,Winston County,Alabama
01133,18-49,8337,01,Winston County,Alabama
01133,5-17,3595,01,Winston County,Alabama
01133,50-64,5315,01,Winston County,Alabama
01133,65+,5170,01,Winston County,Alabama
02013,0-4,106,02,Aleutians East Borough,Alaska
02013,18-49,1762,02,Aleutians East Borough,Alaska
02013,5-17,304,02,Aleutians East Borough,Alaska
02013,50-64,858,02,Aleutians East Borough,Alaska
02013,65+,393,02,Aleutians East Borough,Alaska
02016,0-4,119,02,Aleutians West Census Area,Alaska
02016,18-49,2804,02,Aleutians West Census Area,Alaska
02016,5-17,564,02,Aleutians West Census Area,Alaska
02016,50-64,1361,02,Aleutians West Census Area,Alaska
02016,65+,330,02,Aleutians West Census Area,Alaska
02020,0-4,18776,02,Anchorage Municipality,Alaska
02020,18-49,134108,02,Anchorage Municipality,Alaska
02020,5-17,49878,02,Anchorage Municipality,Alaska
02020,50-64,50371,02,Anchorage Municipality,Alaska
02020,65+,35936,02,Anchorage Municipality,Alaska
02050,0-4,1957,02,Bethel Census Area,Alaska
02050,18-49,7696,02,Bethel Census Area,Alaska
02050,5-17,4483,02,Bethel Census Area,Alaska
02050,50-64,2869,02,Bethel Census Area,Alaska
02050,65+,1482,02,Bethel Census Area,Alaska
02060,0-4,64,02,Bristol Bay Borough,Alaska
02060,18-49,369,02,Bristol Bay Borough,Alaska
02060,5-17,82,02,Bristol Bay Borough,Alaska
02060,50-64,242,02,Bristol Bay Borough,Alaska
02060,65+,121,02,Bristol Bay Borough,Alaska
02063,0-4,462,02,Chugach Census Area,Alaska
02063,18-49,2986,02,Chugach Census Area,Alaska
02063,5-17,1066,02,Chugach Census Area,Alaska
02063,50-64,1539,02,Chugach Census Area,Alaska
02063,65+,911,02,Chugach Census Area,Alaska
02066,0-4,180,02,Copper River Census Area,Alaska
02066,18-49,764,02,Copper River Census Area,Alaska
02066,5-17,505,02,Copper River Census Area,Alaska
02066,50-64,600,02,Copper River Census Area,Alaska
02066,65+,577,02,Copper River Census Area,Alaska
02068,0-4,79,02,Denali Borough,Alaska
02068,18-49,1138,02,Denali Borough,Alaska
02068,5-17,189,02,Denali Borough,Alaska
02068,50-64,347,02,Denali Borough,Alaska
02068,65+,276,02,Denali Borough,Alaska
02070,0-4,414,02,Dillingham Census Area,Alaska
02070,18-49,1921,02,Dillingham Census Area,Alaska
02070,5-17,1061,02,Dillingham Census Area,Alaska
02070,50-64,790,02,Dillingham Census Area,Alaska
02070,65+,594,02,Dillingham Census Area,Alaska
02090,0-4,6778,02,Fairbanks North Star Borough,Alaska
02090,18-49,46159,02,Fairbanks North Star Borough,Alaska
02090,5-17,16100,02,Fairbanks North Star Borough,Alaska
02090,50-64,14833,02,Fairbanks North Star Borough,Alaska
02090,65+,11685,02,Fairbanks North Star Borough,Alaska
02100,0-4,61,02,Haines Borough,Alaska
02100,18-49,484,02,Haines Borough,Alaska
02100,5-17,395,02,Haines Borough,Alaska
02100,50-64,580,02,Haines Borough,Alaska
02100,65+,557,02,Haines Borough,Alaska
02105,0-4,83,02,Hoonah-Angoon Census Area,Alaska
02105,18-49,756,02,Hoonah-Angoon Census Area,Alaska
02105,5-17,269,02,Hoonah-Angoon Census Area,Alaska
02105,50-64,572,02,Hoonah-Angoon Census Area,Alaska
02105,65+,633,02,Hoonah-Angoon Census Area,Alaska
02110,0-4,1586,02,Juneau City and Borough,Alaska
02110,18-49,14156,02,Juneau City and Borough,Alaska
02110,5-17,4911,02,Juneau City and Borough,Alaska
02110,50-64,6476,02,Juneau City and Borough,Alaska
02110,65+,4840,02,Juneau City and Borough,Alaska
02122,0-4,3385,02,Kenai Peninsula Borough,Alaska
02122,18-49,22751,02,Kenai Peninsula Borough,Alaska
02122,5-17,9904,02,Kenai Peninsula Borough,Alaska
02122,50-64,12225,02,Kenai Peninsula Borough,Alaska
02122,65+,11578,02,Kenai Peninsula Borough,Alaska
02130,0-4,654,02,Ketchikan Gateway Borough,Alaska
02130,18-49,5668,02,Ketchikan Gateway Borough,Alaska
02130,5-17,2226,02,Ketchikan Gateway Borough,Alaska
02130,50-64,2924,02,Ketchikan Gateway Borough,Alaska
02130,65+,2398,02,Ketchikan Gateway Borough,Alaska
02150,0-4,724,02,Kodiak Island Borough,Alaska
02150,18-49,6034,02,Kodiak Island Borough,Alaska
02150,5-17,2348,02,Kodiak Island Borough,Alaska
02150,50-64,2150,02,Kodiak Island Borough,Alaska
02150,65+,1622,02,Kodiak Island Borough,Alaska
02158,0-4,1074,02,Kusilvak Census Area,Alaska
02158,18-49,3170,02,Kusilvak Census Area,Alaska
02158,5-17,2385,02,Kusilvak Census Area,Alaska
02158,50-64,1117,02,Kusilvak Census Area,Alaska
02158,65+,531,02,Kusilvak Census Area,Alaska
02164,0-4,72,02,Lake and Peninsula Borough,Alaska
02164,18-49,489,02,Lake and Peninsula Borough,Alaska
02164,5-17,203,02,Lake and Peninsula Borough,Alaska
02164,50-64,142,02,Lake and Peninsula Borough,Alaska
02164,65+,101,02,Lake and Peninsula Borough,Alaska
02170,0-4,7044,02,Matanuska-Susitna Borough,Alaska
02170,18-49,46654,02,Matanuska-Susitna Borough,Alaska
02170,5-17,21675,02,Matanuska-Susitna Borough,Alaska
02170,50-64,20591,02,Matanuska-Susitna Borough,Alaska
02170,65+,14713,02,Matanuska-Susitna Borough,Alaska
02180,0-4,858,02,Nome Census Area,Alaska
02180,18-49,4250,02,Nome Census Area,Alaska
02180,5-17,2511,02,Nome Census Area,Alaska
02180,50-64,1470,02,Nome Census Area,Alaska
02180,65+,836,02,Nome Census Area,Alaska
02185,0-4,636,02,North Slope Borough,Alaska
02185,18-49,5152,02,North Slope Borough,Alaska
02185,5-17,2078,02,North Slope Borough,Alaska
02185,50-64,2167,02,North Slope Borough,Alaska
02185,65+,858,02,North Slope Borough,Alaska
02188,0-4,788,02,Northwest Arctic Borough,Alaska
02188,18-49,2976,02,Northwest Arctic Borough,Alaska
02188,5-17,2073,02,Northwest Arctic Borough,Alaska
02188,50-64,1135,02,Northwest Arctic Borough,Alaska
02188,65+,639,02,Northwest Arctic Borough,Alaska
02195,0-4,154,02,Petersburg Borough,Alaska
02195,18-49,1266,02,Petersburg Borough,Alaska
02195,5-17,498,02,Petersburg Borough,Alaska
02195,50-64,730,02,Petersburg Borough,Alaska
02195,65+,746,02,Petersburg Borough,Alaska
02198,0-4,299,02,Prince of Wales-Hyder Census Area,Alaska
02198,18-49,1995,02,Prince of Wales-Hyder Census Area,Alaska
02198,5-17,926,02,Prince of Wales-Hyder Census Area,Alaska
02198,50-64,1346,02,Prince of Wales-Hyder Census Area,Alaska
02198,65+,1164,02,Prince of Wales-Hyder Census Area,Alaska
02220,0-4,385,02,Sitka City and Borough,Alaska
02220,18-49,3587,02,Sitka City and Borough,Alaska
02220,5-17,1262,02,Sitka City and Borough,Alaska
02220,50-64,1710,02,Sitka City and Borough,Alaska
02220,65+,1449,02,Sitka City and Borough,Alaska
02230,0-4,65,02,Skagway Municipality,Alaska
02230,18-49,625,02,Skagway Municipality,Alaska
02230,5-17,112,02,Skagway Municipality,Alaska
02230,50-64,273,02,Skagway Municipality,Alaska
02230,65+,233,02,Skagway Municipality,Alaska
02240,0-4,500,02,Southeast Fairbanks Census Area,Alaska
02240,18-49,2678,02,Southeast Fairbanks Census Area,Alaska
02240,5-17,1251,02,Southeast Fairbanks Census Area,Alaska
02240,50-64,1408,02,Southeast Fairbanks Census Area,Alaska
02240,65+,1099,02,Southeast Fairbanks Census Area,Alaska
02275,0-4,137,02,Wrangell City and Borough,Alaska
02275,18-49,738,02,Wrangell City and Borough,Alaska
02275,5-17,296,02,Wrangell City and Borough,Alaska
02275,50-64,432,02,Wrangell City and Borough,Alaska
02275,65+,503,02,Wrangell City and Borough,Alaska
02282,0-4,29,02,Yakutat City and Borough,Alaska
02282,18-49,174,02,Yakutat City and Borough,Alaska
02282,5-17,37,02,Yakutat City and Borough,Alaska
02282,50-64,126,02,Yakutat City and Borough,Alaska
02282,65+,140,02,Yakutat City and Borough,Alaska
02290,0-4,356,02,Yukon-Koyukuk Census Area,Alaska
02290,18-49,2014,02,Yukon-Koyukuk Census Area,Alaska
02290,5-17,1041,02,Yukon-Koyukuk Census Area,Alaska
02290,50-64,990,02,Yukon-Koyukuk Census Area,Alaska
02290,65+,870,02,Yukon-Koyukuk Census Area,Alaska
04001,0-4,3939,04,Apache County,Arizona
04001,18-49,25601,04,Apache County,Arizona
04001,5-17,13335,04,Apache County,Arizona
04001,50-64,12143,04,Apache County,Arizona
04001,65+,10662,04,Apache County,Arizona
04003,0-4,6533,04,Cochise County,Arizona
04003,18-49,46030,04,Cochise County,Arizona
04003,5-17,19681,04,Cochise County,Arizona
04003,50-64,22894,04,Cochise County,Arizona
04003,65+,30320,04,Cochise County,Arizona
04005,0-4,7045,04,Coconino County,Arizona
04005,18-49,72451,04,Coconino County,Arizona
04005,5-17,21662,04,Coconino County,Arizona
04005,50-64,23285,04,Coconino County,Arizona
04005,65+,20200,04,Coconino County,Arizona
04007,0-4,2377,04,Gila County,Arizona
04007,18-49,15806,04,Gila County,Arizona
04007,5-17,7818,04,Gila County,Arizona
04007,50-64,11320,04,Gila County,Arizona
04007,65+,16289,04,Gila County,Arizona
04009,0-4,2540,04,Graham County,Arizona
04009,18-49,16985,04,Graham County,Arizona
04009,5-17,7772,04,Graham County,Arizona
04009,50-64,6017,04,Graham County,Arizona
04009,65+,5546,04,Graham County,Arizona
04011,0-4,709,04,Greenlee County,Arizona
04011,18-49,4070,04,Greenlee County,Arizona
04011,5-17,1856,04,Greenlee County,Arizona
04011,50-64,1498,04,Greenlee County,Arizona
04011,65+,1319,04,Greenlee County,Arizona
04012,0-4,702,04,La Paz County,Arizona
04012,18-49,4225,04,La Paz County,Arizona
04012,5-17,1903,04,La Paz County,Arizona
04012,50-64,2763,04,La Paz County,Arizona
04012,65+,7012,04,La Paz County,Arizona
04013,0-4,257715,04,Maricopa County,Arizona
04013,18-49,1941320,04,Maricopa County,Arizona
04013,5-17,767965,04,Maricopa County,Arizona
04013,50-64,806908,04,Maricopa County,Arizona
04013,65+,718079,04,Maricopa County,Arizona
04015,0-4,8827,04,Mohave County,Arizona
04015,18-49,64906,04,Mohave County,Arizona
04015,5-17,26715,04,Mohave County,Arizona
04015,50-64,47571,04,Mohave County,Arizona
04015,65+,69401,04,Mohave County,Arizona
04017,0-4,6583,04,Navajo County,Arizona
04017,18-49,38933,04,Navajo County,Arizona
04017,5-17,21004,04,Navajo County,Arizona
04017,50-64,20133,04,Navajo County,Arizona
04017,65+,21091,04,Navajo County,Arizona
04019,0-4,52285,04,Pima County,Arizona
04019,18-49,435199,04,Pima County,Arizona
04019,5-17,156299,04,Pima County,Arizona
04019,50-64,184090,04,Pima County,Arizona
04019,65+,222074,04,Pima County,Arizona
04021,0-4,24015,04,Pinal County,Arizona
04021,18-49,179098,04,Pinal County,Arizona
04021,5-17,73578,04,Pinal County,Arizona
04021,50-64,76774,04,Pinal County,Arizona
04021,65+,95754,04,Pinal County,Arizona
04023,0-4,3063,04,Santa Cruz County,Arizona
04023,18-49,18098,04,Santa Cruz County,Arizona
04023,5-17,9525,04,Santa Cruz County,Arizona
04023,50-64,8400,04,Santa Cruz County,Arizona
04023,65+,9123,04,Santa Cruz County,Arizona
04025,0-4,9087,04,Yavapai County,Arizona
04025,18-49,70233,04,Yavapai County,Arizona
04025,5-17,28636,04,Yavapai County,Arizona
04025,50-64,52822,04,Yavapai County,Arizona
04025,65+,80878,04,Yavapai County,Arizona
04027,0-4,14079,04,Yuma County,Arizona
04027,18-49,83773,04,Yuma County,Arizona
04027,5-17,37532,04,Yuma County,Arizona
04027,50-64,30115,04,Yuma County,Arizona
04027,65+,42186,04,Yuma County,Arizona
05001,0-4,1016,05,Arkansas County,Arkansas
05001,18-49,6141,05,Arkansas County,Arkansas
05001,5-17,2874,05,Arkansas County,Arkansas
05001,50-64,3400,05,Arkansas County,Arkansas
05001,65+,3342,05,Arkansas County,Arkansas
05003,0-4,1141,05,Ashley County,Arkansas
05003,18-49,6630,05,Ashley County,Arkansas
05003,5-17,3102,05,Ashley County,Arkansas
05003,50-64,3857,05,Ashley County,Arkansas
05003,65+,3992,05,Ashley County,Arkansas
05005,0-4,1784,05,Baxter County,Arkansas
05005,18-49,12827,05,Baxter County,Arkansas
05005,5-17,5696,05,Baxter County,Arkansas
05005,50-64,8745,05,Baxter County,Arkansas
05005,65+,13098,05,Baxter County,Arkansas
05007,0-4,19697,05,Benton County,Arkansas
05007,18-49,129671,05,Benton County,Arkansas
05007,5-17,56093,05,Benton County,Arkansas
05007,50-64,48923,05,Benton County,Arkansas
05007,65+,40157,05,Benton County,Arkansas
05009,0-4,2043,05,Boone County,Arkansas
05009,18-49,13859,05,Boone County,Arkansas
05009,5-17,6583,05,Boone County,Arkansas
05009,50-64,7468,05,Boone County,Arkansas
05009,65+,7943,05,Boone County,Arkansas
05011,0-4,626,05,Bradley County,Arkansas
05011,18-49,4054,05,Bradley County,Arkansas
05011,5-17,1939,05,Bradley County,Arkansas
05011,50-64,1816,05,Bradley County,Arkansas
05011,65+,1919,05,Bradley County,Arkansas
05013,0-4,172,05,Calhoun County,Arkansas
05013,18-49,1734,05,Calhoun County,Arkansas
05013,5-17,691,05,Calhoun County,Arkansas
05013,50-64,1096,05,Calhoun County,Arkansas
05013,65+,1024,05,Calhoun County,Arkansas
05015,0-4,1472,05,Carroll County,Arkansas
05015,18-49,9753,05,Carroll County,Arkansas
05015,5-17,4818,05,Carroll County,Arkansas
05015,50-64,5843,05,Carroll County,Arkansas
05015,65+,6640,05,Carroll County,Arkansas
05017,0-4,602,05,Chicot County,Arkansas
05017,18-49,3501,05,Chicot County,Arkansas
05017,5-17,1618,05,Chicot County,Arkansas
05017,50-64,2110,05,Chicot County,Arkansas
05017,65+,2166,05,Chicot County,Arkansas
05019,0-4,1069,05,Clark County,Arkansas
05019,18-49,10301,05,Clark County,Arkansas
05019,5-17,3145,05,Clark County,Arkansas
05019,50-64,3393,05,Clark County,Arkansas
05019,65+,3470,05,Clark County,Arkansas
05021,0-4,804,05,Clay County,Arkansas
05021,18-49,5170,05,Clay County,Arkansas
05021,5-17,2307,05,Clay County,Arkansas
05021,50-64,2979,05,Clay County,Arkansas
05021,65+,3139,05,Clay County,Arkansas
05023,0-4,1078,05,Cleburne County,Arkansas
05023,18-49,8003,05,Cleburne County,Arkansas
05023,5-17,3659,05,Cleburne County,Arkansas
05023,50-64,5479,05,Cleburne County,Arkansas
05023,65+,6829,05,Cleburne County,Arkansas
05025,0-4,297,05,Cleveland County,Arkansas
05025,18-49,2741,05,Cleveland County,Arkansas
05025,5-17,1276,05,Cleveland County,Arkansas
05025,50-64,1610,05,Cleveland County,Arkansas
05025,65+,1567,05,Cleveland County,Arkansas
05027,0-4,1400,05,Columbia County,Arkansas
05027,18-49,10038,05,Columbia County,Arkansas
05027,5-17,3442,05,Columbia County,Arkansas
05027,50-64,3748,05,Columbia County,Arkansas
05027,65+,3899,05,Columbia County,Arkansas
05029,0-4,1140,05,Conway County,Arkansas
05029,18-49,7488,05,Conway County,Arkansas
05029,5-17,3582,05,Conway County,Arkansas
05029,50-64,4570,05,Conway County,Arkansas
05029,65+,4092,05,Conway County,Arkansas
05031,0-4,7579,05,Craighead County,Arkansas
05031,18-49,50031,05,Craighead County,Arkansas
05031,5-17,20789,05,Craighead County,Arkansas
05031,50-64,18307,05,Craighead County,Arkansas
05031,65+,15391,05,Craighead County,Arkansas
05033,0-4,3667,05,Crawford County,Arkansas
05033,18-49,23361,05,Crawford County,Arkansas
05033,5-17,11009,05,Crawford County,Arkansas
05033,50-64,12132,05,Crawford County,Arkansas
05033,65+,10623,05,Crawford County,Arkansas
05035,0-4,3483,05,Crittenden County,Arkansas
05035,18-49,18774,05,Crittenden County,Arkansas
05035,5-17,9510,05,Crittenden County,Arkansas
05035,50-64,8781,05,Crittenden County,Arkansas
05035,65+,7061,05,Crittenden County,Arkansas
05037,0-4,1049,05,Cross County,Arkansas
05037,18-49,6266,05,Cross County,Arkansas
05037,5-17,3010,05,Cross County,Arkansas
05037,50-64,3259,05,Cross County,Arkansas
05037,65+,3097,05,Cross County,Arkansas
05039,0-4,315,05,Dallas County,Arkansas
05039,18-49,2116,05,Dallas County,Arkansas
05039,5-17,978,05,Dallas County,Arkansas
05039,50-64,1356,05,Dallas County,Arkansas
05039,65+,1586,05,Dallas County,Arkansas
05041,0-4,738,05,Desha County,Arkansas
05041,18-49,3916,05,Desha County,Arkansas
05041,5-17,2052,05,Desha County,Arkansas
05041,50-64,2166,05,Desha County,Arkansas
05041,65+,2169,05,Desha County,Arkansas
05043,0-4,1003,05,Drew County,Arkansas
05043,18-49,7171,05,Drew County,Arkansas
05043,5-17,2801,05,Drew County,Arkansas
05043,50-64,3091,05,Drew County,Arkansas
05043,65+,3077,05,Drew County,Arkansas
05045,0-4,7414,05,Faulkner County,Arkansas
05045,18-49,59562,05,Faulkner County,Arkansas
05045,5-17,21304,05,Faulkner County,Arkansas
05045,50-64,20797,05,Faulkner County,Arkansas
05045,65+,16924,05,Faulkner County,Arkansas
05047,0-4,923,05,Franklin County,Arkansas
05047,18-49,6274,05,Franklin County,Arkansas
05047,5-17,2969,05,Franklin County,Arkansas
05047,50-64,3560,05,Franklin County,Arkansas
05047,65+,3494,05,Franklin County,Arkansas
05049,0-4,582,05,Fulton County,Arkansas
05049,18-49,3791,05,Fulton County,Arkansas
05049,5-17,1914,05,Fulton County,Arkansas
05049,50-64,2778,05,Fulton County,Arkansas
05049,65+,3174,05,Fulton County,Arkansas
05051,0-4,5252,05,Garland County,Arkansas
05051,18-49,35511,05,Garland County,Arkansas
05051,5-17,14752,05,Garland County,Arkansas
05051,50-64,20243,05,Garland County,Arkansas
05051,65+,24304,05,Garland County,Arkansas
05053,0-4,965,05,Grant County,Arkansas
05053,18-49,7163,05,Grant County,Arkansas
05053,5-17,2903,05,Grant County,Arkansas
05053,50-64,3793,05,Grant County,Arkansas
05053,65+,3287,05,Grant County,Arkansas
05055,0-4,2919,05,Greene County,Arkansas
05055,18-49,19017,05,Greene County,Arkansas
05055,5-17,8239,05,Greene County,Arkansas
05055,50-64,8542,05,Greene County,Arkansas
05055,65+,7465,05,Greene County,Arkansas
05057,0-4,1290,05,Hempstead County,Arkansas
05057,18-49,7236,05,Hempstead County,Arkansas
05057,5-17,3761,05,Hempstead County,Arkansas
05057,50-64,3799,05,Hempstead County,Arkansas
05057,65+,3692,05,Hempstead County,Arkansas
05059,0-4,1557,05,Hot Spring County,Arkansas
05059,18-49,13437,05,Hot Spring County,Arkansas
05059,5-17,4942,05,Hot Spring County,Arkansas
05059,50-64,6665,05,Hot Spring County,Arkansas
05059,65+,6541,05,Hot Spring County,Arkansas
05061,0-4,872,05,Howard County,Arkansas
05061,18-49,4718,05,Howard County,Arkansas
05061,5-17,2418,05,Howard County,Arkansas
05061,50-64,2363,05,Howard County,Arkansas
05061,65+,2330,05,Howard County,Arkansas
05063,0-4,2342,05,Independence County,Arkansas
05063,18-49,14942,05,Independence County,Arkansas
05063,5-17,6874,05,Independence County,Arkansas
05063,50-64,7290,05,Independence County,Arkansas
05063,65+,6672,05,Independence County,Arkansas
05065,0-4,579,05,Izard County,Arkansas
05065,18-49,4938,05,Izard County,Arkansas
05065,5-17,1881,05,Izard County,Arkansas
05065,50-64,2995,05,Izard County,Arkansas
05065,65+,3473,05,Izard County,Arkansas
05067,0-4,841,05,Jackson County,Arkansas
05067,18-49,7268,05,Jackson County,Arkansas
05067,5-17,2444,05,Jackson County,Arkansas
05067,50-64,3221,05,Jackson County,Arkansas
05067,65+,3001,05,Jackson County,Arkansas
05069,0-4,3871,05,Jefferson County,Arkansas
05069,18-49,26771,05,Jefferson County,Arkansas
05069,5-17,10351,05,Jefferson County,Arkansas
05069,50-64,12852,05,Jefferson County,Arkansas
05069,65+,11935,05,Jefferson County,Arkansas
05071,0-4,1699,05,Johnson County,Arkansas
05071,18-49,9955,05,Johnson County,Arkansas
05071,5-17,4650,05,Johnson County,Arkansas
05071,50-64,5271,05,Johnson County,Arkansas
05071,65+,4357,05,Johnson County,Arkansas
05073,0-4,221,05,Lafayette County,Arkansas
05073,18-49,2100,05,Lafayette County,Arkansas
05073,5-17,927,05,Lafayette County,Arkansas
05073,50-64,1387,05,Lafayette County,Arkansas
05073,65+,1576,05,Lafayette County,Arkansas
05075,0-4,944,05,Lawrence County,Arkansas
05075,18-49,6303,05,Lawrence County,Arkansas
05075,5-17,2723,05,Lawrence County,Arkansas
05075,50-64,3216,05,Lawrence County,Arkansas
05075,65+,3079,05,Lawrence County,Arkansas
05077,0-4,538,05,Lee County,Arkansas
05077,18-49,3637,05,Lee County,Arkansas
05077,5-17,1102,05,Lee County,Arkansas
05077,50-64,1531,05,Lee County,Arkansas
05077,65+,1703,05,Lee County,Arkansas
05079,0-4,571,05,Lincoln County,Arkansas
05079,18-49,6355,05,Lincoln County,Arkansas
05079,5-17,1497,05,Lincoln County,Arkansas
05079,50-64,2601,05,Lincoln County,Arkansas
05079,65+,1942,05,Lincoln County,Arkansas
05081,0-4,704,05,Little River County,Arkansas
05081,18-49,4362,05,Little River County,Arkansas
05081,5-17,1957,05,Little River County,Arkansas
05081,50-64,2402,05,Little River County,Arkansas
05081,65+,2534,05,Little River County,Arkansas
05083,0-4,1244,05,Logan County,Arkansas
05083,18-49,7695,05,Logan County,Arkansas
05083,5-17,3299,05,Logan County,Arkansas
05083,50-64,4717,05,Logan County,Arkansas
05083,65+,4285,05,Logan County,Arkansas
05085,0-4,4570,05,Lonoke County,Arkansas
05085,18-49,31453,05,Lonoke County,Arkansas
05085,5-17,14110,05,Lonoke County,Arkansas
05085,50-64,13860,05,Lonoke County,Arkansas
05085,65+,10754,05,Lonoke County,Arkansas
05087,0-4,976,05,Madison County,Arkansas
05087,18-49,6082,05,Madison County,Arkansas
05087,5-17,3006,05,Madison County,Arkansas
05087,50-64,3675,05,Madison County,Arkansas
05087,65+,3293,05,Madison County,Arkansas
05089,0-4,722,05,Marion County,Arkansas
05089,18-49,4966,05,Marion County,Arkansas
05089,5-17,2450,05,Marion County,Arkansas
05089,50-64,3969,05,Marion County,Arkansas
05089,65+,4969,05,Marion County,Arkansas
05091,0-4,2547,05,Miller County,Arkansas
05091,18-49,17101,05,Miller County,Arkansas
05091,5-17,7516,05,Miller County,Arkansas
05091,50-64,8269,05,Miller County,Arkansas
05091,65+,7155,05,Miller County,Arkansas
05093,0-4,2791,05,Mississippi County,Arkansas
05093,18-49,15840,05,Mississippi County,Arkansas
05093,5-17,7602,05,Mississippi County,Arkansas
05093,50-64,7467,05,Mississippi County,Arkansas
05093,65+,6049,05,Mississippi County,Arkansas
05095,0-4,411,05,Monroe County,Arkansas
05095,18-49,2161,05,Monroe County,Arkansas
05095,5-17,1133,05,Monroe County,Arkansas
05095,50-64,1422,05,Monroe County,Arkansas
05095,65+,1554,05,Monroe County,Arkansas
05097,0-4,395,05,Montgomery County,Arkansas
05097,18-49,2657,05,Montgomery County,Arkansas
05097,5-17,1163,05,Montgomery County,Arkansas
05097,50-64,2042,05,Montgomery County,Arkansas
05097,65+,2314,05,Montgomery County,Arkansas
05099,0-4,485,05,Nevada County,Arkansas
05099,18-49,2884,05,Nevada County,Arkansas
05099,5-17,1358,05,Nevada County,Arkansas
05099,50-64,1761,05,Nevada County,Arkansas
05099,65+,1740,05,Nevada County,Arkansas
05101,0-4,314,05,Newton County,Arkansas
05101,18-49,2275,05,Newton County,Arkansas
05101,5-17,1053,05,Newton County,Arkansas
05101,50-64,1593,05,Newton County,Arkansas
05101,65+,1940,05,Newton County,Arkansas
05103,0-4,1220,05,Ouachita County,Arkansas
05103,18-49,7945,05,Ouachita County,Arkansas
05103,5-17,3748,05,Ouachita County,Arkansas
05103,50-64,4687,05,Ouachita County,Arkansas
05103,65+,4717,05,Ouachita County,Arkansas
05105,0-4,492,05,Perry County,Arkansas
05105,18-49,3571,05,Perry County,Arkansas
05105,5-17,1708,05,Perry County,Arkansas
05105,50-64,2235,05,Perry County,Arkansas
05105,65+,2067,05,Perry County,Arkansas
05107,0-4,1097,05,Phillips County,Arkansas
05107,18-49,5353,05,Phillips County,Arkansas
05107,5-17,3160,05,Phillips County,Arkansas
05107,50-64,3096,05,Phillips County,Arkansas
05107,65+,3204,05,Phillips County,Arkansas
05109,0-4,547,05,Pike County,Arkansas
05109,18-49,3798,05,Pike County,Arkansas
05109,5-17,1722,05,Pike County,Arkansas
05109,50-64,2027,05,Pike County,Arkansas
05109,65+,2088,05,Pike County,Arkansas
05111,0-4,1438,05,Poinsett County,Arkansas
05111,18-49,8591,05,Poinsett County,Arkansas
05111,5-17,4046,05,Poinsett County,Arkansas
05111,50-64,4491,05,Poinsett County,Arkansas
05111,65+,4174,05,Poinsett County,Arkansas
05113,0-4,1033,05,Polk County,Arkansas
05113,18-49,6502,05,Polk County,Arkansas
05113,5-17,3328,05,Polk County,Arkansas
05113,50-64,4126,05,Polk County,Arkansas
05113,65+,4359,05,Polk County,Arkansas
05115,0-4,3847,05,Pope County,Arkansas
05115,18-49,27061,05,Pope County,Arkansas
05115,5-17,10950,05,Pope County,Arkansas
05115,50-64,11680,05,Pope County,Arkansas
05115,65+,10292,05,Pope County,Arkansas
05117,0-4,373,05,Prairie County,Arkansas
05117,18-49,2740,05,Prairie County,Arkansas
05117,5-17,1276,05,Prairie County,Arkansas
05117,50-64,1850,05,Prairie County,Arkansas
05117,65+,1923,05,Prairie County,Arkansas
05119,0-4,25296,05,Pulaski County,Arkansas
05119,18-49,168060,05,Pulaski County,Arkansas
05119,5-17,68159,05,Pulaski County,Arkansas
05119,50-64,72602,05,Pulaski County,Arkansas
05119,65+,64832,05,Pulaski County,Arkansas
05121,0-4,1202,05,Randolph County,Arkansas
05121,18-49,6970,05,Randolph County,Arkansas
05121,5-17,3362,05,Randolph County,Arkansas
05121,50-64,3557,05,Randolph County,Arkansas
05121,65+,3642,05,Randolph County,Arkansas
05123,0-4,1390,05,St. Francis County,Arkansas
05123,18-49,9647,05,St. Francis County,Arkansas
05123,5-17,3461,05,St. Francis County,Arkansas
05123,50-64,4231,05,St. Francis County,Arkansas
05123,65+,4011,05,St. Francis County,Arkansas
05125,0-4,7029,05,Saline County,Arkansas
05125,18-49,50180,05,Saline County,Arkansas
05125,5-17,22350,05,Saline County,Arkansas
05125,50-64,23330,05,Saline County,Arkansas
05125,65+,22835,05,Saline County,Arkansas
05127,0-4,505,05,Scott County,Arkansas
05127,18-49,3362,05,Scott County,Arkansas
05127,5-17,1762,05,Scott County,Arkansas
05127,50-64,2128,05,Scott County,Arkansas
05127,65+,2082,05,Scott County,Arkansas
05129,0-4,405,05,Searcy County,Arkansas
05129,18-49,2452,05,Searcy County,Arkansas
05129,5-17,1209,05,Searcy County,Arkansas
05129,50-64,1773,05,Searcy County,Arkansas
05129,65+,2022,05,Searcy County,Arkansas
05131,0-4,8148,05,Sebastian County,Arkansas
05131,18-49,51968,05,Sebastian County,Arkansas
05131,5-17,22562,05,Sebastian County,Arkansas
05131,50-64,24263,05,Sebastian County,Arkansas
05131,65+,21507,05,Sebastian County,Arkansas
05133,0-4,1142,05,Sevier County,Arkansas
05133,18-49,6428,05,Sevier County,Arkansas
05133,5-17,3382,05,Sevier County,Arkansas
05133,50-64,2591,05,Sevier County,Arkansas
05133,65+,2254,05,Sevier County,Arkansas
05135,0-4,929,05,Sharp County,Arkansas
05135,18-49,5681,05,Sharp County,Arkansas
05135,5-17,2707,05,Sharp County,Arkansas
05135,50-64,3800,05,Sharp County,Arkansas
05135,65+,4480,05,Sharp County,Arkansas
05137,0-4,638,05,Stone County,Arkansas
05137,18-49,3892,05,Stone County,Arkansas
05137,5-17,1862,05,Stone County,Arkansas
05137,50-64,2620,05,Stone County,Arkansas
05137,65+,3462,05,Stone County,Arkansas
05139,0-4,2287,05,Union County,Arkansas
05139,18-49,14392,05,Union County,Arkansas
05139,5-17,6911,05,Union County,Arkansas
05139,50-64,7524,05,Union County,Arkansas
05139,65+,7254,05,Union County,Arkansas
05141,0-4,712,05,Van Buren County,Arkansas
05141,18-49,4992,05,Van Buren County,Arkansas
05141,5-17,2335,05,Van Buren County,Arkansas
05141,50-64,3638,05,Van Buren County,Arkansas
05141,65+,4259,05,Van Buren County,Arkansas
05143,0-4,15979,05,Washington County,Arkansas
05143,18-49,122827,05,Washington County,Arkansas
05143,5-17,43920,05,Washington County,Arkansas
05143,50-64,38637,05,Washington County,Arkansas
05143,65+,30500,05,Washington County,Arkansas
05145,0-4,4398,05,White County,Arkansas
05145,18-49,31609,05,White County,Arkansas
05145,5-17,13662,05,White County,Arkansas
05145,50-64,14909,05,White County,Arkansas
05145,65+,12817,05,White County,Arkansas
05147,0-4,367,05,Woodruff County,Arkansas
05147,18-49,2087,05,Woodruff County,Arkansas
05147,5-17,964,05,Woodruff County,Arkansas
05147,50-64,1238,05,Woodruff County,Arkansas
05147,65+,1501,05,Woodruff County,Arkansas
05149,0-4,1250,05,Yell County,Arkansas
05149,18-49,7478,05,Yell County,Arkansas
05149,5-17,3623,05,Yell County,Arkansas
05149,50-64,4299,05,Yell County,Arkansas
05149,65+,3545,05,Yell County,Arkansas
06001,0-4,88228,06,Alameda County,California
06001,18-49,764042,06,Alameda County,California
06001,5-17,242807,06,Alameda County,California
06001,50-64,310031,06,Alameda County,California
06001,65+,246841,06,Alameda County,California
06003,0-4,161,06,Alpine County,California
06003,18-49,600,06,Alpine County,California
06003,5-17,222,06,Alpine County,California
06003,50-64,343,06,Alpine County,California
06003,65+,369,06,Alpine County,California
06005,0-4,1587,06,Amador County,California
06005,18-49,14218,06,Amador County,California
06005,5-17,4769,06,Amador County,California
06005,50-64,9292,06,Amador County,California
06005,65+,11163,06,Amador County,California
06007,0-4,11053,06,Butte County,California
06007,18-49,93031,06,Butte County,California
06007,5-17,31882,06,Butte County,California
06007,50-64,35450,06,Butte County,California
06007,65+,38054,06,Butte County,California
06009,0-4,1850,06,Calaveras County,California
06009,18-49,13941,06,Calaveras County,California
06009,5-17,5918,06,Calaveras County,California
06009,50-64,11066,06,Calaveras County,California
06009,65+,13220,06,Calaveras County,California
06011,0-4,1458,06,Colusa County,California
06011,18-49,8725,06,Colusa County,California
06011,5-17,4529,06,Colusa County,California
06011,50-64,3828,06,Colusa County,California
06011,65+,3355,06,Colusa County,California
06013,0-4,62580,06,Contra Costa County,California
06013,18-49,476518,06,Contra Costa County,California
06013,5-17,195512,06,Contra Costa County,California
06013,50-64,233032,06,Contra Costa County,California
06013,65+,193816,06,Contra Costa County,California
06015,0-4,1400,06,Del Norte County,California
06015,18-49,10668,06,Del Norte County,California
06015,5-17,4328,06,Del Norte County,California
06015,50-64,5505,06,Del Norte County,California
06015,65+,5392,06,Del Norte County,California
06017,0-4,8711,06,El Dorado County,California
06017,18-49,67125,06,El Dorado County,California
06017,5-17,29206,06,El Dorado County,California
06017,50-64,43449,06,El Dorado County,California
06017,65+,43808,06,El Dorado County,California
06019,0-4,72049,06,Fresno County,California
06019,18-49,439938,06,Fresno County,California
06019,5-17,211774,06,Fresno County,California
06019,50-64,159640,06,Fresno County,California
06019,65+,128751,06,Fresno County,California
06021,0-4,1851,06,Glenn County,California
06021,18-49,11283,06,Glenn County,California
06021,5-17,5650,06,Glenn County,California
06021,50-64,5017,06,Glenn County,California
06021,65+,4822,06,Glenn County,California
06023,0-4,6455,06,Humboldt County,California
06023,18-49,59897,06,Humboldt County,California
06023,5-17,19230,06,Humboldt County,California
06023,50-64,23754,06,Humboldt County,California
06023,65+,26082,06,Humboldt County,California
06025,0-4,12999,06,Imperial County,California
06025,18-49,75714,06,Imperial County,California
06025,5-17,38117,06,Imperial County,California
06025,50-64,28370,06,Imperial County,California
06025,65+,24119,06,Imperial County,California
06027,0-4,933,06,Inyo County,California
06027,18-49,6551,06,Inyo County,California
06027,5-17,2886,06,Inyo County,California
06027,50-64,3839,06,Inyo County,California
06027,65+,4594,06,Inyo County,California
06029,0-4,65691,06,Kern County,California
06029,18-49,398742,06,Kern County,California
06029,5-17,196859,06,Kern County,California
06029,50-64,143488,06,Kern County,California
06029,65+,105653,06,Kern County,California
06031,0-4,11068,06,Kings County,California
06031,18-49,72816,06,Kings County,California
06031,5-17,30306,06,Kings County,California
06031,50-64,22419,06,Kings County,California
06031,65+,16221,06,Kings County,California
06033,0-4,3740,06,Lake County,California
06033,18-49,23253,06,Lake County,California
06033,5-17,11088,06,Lake County,California
06033,50-64,13953,06,Lake County,California
06033,65+,16105,06,Lake County,California
06035,0-4,1474,06,Lassen County,California
06035,18-49,15094,06,Lassen County,California
06035,5-17,4106,06,Lassen County,California
06035,50-64,5526,06,Lassen County,California
06035,65+,4977,06,Lassen County,California
06037,0-4,518797,06,Los Angeles County,California
06037,18-49,4468875,06,Los Angeles County,California
06037,5-17,1538739,06,Los Angeles County,California
06037,50-64,1873424,06,Los Angeles County,California
06037,65+,1448571,06,Los Angeles County,California
06039,0-4,10763,06,Madera County,California
06039,18-49,66984,06,Madera County,California
06039,5-17,32684,06,Madera County,California
06039,50-64,25557,06,Madera County,California
06039,65+,22802,06,Madera County,California
06041,0-4,11472,06,Marin County,California
06041,18-49,88577,06,Marin County,California
06041,5-17,39540,06,Marin County,California
06041,50-64,58984,06,Marin County,California
06041,65+,60192,06,Marin County,California
06043,0-4,570,06,Mariposa County,California
06043,18-49,5382,06,Mariposa County,California
06043,5-17,2304,06,Mariposa County,California
06043,50-64,3795,06,Mariposa County,California
06043,65+,5009,06,Mariposa County,California
06045,0-4,4887,06,Mendocino County,California
06045,18-49,32296,06,Mendocino County,California
06045,5-17,14255,06,Mendocino County,California
06045,50-64,17442,06,Mendocino County,California
06045,65+,21829,06,Mendocino County,California
06047,0-4,20595,06,Merced County,California
06047,18-49,125219,06,Merced County,California
06047,5-17,62647,06,Merced County,California
06047,50-64,44068,06,Merced County,California
06047,65+,33068,06,Merced County,California
06049,0-4,409,06,Modoc County,California
06049,18-49,2721,06,Modoc County,California
06049,5-17,1252,06,Modoc County,California
06049,50-64,1584,06,Modoc County,California
06049,65+,2680,06,Modoc County,California
06051,0-4,684,06,Mono County,California
06051,18-49,5739,06,Mono County,California
06051,5-17,1735,06,Mono County,California
06051,50-64,2847,06,Mono County,California
06051,65+,2164,06,Mono County,California
06053,0-4,28880,06,Monterey County,California
06053,18-49,186349,06,Monterey County,California
06053,5-17,84321,06,Monterey County,California
06053,50-64,73052,06,Monterey County,California
06053,65+,63232,06,Monterey County,California
06055,0-4,6221,06,Napa County,California
06055,18-49,53790,06,Napa County,California
06055,5-17,20802,06,Napa County,California
06055,50-64,27240,06,Napa County,California
06055,65+,28017,06,Napa County,California
06057,0-4,4121,06,Nevada County,California
06057,18-49,33412,06,Nevada County,California
06057,5-17,13393,06,Nevada County,California
06057,50-64,21935,06,Nevada County,California
06057,65+,29591,06,Nevada County,California
06059,0-4,170215,06,Orange County,California
06059,18-49,1355552,06,Orange County,California
06059,5-17,504618,06,Orange County,California
06059,50-64,634681,06,Orange County,California
06059,65+,498997,06,Orange County,California
06061,0-4,20738,06,Placer County,California
06061,18-49,157306,06,Placer County,California
06061,5-17,69872,06,Placer County,California
06061,50-64,81283,06,Placer County,California
06061,65+,83236,06,Placer County,California
06063,0-4,836,06,Plumas County,California
06063,18-49,5824,06,Plumas County,California
06063,5-17,2594,06,Plumas County,California
06063,50-64,4505,06,Plumas County,California
06063,65+,5848,06,Plumas County,California
06065,0-4,145266,06,Riverside County,California
06065,18-49,1043748,06,Riverside County,California
06065,5-17,453405,06,Riverside County,California
06065,50-64,436444,06,Riverside County,California
06065,65+,371046,06,Riverside County,California
06067,0-4,95165,06,Sacramento County,California
06067,18-49,694837,06,Sacramento County,California
06067,5-17,270502,06,Sacramento County,California
06067,50-64,287076,06,Sacramento County,California
06067,65+,236467,06,Sacramento County,California
06069,0-4,4229,06,San Benito County,California
06069,18-49,28332,06,San Benito County,California
06069,5-17,12591,06,San Benito County,California
06069,50-64,12004,06,San Benito County,California
06069,65+,8900,06,San Benito County,California
06071,0-4,142401,06,San Bernardino County,California
06071,18-49,976793,06,San Bernardino County,California
06071,5-17,421578,06,San Bernardino County,California
06071,50-64,378043,06,San Bernardino County,California
06071,65+,269001,06,San Bernardino County,California
06073,0-4,187443,06,San Diego County,California
06073,18-49,1507944,06,San Diego County,California
06073,5-17,506726,06,San Diego County,California
06073,50-64,586832,06,San Diego County,California
06073,65+,493837,06,San Diego County,California
06075,0-4,35279,06,San Francisco County,California
06075,18-49,422024,06,San Francisco County,California
06075,5-17,79449,06,San Francisco County,California
06075,50-64,155964,06,San Francisco County,California
06075,65+,143605,06,San Francisco County,California
06077,0-4,52015,06,San Joaquin County,California
06077,18-49,338856,06,San Joaquin County,California
06077,5-17,156915,06,San Joaquin County,California
06077,50-64,135149,06,San Joaquin County,California
06077,65+,104481,06,San Joaquin County,California
06079,0-4,12377,06,San Luis Obispo County,California
06079,18-49,120190,06,San Luis Obispo County,California
06079,5-17,37187,06,San Luis Obispo County,California
06079,50-64,51024,06,San Luis Obispo County,California
06079,65+,60708,06,San Luis Obispo County,California
06081,0-4,38822,06,San Mateo County,California
06081,18-49,319997,06,San Mateo County,California
06081,5-17,109242,06,San Mateo County,California
06081,50-64,148146,06,San Mateo County,California
06081,65+,128893,06,San Mateo County,California
06083,0-4,26949,06,Santa Barbara County,California
06083,18-49,199563,06,Santa Barbara County,California
06083,5-17,72659,06,Santa Barbara County,California
06083,50-64,72822,06,Santa Barbara County,California
06083,65+,71982,06,Santa Barbara County,California
06085,0-4,101451,06,Santa Clara County,California
06085,18-49,872820,06,Santa Clara County,California
06085,5-17,297302,06,Santa Clara County,California
06085,50-64,357803,06,Santa Clara County,California
06085,65+,273921,06,Santa Clara County,California
06087,0-4,12077,06,Santa Cruz County,California
06087,18-49,116063,06,Santa Cruz County,California
06087,5-17,37825,06,Santa Cruz County,California
06087,50-64,51272,06,Santa Cruz County,California
06087,65+,48784,06,Santa Cruz County,California
06089,0-4,9945,06,Shasta County,California
06089,18-49,67886,06,Shasta County,California
06089,5-17,29459,06,Shasta County,California
06089,50-64,35684,06,Shasta County,California
06089,65+,38580,06,Shasta County,California
06091,0-4,0,06,Sierra County,California
06091,18-49,847,06,Sierra County,California
06091,5-17,349,06,Sierra County,California
06091,50-64,593,06,Sierra County,California
06091,65+,942,06,Sierra County,California
06093,0-4,2094,06,Siskiyou County,California
06093,18-49,14176,06,Siskiyou County,California
06093,5-17,6733,06,Siskiyou County,California
06093,50-64,8928,06,Siskiyou County,California
06093,65+,11903,06,Siskiyou County,California
06095,0-4,25947,06,Solano County,California
06095,18-49,188600,06,Solano County,California
06095,5-17,73477,06,Solano County,California
06095,50-64,86513,06,Solano County,California
06095,65+,76287,06,Solano County,California
06097,0-4,22837,06,Sonoma County,California
06097,18-49,191203,06,Sonoma County,California
06097,5-17,71101,06,Sonoma County,California
06097,50-64,98696,06,Sonoma County,California
06097,65+,101805,06,Sonoma County,California
06099,0-4,37447,06,Stanislaus County,California
06099,18-49,235480,06,Stanislaus County,California
06099,5-17,110868,06,Stanislaus County,California
06099,50-64,93550,06,Stanislaus County,California
06099,65+,74905,06,Stanislaus County,California
06101,0-4,6217,06,Sutter County,California
06101,18-49,40220,06,Sutter County,California
06101,5-17,18951,06,Sutter County,California
06101,50-64,17656,06,Sutter County,California
06101,65+,15927,06,Sutter County,California
06103,0-4,3836,06,Tehama County,California
06103,18-49,23932,06,Tehama County,California
06103,5-17,11947,06,Tehama County,California
06103,50-64,12730,06,Tehama County,California
06103,65+,13075,06,Tehama County,California
06105,0-4,680,06,Trinity County,California
06105,18-49,4221,06,Trinity County,California
06105,5-17,2232,06,Trinity County,California
06105,50-64,4091,06,Trinity County,California
06105,65+,4662,06,Trinity County,California
06107,0-4,35008,06,Tulare County,California
06107,18-49,203633,06,Tulare County,California
06107,5-17,108107,06,Tulare County,California
06107,50-64,73147,06,Tulare County,California
06107,65+,55879,06,Tulare County,California
06109,0-4,2414,06,Tuolumne County,California
06109,18-49,18966,06,Tuolumne County,California
06109,5-17,7014,06,Tuolumne County,California
06109,50-64,11280,06,Tuolumne County,California
06109,65+,15199,06,Tuolumne County,California
06111,0-4,44886,06,Ventura County,California
06111,18-49,344232,06,Ventura County,California
06111,5-17,140909,06,Ventura County,California
06111,50-64,166917,06,Ventura County,California
06111,65+,141315,06,Ventura County,California
06113,0-4,10781,06,Yolo County,California
06113,18-49,110396,06,Yolo County,California
06113,5-17,33857,06,Yolo County,California
06113,50-64,33833,06,Yolo County,California
06113,65+,28915,06,Yolo County,California
06115,0-4,6099,06,Yuba County,California
06115,18-49,36209,06,Yuba County,California
06115,5-17,16541,06,Yuba County,California
06115,50-64,13341,06,Yuba County,California
06115,65+,10889,06,Yuba County,California
08001,0-4,33921,08,Adams County,Colorado
08001,18-49,246401,08,Adams County,Colorado
08001,5-17,99079,08,Adams County,Colorado
08001,50-64,87166,08,Adams County,Colorado
08001,65+,57841,08,Adams County,Colorado
08003,0-4,955,08,Alamosa County,Colorado
08003,18-49,7788,08,Alamosa County,Colorado
08003,5-17,2947,08,Alamosa County,Colorado
08003,50-64,2389,08,Alamosa County,Colorado
08003,65+,2436,08,Alamosa County,Colorado
08005,0-4,38128,08,Arapahoe County,Colorado
08005,18-49,295894,08,Arapahoe County,Colorado
08005,5-17,111923,08,Arapahoe County,Colorado
08005,50-64,117693,08,Arapahoe County,Colorado
08005,65+,92071,08,Arapahoe County,Colorado
08007,0-4,520,08,Archuleta County,Colorado
08007,18-49,4242,08,Archuleta County,Colorado
08007,5-17,1846,08,Archuleta County,Colorado
08007,50-64,3321,08,Archuleta County,Colorado
08007,65+,3801,08,Archuleta County,Colorado
08009,0-4,179,08,Baca County,Colorado
08009,18-49,1171,08,Baca County,Colorado
08009,5-17,593,08,Baca County,Colorado
08009,50-64,651,08,Baca County,Colorado
08009,65+,866,08,Baca County,Colorado
08011,0-4,220,08,Bent County,Colorado
08011,18-49,2502,08,Bent County,Colorado
08011,5-17,674,08,Bent County,Colorado
08011,50-64,1089,08,Bent County,Colorado
08011,65+,1039,08,Bent County,Colorado
08013,0-4,13135,08,Boulder County,Colorado
08013,18-49,156574,08,Boulder County,Colorado
08013,5-17,45997,08,Boulder County,Colorado
08013,50-64,60744,08,Boulder County,Colorado
08013,65+,51867,08,Boulder County,Colorado
08014,0-4,3468,08,Broomfield County,Colorado
08014,18-49,34135,08,Broomfield County,Colorado
08014,5-17,12377,08,Broomfield County,Colorado
08014,50-64,13773,08,Broomfield County,Colorado
08014,65+,11357,08,Broomfield County,Colorado
08015,0-4,783,08,Chaffee County,Colorado
08015,18-49,7548,08,Chaffee County,Colorado
08015,5-17,2112,08,Chaffee County,Colorado
08015,50-64,4304,08,Chaffee County,Colorado
08015,65+,5129,08,Chaffee County,Colorado
08017,0-4,70,08,Cheyenne County,Colorado
08017,18-49,590,08,Cheyenne County,Colorado
08017,5-17,325,08,Cheyenne County,Colorado
08017,50-64,403,08,Cheyenne County,Colorado
08017,65+,344,08,Cheyenne County,Colorado
08019,0-4,263,08,Clear Creek County,Colorado
08019,18-49,3498,08,Clear Creek County,Colorado
08019,5-17,1064,08,Clear Creek County,Colorado
08019,50-64,2462,08,Clear Creek County,Colorado
08019,65+,2071,08,Clear Creek County,Colorado
08021,0-4,457,08,Conejos County,Colorado
08021,18-49,2685,08,Conejos County,Colorado
08021,5-17,1457,08,Conejos County,Colorado
08021,50-64,1399,08,Conejos County,Colorado
08021,65+,1538,08,Conejos County,Colorado
08023,0-4,170,08,Costilla County,Colorado
08023,18-49,1103,08,Costilla County,Colorado
08023,5-17,500,08,Costilla County,Colorado
08023,50-64,817,08,Costilla County,Colorado
08023,65+,981,08,Costilla County,Colorado
08025,0-4,141,08,Crowley County,Colorado
08025,18-49,3171,08,Crowley County,Colorado
08025,5-17,633,08,Crowley County,Colorado
08025,50-64,984,08,Crowley County,Colorado
08025,65+,805,08,Crowley County,Colorado
08027,0-4,91,08,Custer County,Colorado
08027,18-49,1295,08,Custer County,Colorado
08027,5-17,640,08,Custer County,Colorado
08027,50-64,1506,08,Custer County,Colorado
08027,65+,1541,08,Custer County,Colorado
08029,0-4,1397,08,Delta County,Colorado
08029,18-49,10152,08,Delta County,Colorado
08029,5-17,4654,08,Delta County,Colorado
08029,50-64,6449,08,Delta County,Colorado
08029,65+,8701,08,Delta County,Colorado
08031,0-4,38964,08,Denver County,Colorado
08031,18-49,387765,08,Denver County,Colorado
08031,5-17,91856,08,Denver County,Colorado
08031,50-64,107489,08,Denver County,Colorado
08031,65+,87660,08,Denver County,Colorado
08033,0-4,125,08,Dolores County,Colorado
08033,18-49,736,08,Dolores County,Colorado
08033,5-17,210,08,Dolores County,Colorado
08033,50-64,426,08,Dolores County,Colorado
08033,65+,888,08,Dolores County,Colorado
08035,0-4,19980,08,Douglas County,Colorado
08035,18-49,155100,08,Douglas County,Colorado
08035,5-17,68480,08,Douglas County,Colorado
08035,50-64,75399,08,Douglas County,Colorado
08035,65+,49324,08,Douglas County,Colorado
08037,0-4,2672,08,Eagle County,Colorado
08037,18-49,24902,08,Eagle County,Colorado
08037,5-17,8848,08,Eagle County,Colorado
08037,50-64,11040,08,Eagle County,Colorado
08037,65+,7912,08,Eagle County,Colorado
08039,0-4,1278,08,Elbert County,Colorado
08039,18-49,9691,08,Elbert County,Colorado
08039,5-17,4450,08,Elbert County,Colorado
08039,50-64,6813,08,Elbert County,Colorado
08039,65+,4920,08,Elbert County,Colorado
08041,0-4,45945,08,El Paso County,Colorado
08041,18-49,337375,08,El Paso County,Colorado
08041,5-17,126475,08,El Paso County,Colorado
08041,50-64,125571,08,El Paso County,Colorado
08041,65+,100642,08,El Paso County,Colorado
08043,0-4,1865,08,Fremont County,Colorado
08043,18-49,19898,08,Fremont County,Colorado
08043,5-17,6052,08,Fremont County,Colorado
08043,50-64,10505,08,Fremont County,Colorado
08043,65+,11074,08,Fremont County,Colorado
08045,0-4,4075,08,Garfield County,Colorado
08045,18-49,26227,08,Garfield County,Colorado
08045,5-17,11389,08,Garfield County,Colorado
08045,50-64,11516,08,Garfield County,Colorado
08045,65+,8827,08,Garfield County,Colorado
08047,0-4,273,08,Gilpin County,Colorado
08047,18-49,2262,08,Gilpin County,Colorado
08047,5-17,651,08,Gilpin County,Colorado
08047,50-64,1511,08,Gilpin County,Colorado
08047,65+,1180,08,Gilpin County,Colorado
08049,0-4,647,08,Grand County,Colorado
08049,18-49,6259,08,Grand County,Colorado
08049,5-17,1893,08,Grand County,Colorado
08049,50-64,3840,08,Grand County,Colorado
08049,65+,3155,08,Grand County,Colorado
08051,0-4,503,08,Gunnison County,Colorado
08051,18-49,8888,08,Gunnison County,Colorado
08051,5-17,2189,08,Gunnison County,Colorado
08051,50-64,3089,08,Gunnison County,Colorado
08051,65+,2489,08,Gunnison County,Colorado
08053,0-4,15,08,Hinsdale County,Colorado
08053,18-49,300,08,Hinsdale County,Colorado
08053,5-17,113,08,Hinsdale County,Colorado
08053,50-64,188,08,Hinsdale County,Colorado
08053,65+,323,08,Hinsdale County,Colorado
08055,0-4,358,08,Huerfano County,Colorado
08055,18-49,1902,08,Huerfano County,Colorado
08055,5-17,754,08,Huerfano County,Colorado
08055,50-64,1572,08,Huerfano County,Colorado
08055,65+,2360,08,Huerfano County,Colorado
08057,0-4,33,08,Jackson County,Colorado
08057,18-49,394,08,Jackson County,Colorado
08057,5-17,238,08,Jackson County,Colorado
08057,50-64,292,08,Jackson County,Colorado
08057,65+,465,08,Jackson County,Colorado
08059,0-4,27601,08,Jefferson County,Colorado
08059,18-49,253875,08,Jefferson County,Colorado
08059,5-17,81689,08,Jefferson County,Colorado
08059,50-64,115468,08,Jefferson County,Colorado
08059,65+,101082,08,Jefferson County,Colorado
08061,0-4,50,08,Kiowa County,Colorado
08061,18-49,424,08,Kiowa County,Colorado
08061,5-17,251,08,Kiowa County,Colorado
08061,50-64,337,08,Kiowa County,Colorado
08061,65+,294,08,Kiowa County,Colorado
08063,0-4,448,08,Kit Carson County,Colorado
08063,18-49,2566,08,Kit Carson County,Colorado
08063,5-17,1368,08,Kit Carson County,Colorado
08063,50-64,1239,08,Kit Carson County,Colorado
08063,65+,1394,08,Kit Carson County,Colorado
08065,0-4,357,08,Lake County,Colorado
08065,18-49,3968,08,Lake County,Colorado
08065,5-17,1074,08,Lake County,Colorado
08065,50-64,1037,08,Lake County,Colorado
08065,65+,975,08,Lake County,Colorado
08067,0-4,2358,08,La Plata County,Colorado
08067,18-49,23326,08,La Plata County,Colorado
08067,5-17,7696,08,La Plata County,Colorado
08067,50-64,11516,08,La Plata County,Colorado
08067,65+,11192,08,La Plata County,Colorado
08069,0-4,16179,08,Larimer County,Colorado
08069,18-49,172372,08,Larimer County,Colorado
08069,5-17,51817,08,Larimer County,Colorado
08069,50-64,61929,08,Larimer County,Colorado
08069,65+,61264,08,Larimer County,Colorado
08071,0-4,655,08,Las Animas County,Colorado
08071,18-49,5228,08,Las Animas County,Colorado
08071,5-17,1973,08,Las Animas County,Colorado
08071,50-64,2853,08,Las Animas County,Colorado
08071,65+,3683,08,Las Animas County,Colorado
08073,0-4,247,08,Lincoln County,Colorado
08073,18-49,2544,08,Lincoln County,Colorado
08073,5-17,735,08,Lincoln County,Colorado
08073,50-64,1046,08,Lincoln County,Colorado
08073,65+,989,08,Lincoln County,Colorado
08075,0-4,1015,08,Logan County,Colorado
08075,18-49,9404,08,Logan County,Colorado
08075,5-17,2834,08,Logan County,Colorado
08075,50-64,3888,08,Logan County,Colorado
08075,65+,3926,08,Logan County,Colorado
08077,0-4,8170,08,Mesa County,Colorado
08077,18-49,62694,08,Mesa County,Colorado
08077,5-17,24637,08,Mesa County,Colorado
08077,50-64,29668,08,Mesa County,Colorado
08077,65+,32147,08,Mesa County,Colorado
08079,0-4,28,08,Mineral County,Colorado
08079,18-49,255,08,Mineral County,Colorado
08079,5-17,72,08,Mineral County,Colorado
08079,50-64,207,08,Mineral County,Colorado
08079,65+,237,08,Mineral County,Colorado
08081,0-4,766,08,Moffat County,Colorado
08081,18-49,5174,08,Moffat County,Colorado
08081,5-17,2576,08,Moffat County,Colorado
08081,50-64,2601,08,Moffat County,Colorado
08081,65+,2141,08,Moffat County,Colorado
08083,0-4,1333,08,Montezuma County,Colorado
08083,18-49,9201,08,Montezuma County,Colorado
08083,5-17,4156,08,Montezuma County,Colorado
08083,50-64,5252,08,Montezuma County,Colorado
08083,65+,6262,08,Montezuma County,Colorado
08085,0-4,2049,08,Montrose County,Colorado
08085,18-49,14921,08,Montrose County,Colorado
08085,5-17,6815,08,Montrose County,Colorado
08085,50-64,8519,08,Montrose County,Colorado
08085,65+,10968,08,Montrose County,Colorado
08087,0-4,2006,08,Morgan County,Colorado
08087,18-49,11570,08,Morgan County,Colorado
08087,5-17,5632,08,Morgan County,Colorado
08087,50-64,5369,08,Morgan County,Colorado
08087,65+,4609,08,Morgan County,Colorado
08089,0-4,1063,08,Otero County,Colorado
08089,18-49,6831,08,Otero County,Colorado
08089,5-17,3252,08,Otero County,Colorado
08089,50-64,3438,08,Otero County,Colorado
08089,65+,3876,08,Otero County,Colorado
08091,0-4,114,08,Ouray County,Colorado
08091,18-49,1451,08,Ouray County,Colorado
08091,5-17,519,08,Ouray County,Colorado
08091,50-64,1158,08,Ouray County,Colorado
08091,65+,1782,08,Ouray County,Colorado
08093,0-4,558,08,Park County,Colorado
08093,18-49,5925,08,Park County,Colorado
08093,5-17,2047,08,Park County,Colorado
08093,50-64,5162,08,Park County,Colorado
08093,65+,4047,08,Park County,Colorado
08095,0-4,351,08,Phillips County,Colorado
08095,18-49,1609,08,Phillips County,Colorado
08095,5-17,817,08,Phillips County,Colorado
08095,50-64,906,08,Phillips County,Colorado
08095,65+,808,08,Phillips County,Colorado
08097,0-4,635,08,Pitkin County,Colorado
08097,18-49,6842,08,Pitkin County,Colorado
08097,5-17,1925,08,Pitkin County,Colorado
08097,50-64,4013,08,Pitkin County,Colorado
08097,65+,3704,08,Pitkin County,Colorado
08099,0-4,779,08,Prowers County,Colorado
08099,18-49,4544,08,Prowers County,Colorado
08099,5-17,2291,08,Prowers County,Colorado
08099,50-64,2094,08,Prowers County,Colorado
08099,65+,2223,08,Prowers County,Colorado
08101,0-4,9109,08,Pueblo County,Colorado
08101,18-49,66976,08,Pueblo County,Colorado
08101,5-17,28036,08,Pueblo County,Colorado
08101,50-64,31867,08,Pueblo County,Colorado
08101,65+,32738,08,Pueblo County,Colorado
08103,0-4,417,08,Rio Blanco County,Colorado
08103,18-49,2606,08,Rio Blanco County,Colorado
08103,5-17,1177,08,Rio Blanco County,Colorado
08103,50-64,1219,08,Rio Blanco County,Colorado
08103,65+,1099,08,Rio Blanco County,Colorado
08105,0-4,579,08,Rio Grande County,Colorado
08105,18-49,4317,08,Rio Grande County,Colorado
08105,5-17,1744,08,Rio Grande County,Colorado
08105,50-64,2238,08,Rio Grande County,Colorado
08105,65+,2516,08,Rio Grande County,Colorado
08107,0-4,1023,08,Routt County,Colorado
08107,18-49,10705,08,Routt County,Colorado
08107,5-17,3357,08,Routt County,Colorado
08107,50-64,5517,08,Routt County,Colorado
08107,65+,4388,08,Routt County,Colorado
08109,0-4,383,08,Saguache County,Colorado
08109,18-49,2075,08,Saguache County,Colorado
08109,5-17,824,08,Saguache County,Colorado
08109,50-64,1503,08,Saguache County,Colorado
08109,65+,1726,08,Saguache County,Colorado
08111,0-4,19,08,San Juan County,Colorado
08111,18-49,324,08,San Juan County,Colorado
08111,5-17,59,08,San Juan County,Colorado
08111,50-64,145,08,San Juan County,Colorado
08111,65+,143,08,San Juan County,Colorado
08113,0-4,244,08,San Miguel County,Colorado
08113,18-49,3510,08,San Miguel County,Colorado
08113,5-17,1040,08,San Miguel County,Colorado
08113,50-64,1841,08,San Miguel County,Colorado
08113,65+,1391,08,San Miguel County,Colorado
08115,0-4,188,08,Sedgwick County,Colorado
08115,18-49,770,08,Sedgwick County,Colorado
08115,5-17,325,08,Sedgwick County,Colorado
08115,50-64,489,08,Sedgwick County,Colorado
08115,65+,574,08,Sedgwick County,Colorado
08117,0-4,1102,08,Summit County,Colorado
08117,18-49,14973,08,Summit County,Colorado
08117,5-17,3962,08,Summit County,Colorado
08117,50-64,6081,08,Summit County,Colorado
08117,65+,4739,08,Summit County,Colorado
08119,0-4,803,08,Teller County,Colorado
08119,18-49,7964,08,Teller County,Colorado
08119,5-17,3167,08,Teller County,Colorado
08119,50-64,6851,08,Teller County,Colorado
08119,65+,5989,08,Teller County,Colorado
08121,0-4,238,08,Washington County,Colorado
08121,18-49,1766,08,Washington County,Colorado
08121,5-17,840,08,Washington County,Colorado
08121,50-64,935,08,Washington County,Colorado
08121,65+,1060,08,Washington County,Colorado
08123,0-4,23272,08,Weld County,Colorado
08123,18-49,152576,08,Weld County,Colorado
08123,5-17,64263,08,Weld County,Colorado
08123,50-64,57371,08,Weld County,Colorado
08123,65+,43229,08,Weld County,Colorado
08125,0-4,700,08,Yuma County,Colorado
08125,18-49,3703,08,Yuma County,Colorado
08125,5-17,2023,08,Yuma County,Colorado
08125,50-64,1740,08,Yuma County,Colorado
08125,65+,1755,08,Yuma County,Colorado
09110,0-4,49427,09,Capitol Planning Region,Connecticut
09110,18-49,402395,09,Capitol Planning Region,Connecticut
09110,5-17,148495,09,Capitol Planning Region,Connecticut
09110,50-64,197205,09,Capitol Planning Region,Connecticut
09110,65+,171507,09,Capitol Planning Region,Connecticut
09120,0-4,17622,09,Greater Bridgeport Planning Region,Connecticut
09120,18-49,133597,09,Greater Bridgeport Planning Region,Connecticut
09120,5-17,55030,09,Greater Bridgeport Planning Region,Connecticut
09120,50-64,68580,09,Greater Bridgeport Planning Region,Connecticut
09120,65+,51467,09,Greater Bridgeport Planning Region,Connecticut
09130,0-4,7154,09,Lower Connecticut River Valley Planning Region,Connecticut
09130,18-49,66335,09,Lower Connecticut River Valley Planning Region,Connecticut
09130,5-17,22592,09,Lower Connecticut River Valley Planning Region,Connecticut
09130,50-64,41094,09,Lower Connecticut River Valley Planning Region,Connecticut
09130,65+,37808,09,Lower Connecticut River Valley Planning Region,Connecticut
09140,0-4,22997,09,Naugatuck Valley Planning Region,Connecticut
09140,18-49,179005,09,Naugatuck Valley Planning Region,Connecticut
09140,5-17,69293,09,Naugatuck Valley Planning Region,Connecticut
09140,50-64,96352,09,Naugatuck Valley Planning Region,Connecticut
09140,65+,84656,09,Naugatuck Valley Planning Region,Connecticut
09150,0-4,4399,09,Northeastern Connecticut Planning Region,Connecticut
09150,18-49,37220,09,Northeastern Connecticut Planning Region,Connecticut
09150,5-17,13437,09,Northeastern Connecticut Planning Region,Connecticut
09150,50-64,22521,09,Northeastern Connecticut Planning Region,Connecticut
09150,65+,18252,09,Northeastern Connecticut Planning Region,Connecticut
09160,0-4,4786,09,Northwest Hills Planning Region,Connecticut
09160,18-49,40286,09,Northwest Hills Planning Region,Connecticut
09160,5-17,15614,09,Northwest Hills Planning Region,Connecticut
09160,50-64,27061,09,Northwest Hills Planning Region,Connecticut
09160,65+,25101,09,Northwest Hills Planning Region,Connecticut
09170,0-4,28367,09,South Central Connecticut Planning Region,Connecticut
09170,18-49,234855,09,South Central Connecticut Planning Region,Connecticut
09170,5-17,83793,09,South Central Connecticut Planning Region,Connecticut
09170,50-64,116664,09,South Central Connecticut Planning Region,Connecticut
09170,65+,103124,09,South Central Connecticut Planning Region,Connecticut
09180,0-4,13480,09,Southeastern Connecticut Planning Region,Connecticut
09180,18-49,112357,09,Southeastern Connecticut Planning Region,Connecticut
09180,5-17,41141,09,Southeastern Connecticut Planning Region,Connecticut
09180,50-64,58904,09,Southeastern Connecticut Planning Region,Connecticut
09180,65+,53143,09,Southeastern Connecticut Planning Region,Connecticut
09190,0-4,33008,09,Western Connecticut Planning Region,Connecticut
09190,18-49,243311,09,Western Connecticut Planning Region,Connecticut
09190,5-17,103363,09,Western Connecticut Planning Region,Connecticut
09190,50-64,135836,09,Western Connecticut Planning Region,Connecticut
09190,65+,105714,09,Western Connecticut Planning Region,Connecticut
10001,0-4,10969,10,Kent County,Delaware
10001,18-49,75024,10,Kent County,Delaware
10001,5-17,31405,10,Kent County,Delaware
10001,50-64,34601,10,Kent County,Delaware
10001,65+,33044,10,Kent County,Delaware
10003,0-4,31591,10,New Castle County,Delaware
10003,18-49,240308,10,New Castle County,Delaware
10003,5-17,90962,10,New Castle County,Delaware
10003,50-64,115008,10,New Castle County,Delaware
10003,65+,95161,10,New Castle County,Delaware
10005,0-4,11985,10,Sussex County,Delaware
10005,18-49,74600,10,Sussex County,Delaware
10005,5-17,33484,10,Sussex County,Delaware
10005,50-64,54680,10,Sussex County,Delaware
10005,65+,73050,10,Sussex County,Delaware
11001,0-4,40916,11,District of Columbia,District of Columbia
11001,18-49,359824,11,District of Columbia,District of Columbia
11001,5-17,84759,11,District of Columbia,District of Columbia
11001,50-64,101079,11,District of Columbia,District of Columbia
11001,65+,85501,11,District of Columbia,District of Columbia
12001,0-4,13539,12,Alachua County,Florida
12001,18-49,147184,12,Alachua County,Florida
12001,5-17,36800,12,Alachua County,Florida
12001,50-64,42114,12,Alachua County,Florida
12001,65+,42114,12,Alachua County,Florida
12003,0-4,1811,12,Baker County,Florida
12003,18-49,11858,12,Baker County,Florida
12003,5-17,5003,12,Baker County,Florida
12003,50-64,5261,12,Baker County,Florida
12003,65+,4253,12,Baker County,Florida
12005,0-4,10115,12,Bay County,Florida
12005,18-49,71510,12,Bay County,Florida
12005,5-17,28034,12,Bay County,Florida
12005,50-64,38644,12,Bay County,Florida
12005,65+,33065,12,Bay County,Florida
12007,0-4,1410,12,Bradford County,Florida
12007,18-49,11767,12,Bradford County,Florida
12007,5-17,4302,12,Bradford County,Florida
12007,50-64,5354,12,Bradford County,Florida
12007,65+,5055,12,Bradford County,Florida
12009,0-4,27381,12,Brevard County,Florida
12009,18-49,217788,12,Brevard County,Florida
12009,5-17,85374,12,Brevard County,Florida
12009,50-64,139828,12,Brevard County,Florida
12009,65+,150162,12,Brevard County,Florida
12011,0-4,106739,12,Broward County,Florida
12011,18-49,793751,12,Broward County,Florida
12011,5-17,299993,12,Broward County,Florida
12011,50-64,403050,12,Broward County,Florida
12011,65+,342594,12,Broward County,Florida
12013,0-4,641,12,Calhoun County,Florida
12013,18-49,5592,12,Calhoun County,Florida
12013,5-17,2072,12,Calhoun County,Florida
12013,50-64,2860,12,Calhoun County,Florida
12013,65+,2428,12,Calhoun County,Florida
12015,0-4,5433,12,Charlotte County,Florida
12015,18-49,48292,12,Charlotte County,Florida
12015,5-17,17637,12,Charlotte County,Florida
12015,50-64,44848,12,Charlotte County,Florida
12015,65+,78873,12,Charlotte County,Florida
12017,0-4,5362,12,Citrus County,Florida
12017,18-49,42607,12,Citrus County,Florida
12017,5-17,18146,12,Citrus County,Florida
12017,50-64,34919,12,Citrus County,Florida
12017,65+,57659,12,Citrus County,Florida
12019,0-4,11684,12,Clay County,Florida
12019,18-49,88635,12,Clay County,Florida
12019,5-17,39632,12,Clay County,Florida
12019,50-64,45944,12,Clay County,Florida
12019,65+,37541,12,Clay County,Florida
12021,0-4,15948,12,Collier County,Florida
12021,18-49,116642,12,Collier County,Florida
12021,5-17,47689,12,Collier County,Florida
12021,50-64,77310,12,Collier County,Florida
12021,65+,130092,12,Collier County,Florida
12023,0-4,3978,12,Columbia County,Florida
12023,18-49,27038,12,Columbia County,Florida
12023,5-17,11768,12,Columbia County,Florida
12023,50-64,13828,12,Columbia County,Florida
12023,65+,14143,12,Columbia County,Florida
12027,0-4,1729,12,DeSoto County,Florida
12027,18-49,13802,12,DeSoto County,Florida
12027,5-17,4562,12,DeSoto County,Florida
12027,50-64,6372,12,DeSoto County,Florida
12027,65+,8254,12,DeSoto County,Florida
12029,0-4,715,12,Dixie County,Florida
12029,18-49,6155,12,Dixie County,Florida
12029,5-17,2370,12,Dixie County,Florida
12029,50-64,3705,12,Dixie County,Florida
12029,65+,4007,12,Dixie County,Florida
12031,0-4,64599,12,Duval County,Florida
12031,18-49,441979,12,Duval County,Florida
12031,5-17,162108,12,Duval County,Florida
12031,50-64,187633,12,Duval County,Florida
12031,65+,150870,12,Duval County,Florida
12033,0-4,18752,12,Escambia County,Florida
12033,18-49,136822,12,Escambia County,Florida
12033,5-17,49150,12,Escambia County,Florida
12033,50-64,61491,12,Escambia County,Florida
12033,65+,57060,12,Escambia County,Florida
12035,0-4,4359,12,Flagler County,Florida
12035,18-49,36862,12,Flagler County,Florida
12035,5-17,15519,12,Flagler County,Florida
12035,50-64,27137,12,Flagler County,Florida
12035,65+,37833,12,Flagler County,Florida
12037,0-4,455,12,Franklin County,Florida
12037,18-49,4463,12,Franklin County,Florida
12037,5-17,1446,12,Franklin County,Florida
12037,50-64,2797,12,Franklin County,Florida
12037,65+,3257,12,Franklin County,Florida
12039,0-4,2550,12,Gadsden County,Florida
12039,18-49,16380,12,Gadsden County,Florida
12039,5-17,7141,12,Gadsden County,Florida
12039,50-64,9086,12,Gadsden County,Florida
12039,65+,8485,12,Gadsden County,Florida
12041,0-4,998,12,Gilchrist County,Florida
12041,18-49,6839,12,Gilchrist County,Florida
12041,5-17,2853,12,Gilchrist County,Florida
12041,50-64,4067,12,Gilchrist County,Florida
12041,65+,3737,12,Gilchrist County,Florida
12043,0-4,365,12,Glades County,Florida
12043,18-49,5063,12,Glades County,Florida
12043,5-17,1321,12,Glades County,Florida
12043,50-64,2302,12,Glades County,Florida
12043,65+,3273,12,Glades County,Florida
12045,0-4,526,12,Gulf County,Florida
12045,18-49,5741,12,Gulf County,Florida
12045,5-17,1663,12,Gulf County,Florida
12045,50-64,3373,12,Gulf County,Florida
12045,65+,3469,12,Gulf County,Florida
12047,0-4,653,12,Hamilton County,Florida
12047,18-49,5427,12,Hamilton County,Florida
12047,5-17,2116,12,Hamilton County,Florida
12047,50-64,2615,12,Hamilton County,Florida
12047,65+,2634,12,Hamilton County,Florida
12049,0-4,1613,12,Hardee County,Florida
12049,18-49,10471,12,Hardee County,Florida
12049,5-17,4797,12,Hardee County,Florida
12049,50-64,4470,12,Hardee County,Florida
12049,65+,4157,12,Hardee County,Florida
12051,0-4,3010,12,Hendry County,Florida
12051,18-49,17868,12,Hendry County,Florida
12051,5-17,7278,12,Hendry County,Florida
12051,50-64,7102,12,Hendry County,Florida
12051,65+,5540,12,Hendry County,Florida
12053,0-4,8760,12,Hernando County,Florida
12053,18-49,68360,12,Hernando County,Florida
12053,5-17,28606,12,Hernando County,Florida
12053,50-64,42259,12,Hernando County,Florida
12053,65+,53527,12,Hernando County,Florida
12055,0-4,4280,12,Highlands County,Florida
12055,18-49,30000,12,Highlands County,Florida
12055,5-17,13197,12,Highlands County,Florida
12055,50-64,19031,12,Highlands County,Florida
12055,65+,37300,12,Highlands County,Florida
12057,0-4,85682,12,Hillsborough County,Florida
12057,18-49,665057,12,Hillsborough County,Florida
12057,5-17,239342,12,Hillsborough County,Florida
12057,50-64,278432,12,Hillsborough County,Florida
12057,65+,221121,12,Hillsborough County,Florida
12059,0-4,989,12,Holmes County,Florida
12059,18-49,7592,12,Holmes County,Florida
12059,5-17,3041,12,Holmes County,Florida
12059,50-64,4038,12,Holmes County,Florida
12059,65+,3966,12,Holmes County,Florida
12061,0-4,6295,12,Indian River County,Florida
12061,18-49,47666,12,Indian River County,Florida
12061,5-17,18680,12,Indian River County,Florida
12061,50-64,35192,12,Indian River County,Florida
12061,65+,56023,12,Indian River County,Florida
12063,0-4,2430,12,Jackson County,Florida
12063,18-49,19352,12,Jackson County,Florida
12063,5-17,6635,12,Jackson County,Florida
12063,50-64,9274,12,Jackson County,Florida
12063,65+,9961,12,Jackson County,Florida
12065,0-4,604,12,Jefferson County,Florida
12065,18-49,5270,12,Jefferson County,Florida
12065,5-17,1925,12,Jefferson County,Florida
12065,50-64,3309,12,Jefferson County,Florida
12065,65+,3605,12,Jefferson County,Florida
12067,0-4,324,12,Lafayette County,Florida
12067,18-49,3520,12,Lafayette County,Florida
12067,5-17,1132,12,Lafayette County,Florida
12067,50-64,1447,12,Lafayette County,Florida
12067,65+,1612,12,Lafayette County,Florida
12069,0-4,18798,12,Lake County,Florida
12069,18-49,137850,12,Lake County,Florida
12069,5-17,57274,12,Lake County,Florida
12069,50-64,78619,12,Lake County,Florida
12069,65+,106155,12,Lake County,Florida
12071,0-4,35395,12,Lee County,Florida
12071,18-49,266767,12,Lee County,Florida
12071,5-17,101066,12,Lee County,Florida
12071,50-64,159984,12,Lee County,Florida
12071,65+,229480,12,Lee County,Florida
12073,0-4,14560,12,Leon County,Florida
12073,18-49,152573,12,Leon County,Florida
12073,5-17,40371,12,Leon County,Florida
12073,50-64,45285,12,Leon County,Florida
12073,65+,42546,12,Leon County,Florida
12075,0-4,2183,12,Levy County,Florida
12075,18-49,14903,12,Levy County,Florida
12075,5-17,6504,12,Levy County,Florida
12075,50-64,9627,12,Levy County,Florida
12075,65+,11059,12,Levy County,Florida
12077,0-4,280,12,Liberty County,Florida
12077,18-49,3534,12,Liberty County,Florida
12077,5-17,1188,12,Liberty County,Florida
12077,50-64,1595,12,Liberty County,Florida
12077,65+,1053,12,Liberty County,Florida
12079,0-4,867,12,Madison County,Florida
12079,18-49,6936,12,Madison County,Florida
12079,5-17,2353,12,Madison County,Florida
12079,50-64,3861,12,Madison County,Florida
12079,65+,4096,12,Madison County,Florida
12081,0-4,18216,12,Manatee County,Florida
12081,18-49,136882,12,Manatee County,Florida
12081,5-17,55471,12,Manatee County,Florida
12081,50-64,88026,12,Manatee County,Florida
12081,65+,117425,12,Manatee County,Florida
12083,0-4,18319,12,Marion County,Florida
12083,18-49,127715,12,Marion County,Florida
12083,5-17,54613,12,Marion County,Florida
12083,50-64,75594,12,Marion County,Florida
12083,65+,111456,12,Marion County,Florida
12085,0-4,6391,12,Martin County,Florida
12085,18-49,48364,12,Martin County,Florida
12085,5-17,19685,12,Martin County,Florida
12085,50-64,35032,12,Martin County,Florida
12085,65+,50992,12,Martin County,Florida
12086,0-4,147638,12,Miami-Dade County,Florida
12086,18-49,1143884,12,Miami-Dade County,Florida
12086,5-17,393057,12,Miami-Dade County,Florida
12086,50-64,548603,12,Miami-Dade County,Florida
12086,65+,452114,12,Miami-Dade County,Florida
12087,0-4,3552,12,Monroe County,Florida
12087,18-49,29247,12,Monroe County,Florida
12087,5-17,9217,12,Monroe County,Florida
12087,50-64,19936,12,Monroe County,Florida
12087,65+,19888,12,Monroe County,Florida
12089,0-4,4484,12,Nassau County,Florida
12089,18-49,32967,12,Nassau County,Florida
12089,5-17,14037,12,Nassau County,Florida
12089,50-64,21068,12,Nassau County,Florida
12089,65+,22097,12,Nassau County,Florida
12091,0-4,13396,12,Okaloosa County,Florida
12091,18-49,90870,12,Okaloosa County,Florida
12091,5-17,35041,12,Okaloosa County,Florida
12091,50-64,39868,12,Okaloosa County,Florida
12091,65+,35106,12,Okaloosa County,Florida
12093,0-4,2326,12,Okeechobee County,Florida
12093,18-49,15722,12,Okeechobee County,Florida
12093,5-17,6288,12,Okeechobee County,Florida
12093,50-64,7841,12,Okeechobee County,Florida
12093,65+,8072,12,Okeechobee County,Florida
12095,0-4,82213,12,Orange County,Florida
12095,18-49,688249,12,Orange County,Florida
12095,5-17,228453,12,Orange County,Florida
12095,50-64,257875,12,Orange County,Florida
12095,65+,183681,12,Orange County,Florida
12097,0-4,24257,12,Osceola County,Florida
12097,18-49,183018,12,Osceola County,Florida
12097,5-17,73527,12,Osceola County,Florida
12097,50-64,71649,12,Osceola County,Florida
12097,65+,54492,12,Osceola County,Florida
12099,0-4,74364,12,Palm Beach County,Florida
12099,18-49,551773,12,Palm Beach County,Florida
12099,5-17,210448,12,Palm Beach County,Florida
12099,50-64,300071,12,Palm Beach County,Florida
12099,65+,370797,12,Palm Beach County,Florida
12101,0-4,29016,12,Pasco County,Florida
12101,18-49,221370,12,Pasco County,Florida
12101,5-17,90528,12,Pasco County,Florida
12101,50-64,118183,12,Pasco County,Florida
12101,65+,129661,12,Pasco County,Florida
12103,0-4,38122,12,Pinellas County,Florida
12103,18-49,342140,12,Pinellas County,Florida
12103,5-17,112337,12,Pinellas County,Florida
12103,50-64,219506,12,Pinellas County,Florida
12103,65+,248460,12,Pinellas County,Florida
12105,0-4,42847,12,Polk County,Florida
12105,18-49,307310,12,Polk County,Florida
12105,5-17,125123,12,Polk County,Florida
12105,50-64,136050,12,Polk County,Florida
12105,65+,149631,12,Polk County,Florida
12107,0-4,4114,12,Putnam County,Florida
12107,18-49,25402,12,Putnam County,Florida
12107,5-17,11756,12,Putnam County,Florida
12107,50-64,15491,12,Putnam County,Florida
12107,65+,17472,12,Putnam County,Florida
12109,0-4,13505,12,St. Johns County,Florida
12109,18-49,106399,12,St. Johns County,Florida
12109,5-17,49840,12,St. Johns County,Florida
12109,50-64,61542,12,St. Johns County,Florida
12109,65+,60957,12,St. Johns County,Florida
12111,0-4,17163,12,St. Lucie County,Florida
12111,18-49,123240,12,St. Lucie County,Florida
12111,5-17,51172,12,St. Lucie County,Florida
12111,50-64,69929,12,St. Lucie County,Florida
12111,65+,84733,12,St. Lucie County,Florida
12113,0-4,10366,12,Santa Rosa County,Florida
12113,18-49,79249,12,Santa Rosa County,Florida
12113,5-17,32185,12,Santa Rosa County,Florida
12113,50-64,40029,12,Santa Rosa County,Florida
12113,65+,31890,12,Santa Rosa County,Florida
12115,0-4,14988,12,Sarasota County,Florida
12115,18-49,122540,12,Sarasota County,Florida
12115,5-17,48076,12,Sarasota County,Florida
12115,50-64,95876,12,Sarasota County,Florida
12115,65+,167531,12,Sarasota County,Florida
12117,0-4,23755,12,Seminole County,Florida
12117,18-49,206488,12,Seminole County,Florida
12117,5-17,74650,12,Seminole County,Florida
12117,50-64,92540,12,Seminole County,Florida
12117,65+,77479,12,Seminole County,Florida
12119,0-4,2534,12,Sumter County,Florida
12119,18-49,23965,12,Sumter County,Florida
12119,5-17,7235,12,Sumter County,Florida
12119,50-64,24339,12,Sumter County,Florida
12119,65+,79463,12,Sumter County,Florida
12121,0-4,2110,12,Suwannee County,Florida
12121,18-49,16724,12,Suwannee County,Florida
12121,5-17,7283,12,Suwannee County,Florida
12121,50-64,8999,12,Suwannee County,Florida
12121,65+,9368,12,Suwannee County,Florida
12123,0-4,931,12,Taylor County,Florida
12123,18-49,8361,12,Taylor County,Florida
12123,5-17,3367,12,Taylor County,Florida
12123,50-64,4296,12,Taylor County,Florida
12123,65+,4467,12,Taylor County,Florida
12125,0-4,852,12,Union County,Florida
12125,18-49,6344,12,Union County,Florida
12125,5-17,2447,12,Union County,Florida
12125,50-64,3234,12,Union County,Florida
12125,65+,2674,12,Union County,Florida
12127,0-4,25456,12,Volusia County,Florida
12127,18-49,204255,12,Volusia County,Florida
12127,5-17,74004,12,Volusia County,Florida
12127,50-64,121930,12,Volusia County,Florida
12127,65+,142584,12,Volusia County,Florida
12129,0-4,1744,12,Wakulla County,Florida
12129,18-49,14414,12,Wakulla County,Florida
12129,5-17,5316,12,Wakulla County,Florida
12129,50-64,7384,12,Wakulla County,Florida
12129,65+,5750,12,Wakulla County,Florida
12131,0-4,4583,12,Walton County,Florida
12131,18-49,29337,12,Walton County,Florida
12131,5-17,11988,12,Walton County,Florida
12131,50-64,18137,12,Walton County,Florida
12131,65+,15801,12,Walton County,Florida
12133,0-4,1274,12,Washington County,Florida
12133,18-49,10160,12,Washington County,Florida
12133,5-17,3806,12,Washington County,Florida
12133,50-64,5386,12,Washington County,Florida
12133,65+,4633,12,Washington County,Florida
13001,0-4,1156,13,Appling County,Georgia
13001,18-49,6873,13,Appling County,Georgia
13001,5-17,3378,13,Appling County,Georgia
13001,50-64,3702,13,Appling County,Georgia
13001,65+,3317,13,Appling County,Georgia
13003,0-4,545,13,Atkinson County,Georgia
13003,18-49,3511,13,Atkinson County,Georgia
13003,5-17,1554,13,Atkinson County,Georgia
13003,50-64,1528,13,Atkinson County,Georgia
13003,65+,1123,13,Atkinson County,Georgia
13005,0-4,515,13,Bacon County,Georgia
13005,18-49,4388,13,Bacon County,Georgia
13005,5-17,2314,13,Bacon County,Georgia
13005,50-64,2039,13,Bacon County,Georgia
13005,65+,1873,13,Bacon County,Georgia
13007,0-4,67,13,Baker County,Georgia
13007,18-49,962,13,Baker County,Georgia
13007,5-17,455,13,Baker County,Georgia
13007,50-64,608,13,Baker County,Georgia
13007,65+,738,13,Baker County,Georgia
13009,0-4,2014,13,Baldwin County,Georgia
13009,18-49,20060,13,Baldwin County,Georgia
13009,5-17,6260,13,Baldwin County,Georgia
13009,50-64,8042,13,Baldwin County,Georgia
13009,65+,7293,13,Baldwin County,Georgia
13011,0-4,948,13,Banks County,Georgia
13011,18-49,7171,13,Banks County,Georgia
13011,5-17,3069,13,Banks County,Georgia
13011,50-64,4354,13,Banks County,Georgia
13011,65+,3215,13,Banks County,Georgia
13013,0-4,5549,13,Barrow County,Georgia
13013,18-49,38135,13,Barrow County,Georgia
13013,5-17,16547,13,Barrow County,Georgia
13013,50-64,15610,13,Barrow County,Georgia
13013,65+,11141,13,Barrow County,Georgia
13015,0-4,6761,13,Bartow County,Georgia
13015,18-49,46139,13,Bartow County,Georgia
13015,5-17,19458,13,Bartow County,Georgia
13015,50-64,22644,13,Bartow County,Georgia
13015,65+,16151,13,Bartow County,Georgia
13017,0-4,1010,13,Ben Hill County,Georgia
13017,18-49,6642,13,Ben Hill County,Georgia
13017,5-17,3219,13,Ben Hill County,Georgia
13017,50-64,3221,13,Ben Hill County,Georgia
13017,65+,3046,13,Ben Hill County,Georgia
13019,0-4,1129,13,Berrien County,Georgia
13019,18-49,7071,13,Berrien County,Georgia
13019,5-17,3218,13,Berrien County,Georgia
13019,50-64,3597,13,Berrien County,Georgia
13019,65+,3242,13,Berrien County,Georgia
13021,0-4,10102,13,Bibb County,Georgia
13021,18-49,64637,13,Bibb County,Georgia
13021,5-17,28185,13,Bibb County,Georgia
13021,50-64,28265,13,Bibb County,Georgia
13021,65+,25354,13,Bibb County,Georgia
13023,0-4,524,13,Bleckley County,Georgia
13023,18-49,5334,13,Bleckley County,Georgia
13023,5-17,1953,13,Bleckley County,Georgia
13023,50-64,2405,13,Bleckley County,Georgia
13023,65+,2198,13,Bleckley County,Georgia
13025,0-4,919,13,Brantley County,Georgia
13025,18-49,7069,13,Brantley County,Georgia
13025,5-17,3146,13,Brantley County,Georgia
13025,50-64,3947,13,Brantley County,Georgia
13025,65+,3090,13,Brantley County,Georgia
13027,0-4,953,13,Brooks County,Georgia
13027,18-49,6031,13,Brooks County,Georgia
13027,5-17,2499,13,Brooks County,Georgia
13027,50-64,3419,13,Brooks County,Georgia
13027,65+,3383,13,Brooks County,Georgia
13029,0-4,3342,13,Bryan County,Georgia
13029,18-49,20682,13,Bryan County,Georgia
13029,5-17,10314,13,Bryan County,Georgia
13029,50-64,7325,13,Bryan County,Georgia
13029,65+,5018,13,Bryan County,Georgia
13031,0-4,4549,13,Bulloch County,Georgia
13031,18-49,42825,13,Bulloch County,Georgia
13031,5-17,11856,13,Bulloch County,Georgia
13031,50-64,12306,13,Bulloch County,Georgia
13031,65+,9836,13,Bulloch County,Georgia
13033,0-4,1453,13,Burke County,Georgia
13033,18-49,9240,13,Burke County,Georgia
13033,5-17,4614,13,Burke County,Georgia
13033,50-64,4967,13,Burke County,Georgia
13033,65+,4153,13,Burke County,Georgia
13035,0-4,1172,13,Butts County,Georgia
13035,18-49,11271,13,Butts County,Georgia
13035,5-17,4178,13,Butts County,Georgia
13035,50-64,5408,13,Butts County,Georgia
13035,65+,4045,13,Butts County,Georgia
13037,0-4,227,13,Calhoun County,Georgia
13037,18-49,2726,13,Calhoun County,Georgia
13037,5-17,642,13,Calhoun County,Georgia
13037,50-64,1002,13,Calhoun County,Georgia
13037,65+,931,13,Calhoun County,Georgia
13039,0-4,3755,13,Camden County,Georgia
13039,18-49,24698,13,Camden County,Georgia
13039,5-17,9726,13,Camden County,Georgia
13039,50-64,9622,13,Camden County,Georgia
13039,65+,8235,13,Camden County,Georgia
13043,0-4,665,13,Candler County,Georgia
13043,18-49,4017,13,Candler County,Georgia
13043,5-17,2089,13,Candler County,Georgia
13043,50-64,2195,13,Candler County,Georgia
13043,65+,2006,13,Candler County,Georgia
13045,0-4,7675,13,Carroll County,Georgia
13045,18-49,54133,13,Carroll County,Georgia
13045,5-17,21449,13,Carroll County,Georgia
13045,50-64,21818,13,Carroll County,Georgia
13045,65+,17112,13,Carroll County,Georgia
13047,0-4,3485,13,Catoosa County,Georgia
13047,18-49,26900,13,Catoosa County,Georgia
13047,5-17,11814,13,Catoosa County,Georgia
13047,50-64,13686,13,Catoosa County,Georgia
13047,65+,12471,13,Catoosa County,Georgia
13049,0-4,476,13,Charlton County,Georgia
13049,18-49,6037,13,Charlton County,Georgia
13049,5-17,2026,13,Charlton County,Georgia
13049,50-64,2300,13,Charlton County,Georgia
13049,65+,1872,13,Charlton County,Georgia
13051,0-4,17495,13,Chatham County,Georgia
13051,18-49,133742,13,Chatham County,Georgia
13051,5-17,44915,13,Chatham County,Georgia
13051,50-64,53177,13,Chatham County,Georgia
13051,65+,48814,13,Chatham County,Georgia
13053,0-4,675,13,Chattahoochee County,Georgia
13053,18-49,6483,13,Chattahoochee County,Georgia
13053,5-17,1084,13,Chattahoochee County,Georgia
13053,50-64,634,13,Chattahoochee County,Georgia
13053,65+,305,13,Chattahoochee County,Georgia
13055,0-4,1397,13,Chattooga County,Georgia
13055,18-49,9980,13,Chattooga County,Georgia
13055,5-17,3985,13,Chattooga County,Georgia
13055,50-64,5035,13,Chattooga County,Georgia
13055,65+,4578,13,Chattooga County,Georgia
13057,0-4,15080,13,Cherokee County,Georgia
13057,18-49,112499,13,Cherokee County,Georgia
13057,5-17,48857,13,Cherokee County,Georgia
13057,50-64,55888,13,Cherokee County,Georgia
13057,65+,42215,13,Cherokee County,Georgia
13059,0-4,6247,13,Clarke County,Georgia
13059,18-49,74250,13,Clarke County,Georgia
13059,5-17,15689,13,Clarke County,Georgia
13059,50-64,17485,13,Clarke County,Georgia
13059,65+,15596,13,Clarke County,Georgia
13061,0-4,119,13,Clay County,Georgia
13061,18-49,945,13,Clay County,Georgia
13061,5-17,442,13,Clay County,Georgia
13061,50-64,454,13,Clay County,Georgia
13061,65+,893,13,Clay County,Georgia
13063,0-4,20910,13,Clayton County,Georgia
13063,18-49,133349,13,Clayton County,Georgia
13063,5-17,60579,13,Clayton County,Georgia
13063,50-64,53250,13,Clayton County,Georgia
13063,65+,30683,13,Clayton County,Georgia
13065,0-4,436,13,Clinch County,Georgia
13065,18-49,2758,13,Clinch County,Georgia
13065,5-17,1243,13,Clinch County,Georgia
13065,50-64,1163,13,Clinch County,Georgia
13065,65+,1122,13,Clinch County,Georgia
13067,0-4,44004,13,Cobb County,Georgia
13067,18-49,343508,13,Cobb County,Georgia
13067,5-17,132078,13,Cobb County,Georgia
13067,50-64,147669,13,Cobb County,Georgia
13067,65+,101893,13,Cobb County,Georgia
13069,0-4,2939,13,Coffee County,Georgia
13069,18-49,18745,13,Coffee County,Georgia
13069,5-17,7683,13,Coffee County,Georgia
13069,50-64,7491,13,Coffee County,Georgia
13069,65+,6303,13,Coffee County,Georgia
13071,0-4,3016,13,Colquitt County,Georgia
13071,18-49,18674,13,Colquitt County,Georgia
13071,5-17,8809,13,Colquitt County,Georgia
13071,50-64,8316,13,Colquitt County,Georgia
13071,65+,7092,13,Colquitt County,Georgia
13073,0-4,9632,13,Columbia County,Georgia
13073,18-49,67469,13,Columbia County,Georgia
13073,5-17,30398,13,Columbia County,Georgia
13073,50-64,28669,13,Columbia County,Georgia
13073,65+,23470,13,Columbia County,Georgia
13075,0-4,1162,13,Cook County,Georgia
13075,18-49,6808,13,Cook County,Georgia
13075,5-17,3238,13,Cook County,Georgia
13075,50-64,3352,13,Cook County,Georgia
13075,65+,2803,13,Cook County,Georgia
13077,0-4,8380,13,Coweta County,Georgia
13077,18-49,61259,13,Coweta County,Georgia
13077,5-17,26753,13,Coweta County,Georgia
13077,50-64,31565,13,Coweta County,Georgia
13077,65+,22114,13,Coweta County,Georgia
13079,0-4,598,13,Crawford County,Georgia
13079,18-49,4206,13,Crawford County,Georgia
13079,5-17,1935,13,Crawford County,Georgia
13079,50-64,3015,13,Crawford County,Georgia
13079,65+,2429,13,Crawford County,Georgia
13081,0-4,1291,13,Crisp County,Georgia
13081,18-49,7432,13,Crisp County,Georgia
13081,5-17,3378,13,Crisp County,Georgia
13081,50-64,4021,13,Crisp County,Georgia
13081,65+,3873,13,Crisp County,Georgia
13083,0-4,875,13,Dade County,Georgia
13083,18-49,6441,13,Dade County,Georgia
13083,5-17,2303,13,Dade County,Georgia
13083,50-64,3272,13,Dade County,Georgia
13083,65+,3305,13,Dade County,Georgia
13085,0-4,1548,13,Dawson County,Georgia
13085,18-49,11011,13,Dawson County,Georgia
13085,5-17,4205,13,Dawson County,Georgia
13085,50-64,6339,13,Dawson County,Georgia
13085,65+,5601,13,Dawson County,Georgia
13087,0-4,1961,13,Decatur County,Georgia
13087,18-49,11411,13,Decatur County,Georgia
13087,5-17,5129,13,Decatur County,Georgia
13087,50-64,5723,13,Decatur County,Georgia
13087,65+,4894,13,Decatur County,Georgia
13089,0-4,50486,13,DeKalb County,Georgia
13089,18-49,347791,13,DeKalb County,Georgia
13089,5-17,124853,13,DeKalb County,Georgia
13089,50-64,137523,13,DeKalb County,Georgia
13089,65+,101452,13,DeKalb County,Georgia
13091,0-4,892,13,Dodge County,Georgia
13091,18-49,8185,13,Dodge County,Georgia
13091,5-17,2893,13,Dodge County,Georgia
13091,50-64,4120,13,Dodge County,Georgia
13091,65+,3819,13,Dodge County,Georgia
13093,0-4,441,13,Dooly County,Georgia
13093,18-49,4422,13,Dooly County,Georgia
13093,5-17,1312,13,Dooly County,Georgia
13093,50-64,2427,13,Dooly County,Georgia
13093,65+,2424,13,Dooly County,Georgia
13095,0-4,5469,13,Dougherty County,Georgia
13095,18-49,34289,13,Dougherty County,Georgia
13095,5-17,14808,13,Dougherty County,Georgia
13095,50-64,15094,13,Dougherty County,Georgia
13095,65+,14255,13,Dougherty County,Georgia
13097,0-4,8662,13,Douglas County,Georgia
13097,18-49,62212,13,Douglas County,Georgia
13097,5-17,28734,13,Douglas County,Georgia
13097,50-64,29067,13,Douglas County,Georgia
13097,65+,17466,13,Douglas County,Georgia
13099,0-4,645,13,Early County,Georgia
13099,18-49,3850,13,Early County,Georgia
13099,5-17,1972,13,Early County,Georgia
13099,50-64,2149,13,Early County,Georgia
13099,65+,2067,13,Early County,Georgia
13101,0-4,283,13,Echols County,Georgia
13101,18-49,1500,13,Echols County,Georgia
13101,5-17,751,13,Echols County,Georgia
13101,50-64,703,13,Echols County,Georgia
13101,65+,468,13,Echols County,Georgia
13103,0-4,4369,13,Effingham County,Georgia
13103,18-49,28635,13,Effingham County,Georgia
13103,5-17,13542,13,Effingham County,Georgia
13103,50-64,12480,13,Effingham County,Georgia
13103,65+,8239,13,Effingham County,Georgia
13105,0-4,1340,13,Elbert County,Georgia
13105,18-49,7113,13,Elbert County,Georgia
13105,5-17,2996,13,Elbert County,Georgia
13105,50-64,4091,13,Elbert County,Georgia
13105,65+,4185,13,Elbert County,Georgia
13107,0-4,1490,13,Emanuel County,Georgia
13107,18-49,9372,13,Emanuel County,Georgia
13107,5-17,4260,13,Emanuel County,Georgia
13107,50-64,4141,13,Emanuel County,Georgia
13107,65+,3698,13,Emanuel County,Georgia
13109,0-4,586,13,Evans County,Georgia
13109,18-49,4272,13,Evans County,Georgia
13109,5-17,2169,13,Evans County,Georgia
13109,50-64,1867,13,Evans County,Georgia
13109,65+,1846,13,Evans County,Georgia
13111,0-4,1061,13,Fannin County,Georgia
13111,18-49,7566,13,Fannin County,Georgia
13111,5-17,3005,13,Fannin County,Georgia
13111,50-64,6194,13,Fannin County,Georgia
13111,65+,7779,13,Fannin County,Georgia
13113,0-4,5225,13,Fayette County,Georgia
13113,18-49,43371,13,Fayette County,Georgia
13113,5-17,22283,13,Fayette County,Georgia
13113,50-64,26254,13,Fayette County,Georgia
13113,65+,23556,13,Fayette County,Georgia
13115,0-4,5656,13,Floyd County,Georgia
13115,18-49,41287,13,Floyd County,Georgia
13115,5-17,16938,13,Floyd County,Georgia
13115,50-64,18587,13,Floyd County,Georgia
13115,65+,16517,13,Floyd County,Georgia
13117,0-4,14327,13,Forsyth County,Georgia
13117,18-49,108979,13,Forsyth County,Georgia
13117,5-17,53860,13,Forsyth County,Georgia
13117,50-64,50483,13,Forsyth County,Georgia
13117,65+,32413,13,Forsyth County,Georgia
13119,0-4,1290,13,Franklin County,Georgia
13119,18-49,9170,13,Franklin County,Georgia
13119,5-17,3998,13,Franklin County,Georgia
13119,50-64,4943,13,Franklin County,Georgia
13119,65+,4439,13,Franklin County,Georgia
13121,0-4,57746,13,Fulton County,Georgia
13121,18-49,515700,13,Fulton County,Georgia
13121,5-17,167856,13,Fulton County,Georgia
13121,50-64,195016,13,Fulton County,Georgia
13121,65+,132189,13,Fulton County,Georgia
13123,0-4,1557,13,Gilmer County,Georgia
13123,18-49,10066,13,Gilmer County,Georgia
13123,5-17,4387,13,Gilmer County,Georgia
13123,50-64,7539,13,Gilmer County,Georgia
13123,65+,8427,13,Gilmer County,Georgia
13125,0-4,114,13,Glascock County,Georgia
13125,18-49,1170,13,Glascock County,Georgia
13125,5-17,512,13,Glascock County,Georgia
13125,50-64,586,13,Glascock County,Georgia
13125,65+,531,13,Glascock County,Georgia
13127,0-4,4425,13,Glynn County,Georgia
13127,18-49,31123,13,Glynn County,Georgia
13127,5-17,13484,13,Glynn County,Georgia
13127,50-64,17032,13,Glynn County,Georgia
13127,65+,18923,13,Glynn County,Georgia
13129,0-4,3342,13,Gordon County,Georgia
13129,18-49,24060,13,Gordon County,Georgia
13129,5-17,10280,13,Gordon County,Georgia
13129,50-64,11674,13,Gordon County,Georgia
13129,65+,8980,13,Gordon County,Georgia
13131,0-4,1612,13,Grady County,Georgia
13131,18-49,9624,13,Grady County,Georgia
13131,5-17,4839,13,Grady County,Georgia
13131,50-64,5096,13,Grady County,Georgia
13131,65+,4885,13,Grady County,Georgia
13133,0-4,792,13,Greene County,Georgia
13133,18-49,5733,13,Greene County,Georgia
13133,5-17,2670,13,Greene County,Georgia
13133,50-64,4439,13,Greene County,Georgia
13133,65+,5952,13,Greene County,Georgia
13135,0-4,59771,13,Gwinnett County,Georgia
13135,18-49,422958,13,Gwinnett County,Georgia
13135,5-17,195451,13,Gwinnett County,Georgia
13135,50-64,183316,13,Gwinnett County,Georgia
13135,65+,105476,13,Gwinnett County,Georgia
13137,0-4,2673,13,Habersham County,Georgia
13137,18-49,18815,13,Habersham County,Georgia
13137,5-17,7614,13,Habersham County,Georgia
13137,50-64,8915,13,Habersham County,Georgia
13137,65+,8931,13,Habersham County,Georgia
13139,0-4,12795,13,Hall County,Georgia
13139,18-49,84973,13,Hall County,Georgia
13139,5-17,37568,13,Hall County,Georgia
13139,50-64,39774,13,Hall County,Georgia
13139,65+,33285,13,Hall County,Georgia
13141,0-4,165,13,Hancock County,Georgia
13141,18-49,3263,13,Hancock County,Georgia
13141,5-17,1138,13,Hancock County,Georgia
13141,50-64,1937,13,Hancock County,Georgia
13141,65+,2127,13,Hancock County,Georgia
13143,0-4,1868,13,Haralson County,Georgia
13143,18-49,12308,13,Haralson County,Georgia
13143,5-17,5455,13,Haralson County,Georgia
13143,50-64,6239,13,Haralson County,Georgia
13143,65+,4850,13,Haralson County,Georgia
13145,0-4,1742,13,Harris County,Georgia
13145,18-49,13238,13,Harris County,Georgia
13145,5-17,5895,13,Harris County,Georgia
13145,50-64,7954,13,Harris County,Georgia
13145,65+,6680,13,Harris County,Georgia
13147,0-4,1326,13,Hart County,Georgia
13147,18-49,9539,13,Hart County,Georgia
13147,5-17,4142,13,Hart County,Georgia
13147,50-64,5530,13,Hart County,Georgia
13147,65+,5947,13,Hart County,Georgia
13149,0-4,605,13,Heard County,Georgia
13149,18-49,4411,13,Heard County,Georgia
13149,5-17,2100,13,Heard County,Georgia
13149,50-64,2474,13,Heard County,Georgia
13149,65+,2026,13,Heard County,Georgia
13151,0-4,13875,13,Henry County,Georgia
13151,18-49,104196,13,Henry County,Georgia
13151,5-17,48074,13,Henry County,Georgia
13151,50-64,49279,13,Henry County,Georgia
13151,65+,29993,13,Henry County,Georgia
13153,0-4,10492,13,Houston County,Georgia
13153,18-49,71568,13,Houston County,Georgia
13153,5-17,32287,13,Houston County,Georgia
13153,50-64,30201,13,Houston County,Georgia
13153,65+,22354,13,Houston County,Georgia
13155,0-4,457,13,Irwin County,Georgia
13155,18-49,3798,13,Irwin County,Georgia
13155,5-17,1652,13,Irwin County,Georgia
13155,50-64,1843,13,Irwin County,Georgia
13155,65+,1635,13,Irwin County,Georgia
13157,0-4,4972,13,Jackson County,Georgia
13157,18-49,33388,13,Jackson County,Georgia
13157,5-17,15398,13,Jackson County,Georgia
13157,50-64,15191,13,Jackson County,Georgia
13157,65+,11691,13,Jackson County,Georgia
13159,0-4,751,13,Jasper County,Georgia
13159,18-49,5649,13,Jasper County,Georgia
13159,5-17,2847,13,Jasper County,Georgia
13159,50-64,3407,13,Jasper County,Georgia
13159,65+,2691,13,Jasper County,Georgia
13161,0-4,897,13,Jeff Davis County,Georgia
13161,18-49,5810,13,Jeff Davis County,Georgia
13161,5-17,2996,13,Jeff Davis County,Georgia
13161,50-64,2827,13,Jeff Davis County,Georgia
13161,65+,2308,13,Jeff Davis County,Georgia
13163,0-4,889,13,Jefferson County,Georgia
13163,18-49,6009,13,Jefferson County,Georgia
13163,5-17,2623,13,Jefferson County,Georgia
13163,50-64,3074,13,Jefferson County,Georgia
13163,65+,2873,13,Jefferson County,Georgia
13165,0-4,255,13,Jenkins County,Georgia
13165,18-49,3268,13,Jenkins County,Georgia
13165,5-17,1357,13,Jenkins County,Georgia
13165,50-64,1992,13,Jenkins County,Georgia
13165,65+,1802,13,Jenkins County,Georgia
13167,0-4,469,13,Johnson County,Georgia
13167,18-49,3950,13,Johnson County,Georgia
13167,5-17,1187,13,Johnson County,Georgia
13167,50-64,1752,13,Johnson County,Georgia
13167,65+,1834,13,Johnson County,Georgia
13169,0-4,1500,13,Jones County,Georgia
13169,18-49,10999,13,Jones County,Georgia
13169,5-17,5018,13,Jones County,Georgia
13169,50-64,5846,13,Jones County,Georgia
13169,65+,5163,13,Jones County,Georgia
13171,0-4,1055,13,Lamar County,Georgia
13171,18-49,8056,13,Lamar County,Georgia
13171,5-17,3079,13,Lamar County,Georgia
13171,50-64,3661,13,Lamar County,Georgia
13171,65+,3247,13,Lamar County,Georgia
13173,0-4,637,13,Lanier County,Georgia
13173,18-49,4415,13,Lanier County,Georgia
13173,5-17,1663,13,Lanier County,Georgia
13173,50-64,1914,13,Lanier County,Georgia
13173,65+,1465,13,Lanier County,Georgia
13175,0-4,3055,13,Laurens County,Georgia
13175,18-49,18998,13,Laurens County,Georgia
13175,5-17,9276,13,Laurens County,Georgia
13175,50-64,9298,13,Laurens County,Georgia
13175,65+,8992,13,Laurens County,Georgia
13177,0-4,1994,13,Lee County,Georgia
13177,18-49,14119,13,Lee County,Georgia
13177,5-17,6633,13,Lee County,Georgia
13177,50-64,6014,13,Lee County,Georgia
13177,65+,4577,13,Lee County,Georgia
13179,0-4,6414,13,Liberty County,Georgia
13179,18-49,33249,13,Liberty County,Georgia
13179,5-17,12080,13,Liberty County,Georgia
13179,50-64,8525,13,Liberty County,Georgia
13179,65+,6558,13,Liberty County,Georgia
13181,0-4,310,13,Lincoln County,Georgia
13181,18-49,2551,13,Lincoln County,Georgia
13181,5-17,1166,13,Lincoln County,Georgia
13181,50-64,1784,13,Lincoln County,Georgia
13181,65+,1962,13,Lincoln County,Georgia
13183,0-4,1281,13,Long County,Georgia
13183,18-49,8050,13,Long County,Georgia
13183,5-17,3576,13,Long County,Georgia
13183,50-64,2995,13,Long County,Georgia
13183,65+,1610,13,Long County,Georgia
13185,0-4,8019,13,Lowndes County,Georgia
13185,18-49,56159,13,Lowndes County,Georgia
13185,5-17,21263,13,Lowndes County,Georgia
13185,50-64,18148,13,Lowndes County,Georgia
13185,65+,15466,13,Lowndes County,Georgia
13187,0-4,1603,13,Lumpkin County,Georgia
13187,18-49,15659,13,Lumpkin County,Georgia
13187,5-17,4206,13,Lumpkin County,Georgia
13187,50-64,6282,13,Lumpkin County,Georgia
13187,65+,6181,13,Lumpkin County,Georgia
13189,0-4,1176,13,McDuffie County,Georgia
13189,18-49,7879,13,McDuffie County,Georgia
13189,5-17,4248,13,McDuffie County,Georgia
13189,50-64,4380,13,McDuffie County,Georgia
13189,65+,4004,13,McDuffie County,Georgia
13191,0-4,301,13,McIntosh County,Georgia
13191,18-49,3654,13,McIntosh County,Georgia
13191,5-17,1397,13,McIntosh County,Georgia
13191,50-64,2556,13,McIntosh County,Georgia
13191,65+,3279,13,McIntosh County,Georgia
13193,0-4,605,13,Macon County,Georgia
13193,18-49,5173,13,Macon County,Georgia
13193,5-17,1643,13,Macon County,Georgia
13193,50-64,2345,13,Macon County,Georgia
13193,65+,2187,13,Macon County,Georgia
13195,0-4,1933,13,Madison County,Georgia
13195,18-49,12254,13,Madison County,Georgia
13195,5-17,5291,13,Madison County,Georgia
13195,50-64,5841,13,Madison County,Georgia
13195,65+,5595,13,Madison County,Georgia
13197,0-4,352,13,Marion County,Georgia
13197,18-49,2693,13,Marion County,Georgia
13197,5-17,1165,13,Marion County,Georgia
13197,50-64,1675,13,Marion County,Georgia
13197,65+,1589,13,Marion County,Georgia
13199,0-4,1134,13,Meriwether County,Georgia
13199,18-49,7498,13,Meriwether County,Georgia
13199,5-17,3349,13,Meriwether County,Georgia
13199,50-64,4443,13,Meriwether County,Georgia
13199,65+,4333,13,Meriwether County,Georgia
13201,0-4,326,13,Miller County,Georgia
13201,18-49,2108,13,Miller County,Georgia
13201,5-17,1016,13,Miller County,Georgia
13201,50-64,1140,13,Miller County,Georgia
13201,65+,1283,13,Miller County,Georgia
13205,0-4,1214,13,Mitchell County,Georgia
13205,18-49,8459,13,Mitchell County,Georgia
13205,5-17,3689,13,Mitchell County,Georgia
13205,50-64,4202,13,Mitchell County,Georgia
13205,65+,3877,13,Mitchell County,Georgia
13207,0-4,1407,13,Monroe County,Georgia
13207,18-49,11310,13,Monroe County,Georgia
13207,5-17,4660,13,Monroe County,Georgia
13207,50-64,6095,13,Monroe County,Georgia
13207,65+,5447,13,Monroe County,Georgia
13209,0-4,463,13,Montgomery County,Georgia
13209,18-49,3684,13,Montgomery County,Georgia
13209,5-17,1314,13,Montgomery County,Georgia
13209,50-64,1702,13,Montgomery County,Georgia
13209,65+,1512,13,Montgomery County,Georgia
13211,0-4,1099,13,Morgan County,Georgia
13211,18-49,7537,13,Morgan County,Georgia
13211,5-17,3510,13,Morgan County,Georgia
13211,50-64,4283,13,Morgan County,Georgia
13211,65+,4185,13,Morgan County,Georgia
13213,0-4,2376,13,Murray County,Georgia
13213,18-49,16363,13,Murray County,Georgia
13213,5-17,7243,13,Murray County,Georgia
13213,50-64,8303,13,Murray County,Georgia
13213,65+,5997,13,Murray County,Georgia
13215,0-4,14074,13,Muscogee County,Georgia
13215,18-49,89223,13,Muscogee County,Georgia
13215,5-17,37053,13,Muscogee County,Georgia
13215,50-64,34663,13,Muscogee County,Georgia
13215,65+,29370,13,Muscogee County,Georgia
13217,0-4,7016,13,Newton County,Georgia
13217,18-49,48673,13,Newton County,Georgia
13217,5-17,22553,13,Newton County,Georgia
13217,50-64,21957,13,Newton County,Georgia
13217,65+,15331,13,Newton County,Georgia
13219,0-4,2054,13,Oconee County,Georgia
13219,18-49,16020,13,Oconee County,Georgia
13219,5-17,9159,13,Oconee County,Georgia
13219,50-64,8646,13,Oconee County,Georgia
13219,65+,6909,13,Oconee County,Georgia
13221,0-4,728,13,Oglethorpe County,Georgia
13221,18-49,5815,13,Oglethorpe County,Georgia
13221,5-17,2558,13,Oglethorpe County,Georgia
13221,50-64,3234,13,Oglethorpe County,Georgia
13221,65+,2886,13,Oglethorpe County,Georgia
13223,0-4,10744,13,Paulding County,Georgia
13223,18-49,75939,13,Paulding County,Georgia
13223,5-17,34056,13,Paulding County,Georgia
13223,50-64,33644,13,Paulding County,Georgia
13223,65+,19909,13,Paulding County,Georgia
13225,0-4,1613,13,Peach County,Georgia
13225,18-49,12108,13,Peach County,Georgia
13225,5-17,4406,13,Peach County,Georgia
13225,50-64,5513,13,Peach County,Georgia
13225,65+,4629,13,Peach County,Georgia
13227,0-4,1711,13,Pickens County,Georgia
13227,18-49,12138,13,Pickens County,Georgia
13227,5-17,4793,13,Pickens County,Georgia
13227,50-64,7895,13,Pickens County,Georgia
13227,65+,7660,13,Pickens County,Georgia
13229,0-4,1102,13,Pierce County,Georgia
13229,18-49,7564,13,Pierce County,Georgia
13229,5-17,3847,13,Pierce County,Georgia
13229,50-64,4091,13,Pierce County,Georgia
13229,65+,3392,13,Pierce County,Georgia
13231,0-4,1065,13,Pike County,Georgia
13231,18-49,7804,13,Pike County,Georgia
13231,5-17,3530,13,Pike County,Georgia
13231,50-64,4020,13,Pike County,Georgia
13231,65+,3121,13,Pike County,Georgia
13233,0-4,2837,13,Polk County,Georgia
13233,18-49,17313,13,Polk County,Georgia
13233,5-17,8157,13,Polk County,Georgia
13233,50-64,8331,13,Polk County,Georgia
13233,65+,6727,13,Polk County,Georgia
13235,0-4,525,13,Pulaski County,Georgia
13235,18-49,3951,13,Pulaski County,Georgia
13235,5-17,1286,13,Pulaski County,Georgia
13235,50-64,1839,13,Pulaski County,Georgia
13235,65+,2292,13,Pulaski County,Georgia
13237,0-4,1047,13,Putnam County,Georgia
13237,18-49,7412,13,Putnam County,Georgia
13237,5-17,3370,13,Putnam County,Georgia
13237,50-64,5180,13,Putnam County,Georgia
13237,65+,5515,13,Putnam County,Georgia
13239,0-4,28,13,Quitman County,Georgia
13239,18-49,622,13,Quitman County,Georgia
13239,5-17,174,13,Quitman County,Georgia
13239,50-64,570,13,Quitman County,Georgia
13239,65+,698,13,Quitman County,Georgia
13241,0-4,734,13,Rabun County,Georgia
13241,18-49,5791,13,Rabun County,Georgia
13241,5-17,2056,13,Rabun County,Georgia
13241,50-64,3659,13,Rabun County,Georgia
13241,65+,4867,13,Rabun County,Georgia
13243,0-4,600,13,Randolph County,Georgia
13243,18-49,2186,13,Randolph County,Georgia
13243,5-17,1073,13,Randolph County,Georgia
13243,50-64,1096,13,Randolph County,Georgia
13243,65+,1315,13,Randolph County,Georgia
13245,0-4,13449,13,Richmond County,Georgia
13245,18-49,91686,13,Richmond County,Georgia
13245,5-17,34006,13,Richmond County,Georgia
13245,50-64,36235,13,Richmond County,Georgia
13245,65+,30664,13,Richmond County,Georgia
13247,0-4,5148,13,Rockdale County,Georgia
13247,18-49,37345,13,Rockdale County,Georgia
13247,5-17,17432,13,Rockdale County,Georgia
13247,50-64,19816,13,Rockdale County,Georgia
13247,65+,14552,13,Rockdale County,Georgia
13249,0-4,196,13,Schley County,Georgia
13249,18-49,1669,13,Schley County,Georgia
13249,5-17,890,13,Schley County,Georgia
13249,50-64,1080,13,Schley County,Georgia
13249,65+,704,13,Schley County,Georgia
13251,0-4,806,13,Screven County,Georgia
13251,18-49,5169,13,Screven County,Georgia
13251,5-17,2138,13,Screven County,Georgia
13251,50-64,3098,13,Screven County,Georgia
13251,65+,2846,13,Screven County,Georgia
13253,0-4,434,13,Seminole County,Georgia
13253,18-49,3043,13,Seminole County,Georgia
13253,5-17,1392,13,Seminole County,Georgia
13253,50-64,1975,13,Seminole County,Georgia
13253,65+,2273,13,Seminole County,Georgia
13255,0-4,4318,13,Spalding County,Georgia
13255,18-49,26605,13,Spalding County,Georgia
13255,5-17,11638,13,Spalding County,Georgia
13255,50-64,12857,13,Spalding County,Georgia
13255,65+,12797,13,Spalding County,Georgia
13257,0-4,1691,13,Stephens County,Georgia
13257,18-49,9985,13,Stephens County,Georgia
13257,5-17,4247,13,Stephens County,Georgia
13257,50-64,5405,13,Stephens County,Georgia
13257,65+,5514,13,Stephens County,Georgia
13259,0-4,74,13,Stewart County,Georgia
13259,18-49,2771,13,Stewart County,Georgia
13259,5-17,517,13,Stewart County,Georgia
13259,50-64,831,13,Stewart County,Georgia
13259,65+,785,13,Stewart County,Georgia
13261,0-4,1710,13,Sumter County,Georgia
13261,18-49,12411,13,Sumter County,Georgia
13261,5-17,4859,13,Sumter County,Georgia
13261,50-64,5158,13,Sumter County,Georgia
13261,65+,5036,13,Sumter County,Georgia
13263,0-4,188,13,Talbot County,Georgia
13263,18-49,1904,13,Talbot County,Georgia
13263,5-17,751,13,Talbot County,Georgia
13263,50-64,1363,13,Talbot County,Georgia
13263,65+,1547,13,Talbot County,Georgia
13265,0-4,89,13,Taliaferro County,Georgia
13265,18-49,635,13,Taliaferro County,Georgia
13265,5-17,225,13,Taliaferro County,Georgia
13265,50-64,320,13,Taliaferro County,Georgia
13265,65+,471,13,Taliaferro County,Georgia
13267,0-4,1073,13,Tattnall County,Georgia
13267,18-49,11282,13,Tattnall County,Georgia
13267,5-17,3820,13,Tattnall County,Georgia
13267,50-64,4349,13,Tattnall County,Georgia
13267,65+,3691,13,Tattnall County,Georgia
13269,0-4,390,13,Taylor County,Georgia
13269,18-49,2829,13,Taylor County,Georgia
13269,5-17,1166,13,Taylor County,Georgia
13269,50-64,1728,13,Taylor County,Georgia
13269,65+,1673,13,Taylor County,Georgia
13271,0-4,502,13,Telfair County,Georgia
13271,18-49,5009,13,Telfair County,Georgia
13271,5-17,2276,13,Telfair County,Georgia
13271,50-64,2206,13,Telfair County,Georgia
13271,65+,2181,13,Telfair County,Georgia
13273,0-4,480,13,Terrell County,Georgia
13273,18-49,3287,13,Terrell County,Georgia
13273,5-17,1556,13,Terrell County,Georgia
13273,50-64,1799,13,Terrell County,Georgia
13273,65+,1819,13,Terrell County,Georgia
13275,0-4,2772,13,Thomas County,Georgia
13275,18-49,17314,13,Thomas County,Georgia
13275,5-17,8121,13,Thomas County,Georgia
13275,50-64,9002,13,Thomas County,Georgia
13275,65+,8487,13,Thomas County,Georgia
13277,0-4,2721,13,Tift County,Georgia
13277,18-49,17075,13,Tift County,Georgia
13277,5-17,7654,13,Tift County,Georgia
13277,50-64,7468,13,Tift County,Georgia
13277,65+,6404,13,Tift County,Georgia
13279,0-4,1875,13,Toombs County,Georgia
13279,18-49,10588,13,Toombs County,Georgia
13279,5-17,5249,13,Toombs County,Georgia
13279,50-64,4646,13,Toombs County,Georgia
13279,65+,4585,13,Toombs County,Georgia
13281,0-4,425,13,Towns County,Georgia
13281,18-49,3830,13,Towns County,Georgia
13281,5-17,1170,13,Towns County,Georgia
13281,50-64,2688,13,Towns County,Georgia
13281,65+,4626,13,Towns County,Georgia
13283,0-4,426,13,Treutlen County,Georgia
13283,18-49,2447,13,Treutlen County,Georgia
13283,5-17,1059,13,Treutlen County,Georgia
13283,50-64,1273,13,Treutlen County,Georgia
13283,65+,1182,13,Treutlen County,Georgia
13285,0-4,4323,13,Troup County,Georgia
13285,18-49,28616,13,Troup County,Georgia
13285,5-17,12831,13,Troup County,Georgia
13285,50-64,13176,13,Troup County,Georgia
13285,65+,10875,13,Troup County,Georgia
13287,0-4,653,13,Turner County,Georgia
13287,18-49,3256,13,Turner County,Georgia
13287,5-17,1616,13,Turner County,Georgia
13287,50-64,1670,13,Turner County,Georgia
13287,65+,1720,13,Turner County,Georgia
13289,0-4,361,13,Twiggs County,Georgia
13289,18-49,2650,13,Twiggs County,Georgia
13289,5-17,1133,13,Twiggs County,Georgia
13289,50-64,1834,13,Twiggs County,Georgia
13289,65+,1891,13,Twiggs County,Georgia
13291,0-4,981,13,Union County,Georgia
13291,18-49,7144,13,Union County,Georgia
13291,5-17,2939,13,Union County,Georgia
13291,50-64,5861,13,Union County,Georgia
13291,65+,8673,13,Union County,Georgia
13293,0-4,1717,13,Upson County,Georgia
13293,18-49,10574,13,Upson County,Georgia
13293,5-17,4709,13,Upson County,Georgia
13293,50-64,5740,13,Upson County,Georgia
13293,65+,5116,13,Upson County,Georgia
13295,0-4,3683,13,Walker County,Georgia
13295,18-49,26835,13,Walker County,Georgia
13295,5-17,10965,13,Walker County,Georgia
13295,50-64,13900,13,Walker County,Georgia
13295,65+,13066,13,Walker County,Georgia
13297,0-4,5818,13,Walton County,Georgia
13297,18-49,40115,13,Walton County,Georgia
13297,5-17,18438,13,Walton County,Georgia
13297,50-64,19899,13,Walton County,Georgia
13297,65+,16091,13,Walton County,Georgia
13299,0-4,2275,13,Ware County,Georgia
13299,18-49,14172,13,Ware County,Georgia
13299,5-17,6676,13,Ware County,Georgia
13299,50-64,6694,13,Ware County,Georgia
13299,65+,6141,13,Ware County,Georgia
13301,0-4,341,13,Warren County,Georgia
13301,18-49,1898,13,Warren County,Georgia
13301,5-17,706,13,Warren County,Georgia
13301,50-64,1035,13,Warren County,Georgia
13301,65+,1195,13,Warren County,Georgia
13303,0-4,1050,13,Washington County,Georgia
13303,18-49,7823,13,Washington County,Georgia
13303,5-17,3245,13,Washington County,Georgia
13303,50-64,4153,13,Washington County,Georgia
13303,65+,3622,13,Washington County,Georgia
13305,0-4,1747,13,Wayne County,Georgia
13305,18-49,12395,13,Wayne County,Georgia
13305,5-17,5679,13,Wayne County,Georgia
13305,50-64,5730,13,Wayne County,Georgia
13305,65+,4968,13,Wayne County,Georgia
13307,0-4,98,13,Webster County,Georgia
13307,18-49,1162,13,Webster County,Georgia
13307,5-17,230,13,Webster County,Georgia
13307,50-64,401,13,Webster County,Georgia
13307,65+,457,13,Webster County,Georgia
13309,0-4,246,13,Wheeler County,Georgia
13309,18-49,3949,13,Wheeler County,Georgia
13309,5-17,933,13,Wheeler County,Georgia
13309,50-64,1210,13,Wheeler County,Georgia
13309,65+,1096,13,Wheeler County,Georgia
13311,0-4,1354,13,White County,Georgia
13311,18-49,10271,13,White County,Georgia
13311,5-17,4136,13,White County,Georgia
13311,50-64,6173,13,White County,Georgia
13311,65+,6520,13,White County,Georgia
13313,0-4,6453,13,Whitfield County,Georgia
13313,18-49,43030,13,Whitfield County,Georgia
13313,5-17,19598,13,Whitfield County,Georgia
13313,50-64,18884,13,Whitfield County,Georgia
13313,65+,15153,13,Whitfield County,Georgia
13315,0-4,403,13,Wilcox County,Georgia
13315,18-49,3830,13,Wilcox County,Georgia
13315,5-17,1237,13,Wilcox County,Georgia
13315,50-64,1605,13,Wilcox County,Georgia
13315,65+,1709,13,Wilcox County,Georgia
13317,0-4,476,13,Wilkes County,Georgia
13317,18-49,3226,13,Wilkes County,Georgia
13317,5-17,1493,13,Wilkes County,Georgia
13317,50-64,2093,13,Wilkes County,Georgia
13317,65+,2265,13,Wilkes County,Georgia
13319,0-4,470,13,Wilkinson County,Georgia
13319,18-49,3134,13,Wilkinson County,Georgia
13319,5-17,1433,13,Wilkinson County,Georgia
13319,50-64,1987,13,Wilkinson County,Georgia
13319,65+,1771,13,Wilkinson County,Georgia
13321,0-4,1195,13,Worth County,Georgia
13321,18-49,7141,13,Worth County,Georgia
13321,5-17,3390,13,Worth County,Georgia
13321,50-64,4721,13,Worth County,Georgia
13321,65+,4128,13,Worth County,Georgia
15001,0-4,10742,15,Hawaii County,Hawaii
15001,18-49,73586,15,Hawaii County,Hawaii
15001,5-17,31711,15,Hawaii County,Hawaii
15001,50-64,40478,15,Hawaii County,Hawaii
15001,65+,47167,15,Hawaii County,Hawaii
15003,0-4,58349,15,Honolulu County,Hawaii
15003,18-49,423435,15,Honolulu County,Hawaii
15003,5-17,150101,15,Honolulu County,Hawaii
15003,50-64,180317,15,Honolulu County,Hawaii
15003,65+,191464,15,Honolulu County,Hawaii
15005,0-4,0,15,Kalawao County,Hawaii
15005,18-49,27,15,Kalawao County,Hawaii
15005,5-17,0,15,Kalawao County,Hawaii
15005,50-64,5,15,Kalawao County,Hawaii
15005,65+,11,15,Kalawao County,Hawaii
15007,0-4,3980,15,Kauai County,Hawaii
15007,18-49,27241,15,Kauai County,Hawaii
15007,5-17,11749,15,Kauai County,Hawaii
15007,50-64,14622,15,Kauai County,Hawaii
15007,65+,16018,15,Kauai County,Hawaii
15009,0-4,8950,15,Maui County,Hawaii
15009,18-49,62641,15,Maui County,Hawaii
15009,5-17,25890,15,Maui County,Hawaii
15009,50-64,34169,15,Maui County,Hawaii
15009,65+,32982,15,Maui County,Hawaii
16001,0-4,26406,16,Ada County,Idaho
16001,18-49,221389,16,Ada County,Idaho
16001,5-17,87665,16,Ada County,Idaho
16001,50-64,92616,16,Ada County,Idaho
16001,65+,79976,16,Ada County,Idaho
16003,0-4,154,16,Adams County,Idaho
16003,18-49,1306,16,Adams County,Idaho
16003,5-17,634,16,Adams County,Idaho
16003,50-64,1108,16,Adams County,Idaho
16003,65+,1397,16,Adams County,Idaho
16005,0-4,5549,16,Bannock County,Idaho
16005,18-49,38535,16,Bannock County,Idaho
16005,5-17,16960,16,Bannock County,Idaho
16005,50-64,14169,16,Bannock County,Idaho
16005,65+,13244,16,Bannock County,Idaho
16007,0-4,425,16,Bear Lake County,Idaho
16007,18-49,2256,16,Bear Lake County,Idaho
16007,5-17,1351,16,Bear Lake County,Idaho
16007,50-64,1152,16,Bear Lake County,Idaho
16007,65+,1368,16,Bear Lake County,Idaho
16009,0-4,522,16,Benewah County,Idaho
16009,18-49,3190,16,Benewah County,Idaho
16009,5-17,1667,16,Benewah County,Idaho
16009,50-64,2209,16,Benewah County,Idaho
16009,65+,2325,16,Benewah County,Idaho
16011,0-4,3438,16,Bingham County,Idaho
16011,18-49,19335,16,Bingham County,Idaho
16011,5-17,11132,16,Bingham County,Idaho
16011,50-64,7830,16,Bingham County,Idaho
16011,65+,7258,16,Bingham County,Idaho
16013,0-4,773,16,Blaine County,Idaho
16013,18-49,9045,16,Blaine County,Idaho
16013,5-17,4042,16,Blaine County,Idaho
16013,50-64,5353,16,Blaine County,Idaho
16013,65+,5366,16,Blaine County,Idaho
16015,0-4,307,16,Boise County,Idaho
16015,18-49,2403,16,Boise County,Idaho
16015,5-17,929,16,Boise County,Idaho
16015,50-64,2209,16,Boise County,Idaho
16015,65+,2197,16,Boise County,Idaho
16017,0-4,2217,16,Bonner County,Idaho
16017,18-49,15926,16,Bonner County,Idaho
16017,5-17,7487,16,Bonner County,Idaho
16017,50-64,10894,16,Bonner County,Idaho
16017,65+,12932,16,Bonner County,Idaho
16019,0-4,9615,16,Bonneville County,Idaho
16019,18-49,52333,16,Bonneville County,Idaho
16019,5-17,28745,16,Bonneville County,Idaho
16019,50-64,19018,16,Bonneville County,Idaho
16019,65+,17345,16,Bonneville County,Idaho
16021,0-4,820,16,Boundary County,Idaho
16021,18-49,4329,16,Boundary County,Idaho
16021,5-17,2142,16,Boundary County,Idaho
16021,50-64,2414,16,Boundary County,Idaho
16021,65+,2990,16,Boundary County,Idaho
16023,0-4,128,16,Butte County,Idaho
16023,18-49,934,16,Butte County,Idaho
16023,5-17,577,16,Butte County,Idaho
16023,50-64,487,16,Butte County,Idaho
16023,65+,528,16,Butte County,Idaho
16025,0-4,102,16,Camas County,Idaho
16025,18-49,409,16,Camas County,Idaho
16025,5-17,281,16,Camas County,Idaho
16025,50-64,191,16,Camas County,Idaho
16025,65+,172,16,Camas County,Idaho
16027,0-4,16568,16,Canyon County,Idaho
16027,18-49,102091,16,Canyon County,Idaho
16027,5-17,49261,16,Canyon County,Idaho
16027,50-64,39690,16,Canyon County,Idaho
16027,65+,34795,16,Canyon County,Idaho
16029,0-4,454,16,Caribou County,Idaho
16029,18-49,2686,16,Caribou County,Idaho
16029,5-17,1502,16,Caribou County,Idaho
16029,50-64,1199,16,Caribou County,Idaho
16029,65+,1277,16,Caribou County,Idaho
16031,0-4,1979,16,Cassia County,Idaho
16031,18-49,9934,16,Cassia County,Idaho
16031,5-17,5879,16,Cassia County,Idaho
16031,50-64,3923,16,Cassia County,Idaho
16031,65+,3450,16,Cassia County,Idaho
16033,0-4,69,16,Clark County,Idaho
16033,18-49,293,16,Clark County,Idaho
16033,5-17,155,16,Clark County,Idaho
16033,50-64,157,16,Clark County,Idaho
16033,65+,102,16,Clark County,Idaho
16035,0-4,327,16,Clearwater County,Idaho
16035,18-49,2932,16,Clearwater County,Idaho
16035,5-17,1038,16,Clearwater County,Idaho
16035,50-64,2080,16,Clearwater County,Idaho
16035,65+,2544,16,Clearwater County,Idaho
16037,0-4,111,16,Custer County,Idaho
16037,18-49,1091,16,Custer County,Idaho
16037,5-17,380,16,Custer County,Idaho
16037,50-64,1235,16,Custer County,Idaho
16037,65+,1594,16,Custer County,Idaho
16039,0-4,2245,16,Elmore County,Idaho
16039,18-49,12965,16,Elmore County,Idaho
16039,5-17,4885,16,Elmore County,Idaho
16039,50-64,4831,16,Elmore County,Idaho
16039,65+,4120,16,Elmore County,Idaho
16041,0-4,1118,16,Franklin County,Idaho
16041,18-49,5803,16,Franklin County,Idaho
16041,5-17,3435,16,Franklin County,Idaho
16041,50-64,2280,16,Franklin County,Idaho
16041,65+,2079,16,Franklin County,Idaho
16043,0-4,835,16,Fremont County,Idaho
16043,18-49,5479,16,Fremont County,Idaho
16043,5-17,2464,16,Fremont County,Idaho
16043,50-64,2485,16,Fremont County,Idaho
16043,65+,2438,16,Fremont County,Idaho
16045,0-4,1045,16,Gem County,Idaho
16045,18-49,6965,16,Gem County,Idaho
16045,5-17,3395,16,Gem County,Idaho
16045,50-64,3937,16,Gem County,Idaho
16045,65+,4512,16,Gem County,Idaho
16047,0-4,970,16,Gooding County,Idaho
16047,18-49,5851,16,Gooding County,Idaho
16047,5-17,3299,16,Gooding County,Idaho
16047,50-64,2760,16,Gooding County,Idaho
16047,65+,2860,16,Gooding County,Idaho
16049,0-4,922,16,Idaho County,Idaho
16049,18-49,5220,16,Idaho County,Idaho
16049,5-17,2463,16,Idaho County,Idaho
16049,50-64,3620,16,Idaho County,Idaho
16049,65+,4895,16,Idaho County,Idaho
16051,0-4,2397,16,Jefferson County,Idaho
16051,18-49,12890,16,Jefferson County,Idaho
16051,5-17,8195,16,Jefferson County,Idaho
16051,50-64,5035,16,Jefferson County,Idaho
16051,65+,3717,16,Jefferson County,Idaho
16053,0-4,1853,16,Jerome County,Idaho
16053,18-49,9929,16,Jerome County,Idaho
16053,5-17,5581,16,Jerome County,Idaho
16053,50-64,4122,16,Jerome County,Idaho
16053,65+,3303,16,Jerome County,Idaho
16055,0-4,9803,16,Kootenai County,Idaho
16055,18-49,68381,16,Kootenai County,Idaho
16055,5-17,30300,16,Kootenai County,Idaho
16055,50-64,34249,16,Kootenai County,Idaho
16055,65+,35003,16,Kootenai County,Idaho
16057,0-4,1979,16,Latah County,Idaho
16057,18-49,20983,16,Latah County,Idaho
16057,5-17,5646,16,Latah County,Idaho
16057,50-64,5873,16,Latah County,Idaho
16057,65+,5834,16,Latah County,Idaho
16059,0-4,381,16,Lemhi County,Idaho
16059,18-49,2443,16,Lemhi County,Idaho
16059,5-17,1114,16,Lemhi County,Idaho
16059,50-64,1743,16,Lemhi County,Idaho
16059,65+,2485,16,Lemhi County,Idaho
16061,0-4,175,16,Lewis County,Idaho
16061,18-49,1053,16,Lewis County,Idaho
16061,5-17,627,16,Lewis County,Idaho
16061,50-64,780,16,Lewis County,Idaho
16061,65+,1014,16,Lewis County,Idaho
16063,0-4,328,16,Lincoln County,Idaho
16063,18-49,2130,16,Lincoln County,Idaho
16063,5-17,1045,16,Lincoln County,Idaho
16063,50-64,956,16,Lincoln County,Idaho
16063,65+,817,16,Lincoln County,Idaho
16065,0-4,3671,16,Madison County,Idaho
16065,18-49,36362,16,Madison County,Idaho
16065,5-17,7330,16,Madison County,Idaho
16065,50-64,3366,16,Madison County,Idaho
16065,65+,2849,16,Madison County,Idaho
16067,0-4,1559,16,Minidoka County,Idaho
16067,18-49,8445,16,Minidoka County,Idaho
16067,5-17,4848,16,Minidoka County,Idaho
16067,50-64,3627,16,Minidoka County,Idaho
16067,65+,3443,16,Minidoka County,Idaho
16069,0-4,2281,16,Nez Perce County,Idaho
16069,18-49,16254,16,Nez Perce County,Idaho
16069,5-17,6812,16,Nez Perce County,Idaho
16069,50-64,8397,16,Nez Perce County,Idaho
16069,65+,8733,16,Nez Perce County,Idaho
16071,0-4,298,16,Oneida County,Idaho
16071,18-49,1719,16,Oneida County,Idaho
16071,5-17,952,16,Oneida County,Idaho
16071,50-64,801,16,Oneida County,Idaho
16071,65+,911,16,Oneida County,Idaho
16073,0-4,734,16,Owyhee County,Idaho
16073,18-49,4620,16,Owyhee County,Idaho
16073,5-17,2334,16,Owyhee County,Idaho
16073,50-64,2249,16,Owyhee County,Idaho
16073,65+,2347,16,Owyhee County,Idaho
16075,0-4,1674,16,Payette County,Idaho
16075,18-49,9651,16,Payette County,Idaho
16075,5-17,5045,16,Payette County,Idaho
16075,50-64,4772,16,Payette County,Idaho
16075,65+,5048,16,Payette County,Idaho
16077,0-4,424,16,Power County,Idaho
16077,18-49,2951,16,Power County,Idaho
16077,5-17,2011,16,Power County,Idaho
16077,50-64,1377,16,Power County,Idaho
16077,65+,1255,16,Power County,Idaho
16079,0-4,838,16,Shoshone County,Idaho
16079,18-49,4655,16,Shoshone County,Idaho
16079,5-17,1982,16,Shoshone County,Idaho
16079,50-64,3013,16,Shoshone County,Idaho
16079,65+,3092,16,Shoshone County,Idaho
16081,0-4,705,16,Teton County,Idaho
16081,18-49,5243,16,Teton County,Idaho
16081,5-17,2098,16,Teton County,Idaho
16081,50-64,2424,16,Teton County,Idaho
16081,65+,1631,16,Teton County,Idaho
16083,0-4,5937,16,Twin Falls County,Idaho
16083,18-49,37405,16,Twin Falls County,Idaho
16083,5-17,18670,16,Twin Falls County,Idaho
16083,50-64,14974,16,Twin Falls County,Idaho
16083,65+,15135,16,Twin Falls County,Idaho
16085,0-4,575,16,Valley County,Idaho
16085,18-49,4046,16,Valley County,Idaho
16085,5-17,1656,16,Valley County,Idaho
16085,50-64,2639,16,Valley County,Idaho
16085,65+,3220,16,Valley County,Idaho
16087,0-4,555,16,Washington County,Idaho
16087,18-49,3598,16,Washington County,Idaho
16087,5-17,1887,16,Washington County,Idaho
16087,50-64,2036,16,Washington County,Idaho
16087,65+,2790,16,Washington County,Idaho
17001,0-4,3897,17,Adams County,Illinois
17001,18-49,24168,17,Adams County,Illinois
17001,5-17,10896,17,Adams County,Illinois
17001,50-64,13133,17,Adams County,Illinois
17001,65+,13072,17,Adams County,Illinois
17003,0-4,236,17,Alexander County,Illinois
17003,18-49,1581,17,Alexander County,Illinois
17003,5-17,856,17,Alexander County,Illinois
17003,50-64,1148,17,Alexander County,Illinois
17003,65+,1221,17,Alexander County,Illinois
17005,0-4,645,17,Bond County,Illinois
17005,18-49,7286,17,Bond County,Illinois
17005,5-17,2384,17,Bond County,Illinois
17005,50-64,3268,17,Bond County,Illinois
17005,65+,3044,17,Bond County,Illinois
17007,0-4,2872,17,Boone County,Illinois
17007,18-49,20927,17,Boone County,Illinois
17007,5-17,10014,17,Boone County,Illinois
17007,50-64,10784,17,Boone County,Illinois
17007,65+,8719,17,Boone County,Illinois
17009,0-4,288,17,Brown County,Illinois
17009,18-49,2916,17,Brown County,Illinois
17009,5-17,814,17,Brown County,Illinois
17009,50-64,1278,17,Brown County,Illinois
17009,65+,1024,17,Brown County,Illinois
17011,0-4,1709,17,Bureau County,Illinois
17011,18-49,11739,17,Bureau County,Illinois
17011,5-17,5213,17,Bureau County,Illinois
17011,50-64,6878,17,Bureau County,Illinois
17011,65+,7488,17,Bureau County,Illinois
17013,0-4,184,17,Calhoun County,Illinois
17013,18-49,1399,17,Calhoun County,Illinois
17013,5-17,713,17,Calhoun County,Illinois
17013,50-64,1024,17,Calhoun County,Illinois
17013,65+,1086,17,Calhoun County,Illinois
17015,0-4,677,17,Carroll County,Illinois
17015,18-49,5920,17,Carroll County,Illinois
17015,5-17,2150,17,Carroll County,Illinois
17015,50-64,3125,17,Carroll County,Illinois
17015,65+,3749,17,Carroll County,Illinois
17017,0-4,860,17,Cass County,Illinois
17017,18-49,5022,17,Cass County,Illinois
17017,5-17,2281,17,Cass County,Illinois
17017,50-64,2281,17,Cass County,Illinois
17017,65+,2382,17,Cass County,Illinois
17019,0-4,10846,17,Champaign County,Illinois
17019,18-49,108056,17,Champaign County,Illinois
17019,5-17,28884,17,Champaign County,Illinois
17019,50-64,30247,17,Champaign County,Illinois
17019,65+,28065,17,Champaign County,Illinois
17021,0-4,1685,17,Christian County,Illinois
17021,18-49,13088,17,Christian County,Illinois
17021,5-17,5049,17,Christian County,Illinois
17021,50-64,7231,17,Christian County,Illinois
17021,65+,6631,17,Christian County,Illinois
17023,0-4,847,17,Clark County,Illinois
17023,18-49,5630,17,Clark County,Illinois
17023,5-17,2576,17,Clark County,Illinois
17023,50-64,3257,17,Clark County,Illinois
17023,65+,3018,17,Clark County,Illinois
17025,0-4,732,17,Clay County,Illinois
17025,18-49,4749,17,Clay County,Illinois
17025,5-17,2302,17,Clay County,Illinois
17025,50-64,2652,17,Clay County,Illinois
17025,65+,2738,17,Clay County,Illinois
17027,0-4,2095,17,Clinton County,Illinois
17027,18-49,14344,17,Clinton County,Illinois
17027,5-17,5871,17,Clinton County,Illinois
17027,50-64,7897,17,Clinton County,Illinois
17027,65+,6692,17,Clinton County,Illinois
17029,0-4,2367,17,Coles County,Illinois
17029,18-49,21163,17,Coles County,Illinois
17029,5-17,6154,17,Coles County,Illinois
17029,50-64,8561,17,Coles County,Illinois
17029,65+,8444,17,Coles County,Illinois
17031,0-4,290804,17,Cook County,Illinois
17031,18-49,2308850,17,Cook County,Illinois
17031,5-17,820161,17,Cook County,Illinois
17031,50-64,959690,17,Cook County,Illinois
17031,65+,806307,17,Cook County,Illinois
17033,0-4,998,17,Crawford County,Illinois
17033,18-49,7371,17,Crawford County,Illinois
17033,5-17,2758,17,Crawford County,Illinois
17033,50-64,3836,17,Crawford County,Illinois
17033,65+,3625,17,Crawford County,Illinois
17035,0-4,701,17,Cumberland County,Illinois
17035,18-49,3653,17,Cumberland County,Illinois
17035,5-17,1774,17,Cumberland County,Illinois
17035,50-64,2142,17,Cumberland County,Illinois
17035,65+,2108,17,Cumberland County,Illinois
17037,0-4,5563,17,DeKalb County,Illinois
17037,18-49,48633,17,DeKalb County,Illinois
17037,5-17,16343,17,DeKalb County,Illinois
17037,50-64,16277,17,DeKalb County,Illinois
17037,65+,13696,17,DeKalb County,Illinois
17039,0-4,905,17,De Witt County,Illinois
17039,18-49,5611,17,De Witt County,Illinois
17039,5-17,2418,17,De Witt County,Illinois
17039,50-64,3430,17,De Witt County,Illinois
17039,65+,3097,17,De Witt County,Illinois
17041,0-4,1313,17,Douglas County,Illinois
17041,18-49,7610,17,Douglas County,Illinois
17041,5-17,3523,17,Douglas County,Illinois
17041,50-64,3597,17,Douglas County,Illinois
17041,65+,3643,17,Douglas County,Illinois
17043,0-4,52102,17,DuPage County,Illinois
17043,18-49,375060,17,DuPage County,Illinois
17043,5-17,155472,17,DuPage County,Illinois
17043,50-64,188494,17,DuPage County,Illinois
17043,65+,156135,17,DuPage County,Illinois
17045,0-4,791,17,Edgar County,Illinois
17045,18-49,5848,17,Edgar County,Illinois
17045,5-17,2490,17,Edgar County,Illinois
17045,50-64,3523,17,Edgar County,Illinois
17045,65+,3985,17,Edgar County,Illinois
17047,0-4,357,17,Edwards County,Illinois
17047,18-49,2090,17,Edwards County,Illinois
17047,5-17,1022,17,Edwards County,Illinois
17047,50-64,1294,17,Edwards County,Illinois
17047,65+,1355,17,Edwards County,Illinois
17049,0-4,2252,17,Effingham County,Illinois
17049,18-49,12959,17,Effingham County,Illinois
17049,5-17,6096,17,Effingham County,Illinois
17049,50-64,6867,17,Effingham County,Illinois
17049,65+,6331,17,Effingham County,Illinois
17051,0-4,1211,17,Fayette County,Illinois
17051,18-49,8589,17,Fayette County,Illinois
17051,5-17,3168,17,Fayette County,Illinois
17051,50-64,4303,17,Fayette County,Illinois
17051,65+,4109,17,Fayette County,Illinois
17053,0-4,766,17,Ford County,Illinois
17053,18-49,4925,17,Ford County,Illinois
17053,5-17,2354,17,Ford County,Illinois
17053,50-64,2767,17,Ford County,Illinois
17053,65+,2584,17,Ford County,Illinois
17055,0-4,2144,17,Franklin County,Illinois
17055,18-49,13683,17,Franklin County,Illinois
17055,5-17,6179,17,Franklin County,Illinois
17055,50-64,7736,17,Franklin County,Illinois
17055,65+,7799,17,Franklin County,Illinois
17057,0-4,1619,17,Fulton County,Illinois
17057,18-49,12785,17,Fulton County,Illinois
17057,5-17,4947,17,Fulton County,Illinois
17057,50-64,6897,17,Fulton County,Illinois
17057,65+,7011,17,Fulton County,Illinois
17059,0-4,205,17,Gallatin County,Illinois
17059,18-49,1646,17,Gallatin County,Illinois
17059,5-17,757,17,Gallatin County,Illinois
17059,50-64,1003,17,Gallatin County,Illinois
17059,65+,1246,17,Gallatin County,Illinois
17061,0-4,604,17,Greene County,Illinois
17061,18-49,4271,17,Greene County,Illinois
17061,5-17,1930,17,Greene County,Illinois
17061,50-64,2622,17,Greene County,Illinois
17061,65+,2410,17,Greene County,Illinois
17063,0-4,3081,17,Grundy County,Illinois
17063,18-49,21564,17,Grundy County,Illinois
17063,5-17,9991,17,Grundy County,Illinois
17063,50-64,10557,17,Grundy County,Illinois
17063,65+,7727,17,Grundy County,Illinois
17065,0-4,445,17,Hamilton County,Illinois
17065,18-49,2794,17,Hamilton County,Illinois
17065,5-17,1367,17,Hamilton County,Illinois
17065,50-64,1599,17,Hamilton County,Illinois
17065,65+,1767,17,Hamilton County,Illinois
17067,0-4,860,17,Hancock County,Illinois
17067,18-49,5769,17,Hancock County,Illinois
17067,5-17,2820,17,Hancock County,Illinois
17067,50-64,3818,17,Hancock County,Illinois
17067,65+,4167,17,Hancock County,Illinois
17069,0-4,77,17,Hardin County,Illinois
17069,18-49,1037,17,Hardin County,Illinois
17069,5-17,417,17,Hardin County,Illinois
17069,50-64,940,17,Hardin County,Illinois
17069,65+,1152,17,Hardin County,Illinois
17071,0-4,296,17,Henderson County,Illinois
17071,18-49,1970,17,Henderson County,Illinois
17071,5-17,892,17,Henderson County,Illinois
17071,50-64,1448,17,Henderson County,Illinois
17071,65+,1678,17,Henderson County,Illinois
17073,0-4,2520,17,Henry County,Illinois
17073,18-49,17776,17,Henry County,Illinois
17073,5-17,8273,17,Henry County,Illinois
17073,50-64,10015,17,Henry County,Illinois
17073,65+,10364,17,Henry County,Illinois
17075,0-4,1532,17,Iroquois County,Illinois
17075,18-49,9393,17,Iroquois County,Illinois
17075,5-17,4270,17,Iroquois County,Illinois
17075,50-64,5612,17,Iroquois County,Illinois
17075,65+,5939,17,Iroquois County,Illinois
17077,0-4,2790,17,Jackson County,Illinois
17077,18-49,25749,17,Jackson County,Illinois
17077,5-17,7217,17,Jackson County,Illinois
17077,50-64,8373,17,Jackson County,Illinois
17077,65+,8577,17,Jackson County,Illinois
17079,0-4,548,17,Jasper County,Illinois
17079,18-49,3197,17,Jasper County,Illinois
17079,5-17,1522,17,Jasper County,Illinois
17079,50-64,2074,17,Jasper County,Illinois
17079,65+,1892,17,Jasper County,Illinois
17081,0-4,2141,17,Jefferson County,Illinois
17081,18-49,14016,17,Jefferson County,Illinois
17081,5-17,6122,17,Jefferson County,Illinois
17081,50-64,7268,17,Jefferson County,Illinois
17081,65+,7261,17,Jefferson County,Illinois
17083,0-4,986,17,Jersey County,Illinois
17083,18-49,8075,17,Jersey County,Illinois
17083,5-17,3270,17,Jersey County,Illinois
17083,50-64,4716,17,Jersey County,Illinois
17083,65+,4289,17,Jersey County,Illinois
17085,0-4,890,17,Jo Daviess County,Illinois
17085,18-49,6705,17,Jo Daviess County,Illinois
17085,5-17,3172,17,Jo Daviess County,Illinois
17085,50-64,4766,17,Jo Daviess County,Illinois
17085,65+,6385,17,Jo Daviess County,Illinois
17087,0-4,567,17,Johnson County,Illinois
17087,18-49,5462,17,Johnson County,Illinois
17087,5-17,1807,17,Johnson County,Illinois
17087,50-64,2789,17,Johnson County,Illinois
17087,65+,2725,17,Johnson County,Illinois
17089,0-4,30266,17,Kane County,Illinois
17089,18-49,210808,17,Kane County,Illinois
17089,5-17,95600,17,Kane County,Illinois
17089,50-64,102045,17,Kane County,Illinois
17089,65+,77378,17,Kane County,Illinois
17091,0-4,6169,17,Kankakee County,Illinois
17091,18-49,42960,17,Kankakee County,Illinois
17091,5-17,18400,17,Kankakee County,Illinois
17091,50-64,20659,17,Kankakee County,Illinois
17091,65+,18645,17,Kankakee County,Illinois
17093,0-4,8401,17,Kendall County,Illinois
17093,18-49,59948,17,Kendall County,Illinois
17093,5-17,28749,17,Kendall County,Illinois
17093,50-64,23038,17,Kendall County,Illinois
17093,65+,14917,17,Kendall County,Illinois
17095,0-4,2728,17,Knox County,Illinois
17095,18-49,18809,17,Knox County,Illinois
17095,5-17,7221,17,Knox County,Illinois
17095,50-64,9618,17,Knox County,Illinois
17095,65+,10918,17,Knox County,Illinois
17097,0-4,38458,17,Lake County,Illinois
17097,18-49,290148,17,Lake County,Illinois
17097,5-17,129640,17,Lake County,Illinois
17097,50-64,144815,17,Lake County,Illinois
17097,65+,108824,17,Lake County,Illinois
17099,0-4,5739,17,LaSalle County,Illinois
17099,18-49,41558,17,LaSalle County,Illinois
17099,5-17,17495,17,LaSalle County,Illinois
17099,50-64,23049,17,LaSalle County,Illinois
17099,65+,21208,17,LaSalle County,Illinois
17101,0-4,697,17,Lawrence County,Illinois
17101,18-49,6588,17,Lawrence County,Illinois
17101,5-17,2155,17,Lawrence County,Illinois
17101,50-64,2941,17,Lawrence County,Illinois
17101,65+,2756,17,Lawrence County,Illinois
17103,0-4,1683,17,Lee County,Illinois
17103,18-49,12989,17,Lee County,Illinois
17103,5-17,5095,17,Lee County,Illinois
17103,50-64,7238,17,Lee County,Illinois
17103,65+,7053,17,Lee County,Illinois
17105,0-4,2031,17,Livingston County,Illinois
17105,18-49,13435,17,Livingston County,Illinois
17105,5-17,5835,17,Livingston County,Illinois
17105,50-64,7243,17,Livingston County,Illinois
17105,65+,7115,17,Livingston County,Illinois
17107,0-4,1338,17,Logan County,Illinois
17107,18-49,11747,17,Logan County,Illinois
17107,5-17,4109,17,Logan County,Illinois
17107,50-64,5359,17,Logan County,Illinois
17107,65+,5317,17,Logan County,Illinois
17109,0-4,1258,17,McDonough County,Illinois
17109,18-49,12653,17,McDonough County,Illinois
17109,5-17,3595,17,McDonough County,Illinois
17109,50-64,4362,17,McDonough County,Illinois
17109,65+,5234,17,McDonough County,Illinois
17111,0-4,16520,17,McHenry County,Illinois
17111,18-49,122033,17,McHenry County,Illinois
17111,5-17,55136,17,McHenry County,Illinois
17111,50-64,68145,17,McHenry County,Illinois
17111,65+,49532,17,McHenry County,Illinois
17113,0-4,9384,17,McLean County,Illinois
17113,18-49,80804,17,McLean County,Illinois
17113,5-17,27295,17,McLean County,Illinois
17113,50-64,29114,17,McLean County,Illinois
17113,65+,24285,17,McLean County,Illinois
17115,0-4,6315,17,Macon County,Illinois
17115,18-49,38522,17,Macon County,Illinois
17115,5-17,16919,17,Macon County,Illinois
17115,50-64,19750,17,Macon County,Illinois
17115,65+,21085,17,Macon County,Illinois
17117,0-4,2184,17,Macoupin County,Illinois
17117,18-49,16199,17,Macoupin County,Illinois
17117,5-17,7060,17,Macoupin County,Illinois
17117,50-64,9709,17,Macoupin County,Illinois
17117,65+,9414,17,Macoupin County,Illinois
17119,0-4,14040,17,Madison County,Illinois
17119,18-49,106558,17,Madison County,Illinois
17119,5-17,42944,17,Madison County,Illinois
17119,50-64,53488,17,Madison County,Illinois
17119,65+,47601,17,Madison County,Illinois
17121,0-4,2370,17,Marion County,Illinois
17121,18-49,13677,17,Marion County,Illinois
17121,5-17,6430,17,Marion County,Illinois
17121,50-64,7419,17,Marion County,Illinois
17121,65+,7398,17,Marion County,Illinois
17123,0-4,648,17,Marshall County,Illinois
17123,18-49,3927,17,Marshall County,Illinois
17123,5-17,1831,17,Marshall County,Illinois
17123,50-64,2547,17,Marshall County,Illinois
17123,65+,2762,17,Marshall County,Illinois
17125,0-4,598,17,Mason County,Illinois
17125,18-49,4521,17,Mason County,Illinois
17125,5-17,2051,17,Mason County,Illinois
17125,50-64,2745,17,Mason County,Illinois
17125,65+,2963,17,Mason County,Illinois
17127,0-4,640,17,Massac County,Illinois
17127,18-49,4922,17,Massac County,Illinois
17127,5-17,2316,17,Massac County,Illinois
17127,50-64,3092,17,Massac County,Illinois
17127,65+,2988,17,Massac County,Illinois
17129,0-4,654,17,Menard County,Illinois
17129,18-49,4369,17,Menard County,Illinois
17129,5-17,2033,17,Menard County,Illinois
17129,50-64,2656,17,Menard County,Illinois
17129,65+,2457,17,Menard County,Illinois
17131,0-4,757,17,Mercer County,Illinois
17131,18-49,5620,17,Mercer County,Illinois
17131,5-17,2536,17,Mercer County,Illinois
17131,50-64,3354,17,Mercer County,Illinois
17131,65+,3352,17,Mercer County,Illinois
17133,0-4,1865,17,Monroe County,Illinois
17133,18-49,12951,17,Monroe County,Illinois
17133,5-17,5864,17,Monroe County,Illinois
17133,50-64,7701,17,Monroe County,Illinois
17133,65+,6588,17,Monroe County,Illinois
17135,0-4,1393,17,Montgomery County,Illinois
17135,18-49,10662,17,Montgomery County,Illinois
17135,5-17,4256,17,Montgomery County,Illinois
17135,50-64,5872,17,Montgomery County,Illinois
17135,65+,5895,17,Montgomery County,Illinois
17137,0-4,1631,17,Morgan County,Illinois
17137,18-49,12880,17,Morgan County,Illinois
17137,5-17,4672,17,Morgan County,Illinois
17137,50-64,6636,17,Morgan County,Illinois
17137,65+,6802,17,Morgan County,Illinois
17139,0-4,856,17,Moultrie County,Illinois
17139,18-49,5246,17,Moultrie County,Illinois
17139,5-17,2838,17,Moultrie County,Illinois
17139,50-64,2787,17,Moultrie County,Illinois
17139,65+,2742,17,Moultrie County,Illinois
17141,0-4,2737,17,Ogle County,Illinois
17141,18-49,19122,17,Ogle County,Illinois
17141,5-17,8811,17,Ogle County,Illinois
17141,50-64,10900,17,Ogle County,Illinois
17141,65+,9966,17,Ogle County,Illinois
17143,0-4,11860,17,Peoria County,Illinois
17143,18-49,72051,17,Peoria County,Illinois
17143,5-17,31196,17,Peoria County,Illinois
17143,50-64,32487,17,Peoria County,Illinois
17143,65+,32237,17,Peoria County,Illinois
17145,0-4,1024,17,Perry County,Illinois
17145,18-49,8561,17,Perry County,Illinois
17145,5-17,3036,17,Perry County,Illinois
17145,50-64,4064,17,Perry County,Illinois
17145,65+,4125,17,Perry County,Illinois
17147,0-4,864,17,Piatt County,Illinois
17147,18-49,6118,17,Piatt County,Illinois
17147,5-17,2797,17,Piatt County,Illinois
17147,50-64,3502,17,Piatt County,Illinois
17147,65+,3421,17,Piatt County,Illinois
17149,0-4,888,17,Pike County,Illinois
17149,18-49,5174,17,Pike County,Illinois
17149,5-17,2481,17,Pike County,Illinois
17149,50-64,2913,17,Pike County,Illinois
17149,65+,3169,17,Pike County,Illinois
17151,0-4,199,17,Pope County,Illinois
17151,18-49,1243,17,Pope County,Illinois
17151,5-17,390,17,Pope County,Illinois
17151,50-64,947,17,Pope County,Illinois
17151,65+,978,17,Pope County,Illinois
17153,0-4,250,17,Pulaski County,Illinois
17153,18-49,1927,17,Pulaski County,Illinois
17153,5-17,790,17,Pulaski County,Illinois
17153,50-64,953,17,Pulaski County,Illinois
17153,65+,1154,17,Pulaski County,Illinois
17155,0-4,263,17,Putnam County,Illinois
17155,18-49,1876,17,Putnam County,Illinois
17155,5-17,840,17,Putnam County,Illinois
17155,50-64,1285,17,Putnam County,Illinois
17155,65+,1336,17,Putnam County,Illinois
17157,0-4,1537,17,Randolph County,Illinois
17157,18-49,11429,17,Randolph County,Illinois
17157,5-17,4601,17,Randolph County,Illinois
17157,50-64,6299,17,Randolph County,Illinois
17157,65+,6276,17,Randolph County,Illinois
17159,0-4,910,17,Richland County,Illinois
17159,18-49,5662,17,Richland County,Illinois
17159,5-17,2701,17,Richland County,Illinois
17159,50-64,3191,17,Richland County,Illinois
17159,65+,3211,17,Richland County,Illinois
17161,0-4,8404,17,Rock Island County,Illinois
17161,18-49,55248,17,Rock Island County,Illinois
17161,5-17,23819,17,Rock Island County,Illinois
17161,50-64,26833,17,Rock Island County,Illinois
17161,65+,28691,17,Rock Island County,Illinois
17163,0-4,14893,17,St. Clair County,Illinois
17163,18-49,102066,17,St. Clair County,Illinois
17163,5-17,44434,17,St. Clair County,Illinois
17163,50-64,50660,17,St. Clair County,Illinois
17163,65+,42724,17,St. Clair County,Illinois
17165,0-4,1397,17,Saline County,Illinois
17165,18-49,8415,17,Saline County,Illinois
17165,5-17,3490,17,Saline County,Illinois
17165,50-64,5195,17,Saline County,Illinois
17165,65+,4890,17,Saline County,Illinois
17167,0-4,10927,17,Sangamon County,Illinois
17167,18-49,75945,17,Sangamon County,Illinois
17167,5-17,32053,17,Sangamon County,Illinois
17167,50-64,39407,17,Sangamon County,Illinois
17167,65+,36885,17,Sangamon County,Illinois
17169,0-4,278,17,Schuyler County,Illinois
17169,18-49,2339,17,Schuyler County,Illinois
17169,5-17,902,17,Schuyler County,Illinois
17169,50-64,1590,17,Schuyler County,Illinois
17169,65+,1717,17,Schuyler County,Illinois
17171,0-4,214,17,Scott County,Illinois
17171,18-49,1721,17,Scott County,Illinois
17171,5-17,824,17,Scott County,Illinois
17171,50-64,1088,17,Scott County,Illinois
17171,65+,1000,17,Scott County,Illinois
17173,0-4,1121,17,Shelby County,Illinois
17173,18-49,7108,17,Shelby County,Illinois
17173,5-17,3337,17,Shelby County,Illinois
17173,50-64,4402,17,Shelby County,Illinois
17173,65+,4899,17,Shelby County,Illinois
17175,0-4,280,17,Stark County,Illinois
17175,18-49,1860,17,Stark County,Illinois
17175,5-17,873,17,Stark County,Illinois
17175,50-64,1095,17,Stark County,Illinois
17175,65+,1216,17,Stark County,Illinois
17177,0-4,2314,17,Stephenson County,Illinois
17177,18-49,14787,17,Stephenson County,Illinois
17177,5-17,7081,17,Stephenson County,Illinois
17177,50-64,9317,17,Stephenson County,Illinois
17177,65+,10543,17,Stephenson County,Illinois
17179,0-4,6849,17,Tazewell County,Illinois
17179,18-49,50234,17,Tazewell County,Illinois
17179,5-17,22250,17,Tazewell County,Illinois
17179,50-64,25706,17,Tazewell County,Illinois
17179,65+,25516,17,Tazewell County,Illinois
17181,0-4,920,17,Union County,Illinois
17181,18-49,6044,17,Union County,Illinois
17181,5-17,2723,17,Union County,Illinois
17181,50-64,3534,17,Union County,Illinois
17181,65+,3751,17,Union County,Illinois
17183,0-4,4426,17,Vermilion County,Illinois
17183,18-49,27012,17,Vermilion County,Illinois
17183,5-17,12774,17,Vermilion County,Illinois
17183,50-64,14266,17,Vermilion County,Illinois
17183,65+,14701,17,Vermilion County,Illinois
17185,0-4,601,17,Wabash County,Illinois
17185,18-49,4111,17,Wabash County,Illinois
17185,5-17,1837,17,Wabash County,Illinois
17185,50-64,2187,17,Wabash County,Illinois
17185,65+,2463,17,Wabash County,Illinois
17187,0-4,899,17,Warren County,Illinois
17187,18-49,6378,17,Warren County,Illinois
17187,5-17,2785,17,Warren County,Illinois
17187,50-64,3259,17,Warren County,Illinois
17187,65+,3255,17,Warren County,Illinois
17189,0-4,684,17,Washington County,Illinois
17189,18-49,4894,17,Washington County,Illinois
17189,5-17,2188,17,Washington County,Illinois
17189,50-64,3006,17,Washington County,Illinois
17189,65+,2910,17,Washington County,Illinois
17191,0-4,920,17,Wayne County,Illinois
17191,18-49,5618,17,Wayne County,Illinois
17191,5-17,2689,17,Wayne County,Illinois
17191,50-64,3259,17,Wayne County,Illinois
17191,65+,3508,17,Wayne County,Illinois
17193,0-4,677,17,White County,Illinois
17193,18-49,4718,17,White County,Illinois
17193,5-17,2315,17,White County,Illinois
17193,50-64,2822,17,White County,Illinois
17193,65+,3176,17,White County,Illinois
17195,0-4,2928,17,Whiteside County,Illinois
17195,18-49,19838,17,Whiteside County,Illinois
17195,5-17,9225,17,Whiteside County,Illinois
17195,50-64,11374,17,Whiteside County,Illinois
17195,65+,11827,17,Whiteside County,Illinois
17197,0-4,38558,17,Will County,Illinois
17197,18-49,290660,17,Will County,Illinois
17197,5-17,129047,17,Will County,Illinois
17197,50-64,141755,17,Will County,Illinois
17197,65+,98430,17,Will County,Illinois
17199,0-4,3642,17,Williamson County,Illinois
17199,18-49,26043,17,Williamson County,Illinois
17199,5-17,10773,17,Williamson County,Illinois
17199,50-64,13335,17,Williamson County,Illinois
17199,65+,13109,17,Williamson County,Illinois
17201,0-4,17365,17,Winnebago County,Illinois
17201,18-49,109341,17,Winnebago County,Illinois
17201,5-17,49385,17,Winnebago County,Illinois
17201,50-64,55608,17,Winnebago County,Illinois
17201,65+,51590,17,Winnebago County,Illinois
17203,0-4,2170,17,Woodford County,Illinois
17203,18-49,14255,17,Woodford County,Illinois
17203,5-17,7038,17,Woodford County,Illinois
17203,50-64,7692,17,Woodford County,Illinois
17203,65+,7193,17,Woodford County,Illinois
18001,0-4,3119,18,Adams County,Indiana
18001,18-49,12896,18,Adams County,Indiana
18001,5-17,8122,18,Adams County,Indiana
18001,50-64,6116,18,Adams County,Indiana
18001,65+,5742,18,Adams County,Indiana
18003,0-4,26582,18,Allen County,Indiana
18003,18-49,161332,18,Allen County,Indiana
18003,5-17,72800,18,Allen County,Indiana
18003,50-64,68541,18,Allen County,Indiana
18003,65+,59536,18,Allen County,Indiana
18005,0-4,5272,18,Bartholomew County,Indiana
18005,18-49,34399,18,Bartholomew County,Indiana
18005,5-17,14823,18,Bartholomew County,Indiana
18005,50-64,14681,18,Bartholomew County,Indiana
18005,65+,13706,18,Bartholomew County,Indiana
18007,0-4,515,18,Benton County,Indiana
18007,18-49,3241,18,Benton County,Indiana
18007,5-17,1640,18,Benton County,Indiana
18007,50-64,1814,18,Benton County,Indiana
18007,65+,1498,18,Benton County,Indiana
18009,0-4,608,18,Blackford County,Indiana
18009,18-49,4080,18,Blackford County,Indiana
18009,5-17,2163,18,Blackford County,Indiana
18009,50-64,2501,18,Blackford County,Indiana
18009,65+,2655,18,Blackford County,Indiana
18011,0-4,4491,18,Boone County,Indiana
18011,18-49,29252,18,Boone County,Indiana
18011,5-17,14272,18,Boone County,Indiana
18011,50-64,14185,18,Boone County,Indiana
18011,65+,10627,18,Boone County,Indiana
18013,0-4,618,18,Brown County,Indiana
18013,18-49,4933,18,Brown County,Indiana
18013,5-17,1968,18,Brown County,Indiana
18013,50-64,3943,18,Brown County,Indiana
18013,65+,4081,18,Brown County,Indiana
18015,0-4,1076,18,Carroll County,Indiana
18015,18-49,7497,18,Carroll County,Indiana
18015,5-17,3404,18,Carroll County,Indiana
18015,50-64,4297,18,Carroll County,Indiana
18015,65+,4169,18,Carroll County,Indiana
18017,0-4,2108,18,Cass County,Indiana
18017,18-49,14266,18,Cass County,Indiana
18017,5-17,6630,18,Cass County,Indiana
18017,50-64,7858,18,Cass County,Indiana
18017,65+,6841,18,Cass County,Indiana
18019,0-4,7287,18,Clark County,Indiana
18019,18-49,51100,18,Clark County,Indiana
18019,5-17,20003,18,Clark County,Indiana
18019,50-64,24169,18,Clark County,Indiana
18019,65+,20241,18,Clark County,Indiana
18021,0-4,1638,18,Clay County,Indiana
18021,18-49,10028,18,Clay County,Indiana
18021,5-17,4504,18,Clay County,Indiana
18021,50-64,5367,18,Clay County,Indiana
18021,65+,4894,18,Clay County,Indiana
18023,0-4,2262,18,Clinton County,Indiana
18023,18-49,12598,18,Clinton County,Indiana
18023,5-17,6653,18,Clinton County,Indiana
18023,50-64,6081,18,Clinton County,Indiana
18023,65+,5373,18,Clinton County,Indiana
18025,0-4,549,18,Crawford County,Indiana
18025,18-49,3619,18,Crawford County,Indiana
18025,5-17,1683,18,Crawford County,Indiana
18025,50-64,2468,18,Crawford County,Indiana
18025,65+,2175,18,Crawford County,Indiana
18027,0-4,2692,18,Daviess County,Indiana
18027,18-49,12635,18,Daviess County,Indiana
18027,5-17,7230,18,Daviess County,Indiana
18027,50-64,5590,18,Daviess County,Indiana
18027,65+,5295,18,Daviess County,Indiana
18029,0-4,2678,18,Dearborn County,Indiana
18029,18-49,18961,18,Dearborn County,Indiana
18029,5-17,8618,18,Dearborn County,Indiana
18029,50-64,11084,18,Dearborn County,Indiana
18029,65+,9487,18,Dearborn County,Indiana
18031,0-4,1704,18,Decatur County,Indiana
18031,18-49,10159,18,Decatur County,Indiana
18031,5-17,4549,18,Decatur County,Indiana
18031,50-64,5329,18,Decatur County,Indiana
18031,65+,4670,18,Decatur County,Indiana
18033,0-4,2824,18,DeKalb County,Indiana
18033,18-49,16872,18,DeKalb County,Indiana
18033,5-17,7762,18,DeKalb County,Indiana
18033,50-64,8715,18,DeKalb County,Indiana
18033,65+,7411,18,DeKalb County,Indiana
18035,0-4,5353,18,Delaware County,Indiana
18035,18-49,52097,18,Delaware County,Indiana
18035,5-17,15121,18,Delaware County,Indiana
18035,50-64,20043,18,Delaware County,Indiana
18035,65+,19495,18,Delaware County,Indiana
18037,0-4,2711,18,Dubois County,Indiana
18037,18-49,15781,18,Dubois County,Indiana
18037,5-17,7946,18,Dubois County,Indiana
18037,50-64,9250,18,Dubois County,Indiana
18037,65+,7875,18,Dubois County,Indiana
18039,0-4,15036,18,Elkhart County,Indiana
18039,18-49,82084,18,Elkhart County,Indiana
18039,5-17,42131,18,Elkhart County,Indiana
18039,50-64,36240,18,Elkhart County,Indiana
18039,65+,31377,18,Elkhart County,Indiana
18041,0-4,1319,18,Fayette County,Indiana
18041,18-49,8557,18,Fayette County,Indiana
18041,5-17,3919,18,Fayette County,Indiana
18041,50-64,4789,18,Fayette County,Indiana
18041,65+,4806,18,Fayette County,Indiana
18043,0-4,4456,18,Floyd County,Indiana
18043,18-49,32332,18,Floyd County,Indiana
18043,5-17,13668,18,Floyd County,Indiana
18043,50-64,16260,18,Floyd County,Indiana
18043,65+,13796,18,Floyd County,Indiana
18045,0-4,1061,18,Fountain County,Indiana
18045,18-49,6148,18,Fountain County,Indiana
18045,5-17,2598,18,Fountain County,Indiana
18045,50-64,3485,18,Fountain County,Indiana
18045,65+,3254,18,Fountain County,Indiana
18047,0-4,1333,18,Franklin County,Indiana
18047,18-49,8219,18,Franklin County,Indiana
18047,5-17,3853,18,Franklin County,Indiana
18047,50-64,5013,18,Franklin County,Indiana
18047,65+,4511,18,Franklin County,Indiana
18049,0-4,1185,18,Fulton County,Indiana
18049,18-49,7407,18,Fulton County,Indiana
18049,5-17,3640,18,Fulton County,Indiana
18049,50-64,4080,18,Fulton County,Indiana
18049,65+,4099,18,Fulton County,Indiana
18051,0-4,2121,18,Gibson County,Indiana
18051,18-49,12499,18,Gibson County,Indiana
18051,5-17,5787,18,Gibson County,Indiana
18051,50-64,6729,18,Gibson County,Indiana
18051,65+,5850,18,Gibson County,Indiana
18053,0-4,3851,18,Grant County,Indiana
18053,18-49,26505,18,Grant County,Indiana
18053,5-17,10321,18,Grant County,Indiana
18053,50-64,13127,18,Grant County,Indiana
18053,65+,12573,18,Grant County,Indiana
18055,0-4,1671,18,Greene County,Indiana
18055,18-49,11389,18,Greene County,Indiana
18055,5-17,5010,18,Greene County,Indiana
18055,50-64,6726,18,Greene County,Indiana
18055,65+,6158,18,Greene County,Indiana
18057,0-4,21396,18,Hamilton County,Indiana
18057,18-49,149377,18,Hamilton County,Indiana
18057,5-17,71032,18,Hamilton County,Indiana
18057,50-64,67365,18,Hamilton County,Indiana
18057,65+,48006,18,Hamilton County,Indiana
18059,0-4,4623,18,Hancock County,Indiana
18059,18-49,32473,18,Hancock County,Indiana
18059,5-17,14473,18,Hancock County,Indiana
18059,50-64,16366,18,Hancock County,Indiana
18059,65+,14078,18,Hancock County,Indiana
18061,0-4,2135,18,Harrison County,Indiana
18061,18-49,14856,18,Harrison County,Indiana
18061,5-17,6758,18,Harrison County,Indiana
18061,50-64,8576,18,Harrison County,Indiana
18061,65+,7460,18,Harrison County,Indiana
18063,0-4,9881,18,Hendricks County,Indiana
18063,18-49,74944,18,Hendricks County,Indiana
18063,5-17,34329,18,Hendricks County,Indiana
18063,50-64,33819,18,Hendricks County,Indiana
18063,65+,26406,18,Hendricks County,Indiana
18065,0-4,2438,18,Henry County,Indiana
18065,18-49,19326,18,Henry County,Indiana
18065,5-17,7506,18,Henry County,Indiana
18065,50-64,10233,18,Henry County,Indiana
18065,65+,9393,18,Henry County,Indiana
18067,0-4,5023,18,Howard County,Indiana
18067,18-49,31398,18,Howard County,Indiana
18067,5-17,14182,18,Howard County,Indiana
18067,50-64,16651,18,Howard County,Indiana
18067,65+,16356,18,Howard County,Indiana
18069,0-4,2066,18,Huntington County,Indiana
18069,18-49,14462,18,Huntington County,Indiana
18069,5-17,5933,18,Huntington County,Indiana
18069,50-64,7608,18,Huntington County,Indiana
18069,65+,6688,18,Huntington County,Indiana
18071,0-4,3216,18,Jackson County,Indiana
18071,18-49,18425,18,Jackson County,Indiana
18071,5-17,8440,18,Jackson County,Indiana
18071,50-64,8813,18,Jackson County,Indiana
18071,65+,7425,18,Jackson County,Indiana
18073,0-4,1824,18,Jasper County,Indiana
18073,18-49,12710,18,Jasper County,Indiana
18073,5-17,5886,18,Jasper County,Indiana
18073,50-64,6723,18,Jasper County,Indiana
18073,65+,6055,18,Jasper County,Indiana
18075,0-4,1392,18,Jay County,Indiana
18075,18-49,7409,18,Jay County,Indiana
18075,5-17,3822,18,Jay County,Indiana
18075,50-64,3981,18,Jay County,Indiana
18075,65+,3677,18,Jay County,Indiana
18077,0-4,1777,18,Jefferson County,Indiana
18077,18-49,13346,18,Jefferson County,Indiana
18077,5-17,4851,18,Jefferson County,Indiana
18077,50-64,6897,18,Jefferson County,Indiana
18077,65+,6203,18,Jefferson County,Indiana
18079,0-4,1577,18,Jennings County,Indiana
18079,18-49,10723,18,Jennings County,Indiana
18079,5-17,4822,18,Jennings County,Indiana
18079,50-64,5803,18,Jennings County,Indiana
18079,65+,4659,18,Jennings County,Indiana
18081,0-4,9928,18,Johnson County,Indiana
18081,18-49,68840,18,Johnson County,Indiana
18081,5-17,30131,18,Johnson County,Indiana
18081,50-64,29811,18,Johnson County,Indiana
18081,65+,25273,18,Johnson County,Indiana
18083,0-4,1992,18,Knox County,Indiana
18083,18-49,14729,18,Knox County,Indiana
18083,5-17,5834,18,Knox County,Indiana
18083,50-64,6904,18,Knox County,Indiana
18083,65+,6649,18,Knox County,Indiana
18085,0-4,4850,18,Kosciusko County,Indiana
18085,18-49,31416,18,Kosciusko County,Indiana
18085,5-17,14211,18,Kosciusko County,Indiana
18085,50-64,15793,18,Kosciusko County,Indiana
18085,65+,14087,18,Kosciusko County,Indiana
18087,0-4,3555,18,LaGrange County,Indiana
18087,18-49,15083,18,LaGrange County,Indiana
18087,5-17,9441,18,LaGrange County,Indiana
18087,50-64,6756,18,LaGrange County,Indiana
18087,65+,5761,18,LaGrange County,Indiana
18089,0-4,29024,18,Lake County,Indiana
18089,18-49,197788,18,Lake County,Indiana
18089,5-17,87532,18,Lake County,Indiana
18089,50-64,97697,18,Lake County,Indiana
18089,65+,86949,18,Lake County,Indiana
18091,0-4,6168,18,LaPorte County,Indiana
18091,18-49,44428,18,LaPorte County,Indiana
18091,5-17,17787,18,LaPorte County,Indiana
18091,50-64,22535,18,LaPorte County,Indiana
18091,65+,21223,18,LaPorte County,Indiana
18093,0-4,2491,18,Lawrence County,Indiana
18093,18-49,16614,18,Lawrence County,Indiana
18093,5-17,7137,18,Lawrence County,Indiana
18093,50-64,9799,18,Lawrence County,Indiana
18093,65+,9036,18,Lawrence County,Indiana
18095,0-4,7096,18,Madison County,Indiana
18095,18-49,52204,18,Madison County,Indiana
18095,5-17,21139,18,Madison County,Indiana
18095,50-64,26156,18,Madison County,Indiana
18095,65+,24354,18,Madison County,Indiana
18097,0-4,68331,18,Marion County,Indiana
18097,18-49,437217,18,Marion County,Indiana
18097,5-17,175319,18,Marion County,Indiana
18097,50-64,165929,18,Marion County,Indiana
18097,65+,125026,18,Marion County,Indiana
18099,0-4,2802,18,Marshall County,Indiana
18099,18-49,17143,18,Marshall County,Indiana
18099,5-17,8634,18,Marshall County,Indiana
18099,50-64,9174,18,Marshall County,Indiana
18099,65+,8472,18,Marshall County,Indiana
18101,0-4,594,18,Martin County,Indiana
18101,18-49,3560,18,Martin County,Indiana
18101,5-17,1593,18,Martin County,Indiana
18101,50-64,2083,18,Martin County,Indiana
18101,65+,2024,18,Martin County,Indiana
18103,0-4,1815,18,Miami County,Indiana
18103,18-49,14622,18,Miami County,Indiana
18103,5-17,5709,18,Miami County,Indiana
18103,50-64,7204,18,Miami County,Indiana
18103,65+,6422,18,Miami County,Indiana
18105,0-4,5896,18,Monroe County,Indiana
18105,18-49,76220,18,Monroe County,Indiana
18105,5-17,16429,18,Monroe County,Indiana
18105,50-64,21389,18,Monroe County,Indiana
18105,65+,19888,18,Monroe County,Indiana
18107,0-4,2263,18,Montgomery County,Indiana
18107,18-49,14507,18,Montgomery County,Indiana
18107,5-17,6570,18,Montgomery County,Indiana
18107,50-64,7767,18,Montgomery County,Indiana
18107,65+,7048,18,Montgomery County,Indiana
18109,0-4,3766,18,Morgan County,Indiana
18109,18-49,27201,18,Morgan County,Indiana
18109,5-17,12306,18,Morgan County,Indiana
18109,50-64,16149,18,Morgan County,Indiana
18109,65+,12780,18,Morgan County,Indiana
18111,0-4,776,18,Newton County,Indiana
18111,18-49,5038,18,Newton County,Indiana
18111,5-17,2138,18,Newton County,Indiana
18111,50-64,3137,18,Newton County,Indiana
18111,65+,2770,18,Newton County,Indiana
18113,0-4,3076,18,Noble County,Indiana
18113,18-49,18308,18,Noble County,Indiana
18113,5-17,8500,18,Noble County,Indiana
18113,50-64,9687,18,Noble County,Indiana
18113,65+,7846,18,Noble County,Indiana
18115,0-4,357,18,Ohio County,Indiana
18115,18-49,1995,18,Ohio County,Indiana
18115,5-17,869,18,Ohio County,Indiana
18115,50-64,1397,18,Ohio County,Indiana
18115,65+,1375,18,Ohio County,Indiana
18117,0-4,1220,18,Orange County,Indiana
18117,18-49,7141,18,Orange County,Indiana
18117,5-17,3302,18,Orange County,Indiana
18117,50-64,4072,18,Orange County,Indiana
18117,65+,4011,18,Orange County,Indiana
18119,0-4,1075,18,Owen County,Indiana
18119,18-49,7656,18,Owen County,Indiana
18119,5-17,3201,18,Owen County,Indiana
18119,50-64,4992,18,Owen County,Indiana
18119,65+,4510,18,Owen County,Indiana
18121,0-4,944,18,Parke County,Indiana
18121,18-49,5965,18,Parke County,Indiana
18121,5-17,2684,18,Parke County,Indiana
18121,50-64,3444,18,Parke County,Indiana
18121,65+,3309,18,Parke County,Indiana
18123,0-4,1050,18,Perry County,Indiana
18123,18-49,7668,18,Perry County,Indiana
18123,5-17,2964,18,Perry County,Indiana
18123,50-64,3893,18,Perry County,Indiana
18123,65+,3643,18,Perry County,Indiana
18125,0-4,681,18,Pike County,Indiana
18125,18-49,4352,18,Pike County,Indiana
18125,5-17,2023,18,Pike County,Indiana
18125,50-64,2585,18,Pike County,Indiana
18125,65+,2546,18,Pike County,Indiana
18127,0-4,8902,18,Porter County,Indiana
18127,18-49,70943,18,Porter County,Indiana
18127,5-17,28741,18,Porter County,Indiana
18127,50-64,34690,18,Porter County,Indiana
18127,65+,30874,18,Porter County,Indiana
18129,0-4,1292,18,Posey County,Indiana
18129,18-49,9007,18,Posey County,Indiana
18129,5-17,4281,18,Posey County,Indiana
18129,50-64,5466,18,Posey County,Indiana
18129,65+,5117,18,Posey County,Indiana
18131,0-4,681,18,Pulaski County,Indiana
18131,18-49,4578,18,Pulaski County,Indiana
18131,5-17,2034,18,Pulaski County,Indiana
18131,50-64,2553,18,Pulaski County,Indiana
18131,65+,2595,18,Pulaski County,Indiana
18133,0-4,1712,18,Putnam County,Indiana
18133,18-49,16179,18,Putnam County,Indiana
18133,5-17,5374,18,Putnam County,Indiana
18133,50-64,7394,18,Putnam County,Indiana
18133,65+,6432,18,Putnam County,Indiana
18135,0-4,1430,18,Randolph County,Indiana
18135,18-49,8918,18,Randolph County,Indiana
18135,5-17,4138,18,Randolph County,Indiana
18135,50-64,4989,18,Randolph County,Indiana
18135,65+,4950,18,Randolph County,Indiana
18137,0-4,1779,18,Ripley County,Indiana
18137,18-49,10779,18,Ripley County,Indiana
18137,5-17,5103,18,Ripley County,Indiana
18137,50-64,6009,18,Ripley County,Indiana
18137,65+,5369,18,Ripley County,Indiana
18139,0-4,937,18,Rush County,Indiana
18139,18-49,6107,18,Rush County,Indiana
18139,5-17,2824,18,Rush County,Indiana
18139,50-64,3696,18,Rush County,Indiana
18139,65+,3170,18,Rush County,Indiana
18141,0-4,16873,18,St. Joseph County,Indiana
18141,18-49,115518,18,St. Joseph County,Indiana
18141,5-17,46688,18,St. Joseph County,Indiana
18141,50-64,48459,18,St. Joseph County,Indiana
18141,65+,45036,18,St. Joseph County,Indiana
18143,0-4,1390,18,Scott County,Indiana
18143,18-49,9615,18,Scott County,Indiana
18143,5-17,4124,18,Scott County,Indiana
18143,50-64,5186,18,Scott County,Indiana
18143,65+,4153,18,Scott County,Indiana
18145,0-4,2689,18,Shelby County,Indiana
18145,18-49,17188,18,Shelby County,Indiana
18145,5-17,7493,18,Shelby County,Indiana
18145,50-64,9667,18,Shelby County,Indiana
18145,65+,8067,18,Shelby County,Indiana
18147,0-4,1003,18,Spencer County,Indiana
18147,18-49,7112,18,Spencer County,Indiana
18147,5-17,3327,18,Spencer County,Indiana
18147,50-64,4406,18,Spencer County,Indiana
18147,65+,4023,18,Spencer County,Indiana
18149,0-4,1380,18,Starke County,Indiana
18149,18-49,8414,18,Starke County,Indiana
18149,5-17,3939,18,Starke County,Indiana
18149,50-64,4936,18,Starke County,Indiana
18149,65+,4631,18,Starke County,Indiana
18151,0-4,1689,18,Steuben County,Indiana
18151,18-49,12900,18,Steuben County,Indiana
18151,5-17,5225,18,Steuben County,Indiana
18151,50-64,7448,18,Steuben County,Indiana
18151,65+,7386,18,Steuben County,Indiana
18153,0-4,1096,18,Sullivan County,Indiana
18153,18-49,8785,18,Sullivan County,Indiana
18153,5-17,2896,18,Sullivan County,Indiana
18153,50-64,4151,18,Sullivan County,Indiana
18153,65+,3838,18,Sullivan County,Indiana
18155,0-4,563,18,Switzerland County,Indiana
18155,18-49,3632,18,Switzerland County,Indiana
18155,5-17,1809,18,Switzerland County,Indiana
18155,50-64,2078,18,Switzerland County,Indiana
18155,65+,1832,18,Switzerland County,Indiana
18157,0-4,10335,18,Tippecanoe County,Indiana
18157,18-49,100005,18,Tippecanoe County,Indiana
18157,5-17,28085,18,Tippecanoe County,Indiana
18157,50-64,26559,18,Tippecanoe County,Indiana
18157,65+,22415,18,Tippecanoe County,Indiana
18159,0-4,894,18,Tipton County,Indiana
18159,18-49,5538,18,Tipton County,Indiana
18159,5-17,2269,18,Tipton County,Indiana
18159,50-64,3304,18,Tipton County,Indiana
18159,65+,3324,18,Tipton County,Indiana
18161,0-4,398,18,Union County,Indiana
18161,18-49,2564,18,Union County,Indiana
18161,5-17,1055,18,Union County,Indiana
18161,50-64,1575,18,Union County,Indiana
18161,65+,1436,18,Union County,Indiana
18163,0-4,10483,18,Vanderburgh County,Indiana
18163,18-49,74483,18,Vanderburgh County,Indiana
18163,5-17,28676,18,Vanderburgh County,Indiana
18163,50-64,34245,18,Vanderburgh County,Indiana
18163,65+,32021,18,Vanderburgh County,Indiana
18165,0-4,817,18,Vermillion County,Indiana
18165,18-49,5744,18,Vermillion County,Indiana
18165,5-17,2601,18,Vermillion County,Indiana
18165,50-64,3206,18,Vermillion County,Indiana
18165,65+,3084,18,Vermillion County,Indiana
18167,0-4,5744,18,Vigo County,Indiana
18167,18-49,47752,18,Vigo County,Indiana
18167,5-17,16134,18,Vigo County,Indiana
18167,50-64,18464,18,Vigo County,Indiana
18167,65+,18107,18,Vigo County,Indiana
18169,0-4,1644,18,Wabash County,Indiana
18169,18-49,11488,18,Wabash County,Indiana
18169,5-17,4871,18,Wabash County,Indiana
18169,50-64,6320,18,Wabash County,Indiana
18169,65+,6578,18,Wabash County,Indiana
18171,0-4,430,18,Warren County,Indiana
18171,18-49,2973,18,Warren County,Indiana
18171,5-17,1447,18,Warren County,Indiana
18171,50-64,1847,18,Warren County,Indiana
18171,65+,1772,18,Warren County,Indiana
18173,0-4,3539,18,Warrick County,Indiana
18173,18-49,24817,18,Warrick County,Indiana
18173,5-17,11500,18,Warrick County,Indiana
18173,50-64,12834,18,Warrick County,Indiana
18173,65+,11960,18,Warrick County,Indiana
18175,0-4,1587,18,Washington County,Indiana
18175,18-49,10511,18,Washington County,Indiana
18175,5-17,4899,18,Washington County,Indiana
18175,50-64,6068,18,Washington County,Indiana
18175,65+,5102,18,Washington County,Indiana
18177,0-4,4010,18,Wayne County,Indiana
18177,18-49,25244,18,Wayne County,Indiana
18177,5-17,11002,18,Wayne County,Indiana
18177,50-64,13364,18,Wayne County,Indiana
18177,65+,12757,18,Wayne County,Indiana
18179,0-4,1693,18,Wells County,Indiana
18179,18-49,10513,18,Wells County,Indiana
18179,5-17,5286,18,Wells County,Indiana
18179,50-64,5582,18,Wells County,Indiana
18179,65+,5187,18,Wells County,Indiana
18181,0-4,1502,18,White County,Indiana
18181,18-49,8629,18,White County,Indiana
18181,5-17,4299,18,White County,Indiana
18181,50-64,5193,18,White County,Indiana
18181,65+,5086,18,White County,Indiana
18183,0-4,2113,18,Whitley County,Indiana
18183,18-49,12870,18,Whitley County,Indiana
18183,5-17,5823,18,Whitley County,Indiana
18183,50-64,7184,18,Whitley County,Indiana
18183,65+,6398,18,Whitley County,Indiana
19001,0-4,467,19,Adair County,Iowa
19001,18-49,2542,19,Adair County,Iowa
19001,5-17,1248,19,Adair County,Iowa
19001,50-64,1554,19,Adair County,Iowa
19001,65+,1660,19,Adair County,Iowa
19003,0-4,197,19,Adams County,Iowa
19003,18-49,1146,19,Adams County,Iowa
19003,5-17,599,19,Adams County,Iowa
19003,50-64,825,19,Adams County,Iowa
19003,65+,874,19,Adams County,Iowa
19005,0-4,898,19,Allamakee County,Iowa
19005,18-49,4618,19,Allamakee County,Iowa
19005,5-17,2488,19,Allamakee County,Iowa
19005,50-64,2848,19,Allamakee County,Iowa
19005,65+,3186,19,Allamakee County,Iowa
19007,0-4,602,19,Appanoose County,Iowa
19007,18-49,4141,19,Appanoose County,Iowa
19007,5-17,2019,19,Appanoose County,Iowa
19007,50-64,2615,19,Appanoose County,Iowa
19007,65+,2865,19,Appanoose County,Iowa
19009,0-4,375,19,Audubon County,Iowa
19009,18-49,1749,19,Audubon County,Iowa
19009,5-17,874,19,Audubon County,Iowa
19009,50-64,1219,19,Audubon County,Iowa
19009,65+,1405,19,Audubon County,Iowa
19011,0-4,1492,19,Benton County,Iowa
19011,18-49,9063,19,Benton County,Iowa
19011,5-17,4449,19,Benton County,Iowa
19011,50-64,5732,19,Benton County,Iowa
19011,65+,4962,19,Benton County,Iowa
19013,0-4,8030,19,Black Hawk County,Iowa
19013,18-49,57784,19,Black Hawk County,Iowa
19013,5-17,20649,19,Black Hawk County,Iowa
19013,50-64,21397,19,Black Hawk County,Iowa
19013,65+,22833,19,Black Hawk County,Iowa
19015,0-4,1350,19,Boone County,Iowa
19015,18-49,10336,19,Boone County,Iowa
19015,5-17,4231,19,Boone County,Iowa
19015,50-64,5518,19,Boone County,Iowa
19015,65+,5234,19,Boone County,Iowa
19017,0-4,1423,19,Bremer County,Iowa
19017,18-49,10132,19,Bremer County,Iowa
19017,5-17,4254,19,Bremer County,Iowa
19017,50-64,4408,19,Bremer County,Iowa
19017,65+,4901,19,Bremer County,Iowa
19019,0-4,1363,19,Buchanan County,Iowa
19019,18-49,7502,19,Buchanan County,Iowa
19019,5-17,3945,19,Buchanan County,Iowa
19019,50-64,4062,19,Buchanan County,Iowa
19019,65+,3773,19,Buchanan County,Iowa
19021,0-4,1439,19,Buena Vista County,Iowa
19021,18-49,8458,19,Buena Vista County,Iowa
19021,5-17,4082,19,Buena Vista County,Iowa
19021,50-64,3388,19,Buena Vista County,Iowa
19021,65+,3317,19,Buena Vista County,Iowa
19023,0-4,731,19,Butler County,Iowa
19023,18-49,4972,19,Butler County,Iowa
19023,5-17,2484,19,Butler County,Iowa
19023,50-64,2856,19,Butler County,Iowa
19023,65+,3258,19,Butler County,Iowa
19025,0-4,548,19,Calhoun County,Iowa
19025,18-49,3486,19,Calhoun County,Iowa
19025,5-17,1604,19,Calhoun County,Iowa
19025,50-64,1925,19,Calhoun County,Iowa
19025,65+,2295,19,Calhoun County,Iowa
19027,0-4,1159,19,Carroll County,Iowa
19027,18-49,7203,19,Carroll County,Iowa
19027,5-17,3827,19,Carroll County,Iowa
19027,50-64,4155,19,Carroll County,Iowa
19027,65+,4333,19,Carroll County,Iowa
19029,0-4,670,19,Cass County,Iowa
19029,18-49,4334,19,Cass County,Iowa
19029,5-17,2420,19,Cass County,Iowa
19029,50-64,2647,19,Cass County,Iowa
19029,65+,3044,19,Cass County,Iowa
19031,0-4,878,19,Cedar County,Iowa
19031,18-49,6632,19,Cedar County,Iowa
19031,5-17,3075,19,Cedar County,Iowa
19031,50-64,4054,19,Cedar County,Iowa
19031,65+,3788,19,Cedar County,Iowa
19033,0-4,2278,19,Cerro Gordo County,Iowa
19033,18-49,15096,19,Cerro Gordo County,Iowa
19033,5-17,6686,19,Cerro Gordo County,Iowa
19033,50-64,8880,19,Cerro Gordo County,Iowa
19033,65+,9845,19,Cerro Gordo County,Iowa
19035,0-4,568,19,Cherokee County,Iowa
19035,18-49,3912,19,Cherokee County,Iowa
19035,5-17,1954,19,Cherokee County,Iowa
19035,50-64,2308,19,Cherokee County,Iowa
19035,65+,2845,19,Cherokee County,Iowa
19037,0-4,750,19,Chickasaw County,Iowa
19037,18-49,3979,19,Chickasaw County,Iowa
19037,5-17,2019,19,Chickasaw County,Iowa
19037,50-64,2500,19,Chickasaw County,Iowa
19037,65+,2620,19,Chickasaw County,Iowa
19039,0-4,681,19,Clarke County,Iowa
19039,18-49,3394,19,Clarke County,Iowa
19039,5-17,1793,19,Clarke County,Iowa
19039,50-64,1913,19,Clarke County,Iowa
19039,65+,1909,19,Clarke County,Iowa
19041,0-4,868,19,Clay County,Iowa
19041,18-49,5828,19,Clay County,Iowa
19041,5-17,2935,19,Clay County,Iowa
19041,50-64,3215,19,Clay County,Iowa
19041,65+,3600,19,Clay County,Iowa
19043,0-4,1003,19,Clayton County,Iowa
19043,18-49,5512,19,Clayton County,Iowa
19043,5-17,2705,19,Clayton County,Iowa
19043,50-64,3693,19,Clayton County,Iowa
19043,65+,4156,19,Clayton County,Iowa
19045,0-4,2630,19,Clinton County,Iowa
19045,18-49,16570,19,Clinton County,Iowa
19045,5-17,7902,19,Clinton County,Iowa
19045,50-64,9980,19,Clinton County,Iowa
19045,65+,9301,19,Clinton County,Iowa
19047,0-4,989,19,Crawford County,Iowa
19047,18-49,6196,19,Crawford County,Iowa
19047,5-17,3132,19,Crawford County,Iowa
19047,50-64,3021,19,Crawford County,Iowa
19047,65+,2951,19,Crawford County,Iowa
19049,0-4,7173,19,Dallas County,Iowa
19049,18-49,46242,19,Dallas County,Iowa
19049,5-17,20766,19,Dallas County,Iowa
19049,50-64,16951,19,Dallas County,Iowa
19049,65+,13004,19,Dallas County,Iowa
19051,0-4,813,19,Davis County,Iowa
19051,18-49,3152,19,Davis County,Iowa
19051,5-17,1917,19,Davis County,Iowa
19051,50-64,1621,19,Davis County,Iowa
19051,65+,1624,19,Davis County,Iowa
19053,0-4,459,19,Decatur County,Iowa
19053,18-49,3049,19,Decatur County,Iowa
19053,5-17,1271,19,Decatur County,Iowa
19053,50-64,1291,19,Decatur County,Iowa
19053,65+,1599,19,Decatur County,Iowa
19055,0-4,1001,19,Delaware County,Iowa
19055,18-49,5838,19,Delaware County,Iowa
19055,5-17,3114,19,Delaware County,Iowa
19055,50-64,3922,19,Delaware County,Iowa
19055,65+,3674,19,Delaware County,Iowa
19057,0-4,2154,19,Des Moines County,Iowa
19057,18-49,14343,19,Des Moines County,Iowa
19057,5-17,6290,19,Des Moines County,Iowa
19057,50-64,7666,19,Des Moines County,Iowa
19057,65+,8144,19,Des Moines County,Iowa
19059,0-4,823,19,Dickinson County,Iowa
19059,18-49,5791,19,Dickinson County,Iowa
19059,5-17,2610,19,Dickinson County,Iowa
19059,50-64,3699,19,Dickinson County,Iowa
19059,65+,4921,19,Dickinson County,Iowa
19061,0-4,5959,19,Dubuque County,Iowa
19061,18-49,38932,19,Dubuque County,Iowa
19061,5-17,16472,19,Dubuque County,Iowa
19061,50-64,19015,19,Dubuque County,Iowa
19061,65+,18570,19,Dubuque County,Iowa
19063,0-4,404,19,Emmet County,Iowa
19063,18-49,3376,19,Emmet County,Iowa
19063,5-17,1413,19,Emmet County,Iowa
19063,50-64,1931,19,Emmet County,Iowa
19063,65+,2192,19,Emmet County,Iowa
19065,0-4,1117,19,Fayette County,Iowa
19065,18-49,6773,19,Fayette County,Iowa
19065,5-17,3028,19,Fayette County,Iowa
19065,50-64,4184,19,Fayette County,Iowa
19065,65+,4291,19,Fayette County,Iowa
19067,0-4,978,19,Floyd County,Iowa
19067,18-49,5287,19,Floyd County,Iowa
19067,5-17,2530,19,Floyd County,Iowa
19067,50-64,3184,19,Floyd County,Iowa
19067,65+,3523,19,Floyd County,Iowa
19069,0-4,688,19,Franklin County,Iowa
19069,18-49,3380,19,Franklin County,Iowa
19069,5-17,1751,19,Franklin County,Iowa
19069,50-64,2024,19,Franklin County,Iowa
19069,65+,2134,19,Franklin County,Iowa
19071,0-4,303,19,Fremont County,Iowa
19071,18-49,2162,19,Fremont County,Iowa
19071,5-17,1138,19,Fremont County,Iowa
19071,50-64,1418,19,Fremont County,Iowa
19071,65+,1549,19,Fremont County,Iowa
19073,0-4,431,19,Greene County,Iowa
19073,18-49,3008,19,Greene County,Iowa
19073,5-17,1413,19,Greene County,Iowa
19073,50-64,1738,19,Greene County,Iowa
19073,65+,2132,19,Greene County,Iowa
19075,0-4,700,19,Grundy County,Iowa
19075,18-49,4393,19,Grundy County,Iowa
19075,5-17,2217,19,Grundy County,Iowa
19075,50-64,2474,19,Grundy County,Iowa
19075,65+,2568,19,Grundy County,Iowa
19077,0-4,524,19,Guthrie County,Iowa
19077,18-49,3547,19,Guthrie County,Iowa
19077,5-17,1755,19,Guthrie County,Iowa
19077,50-64,2314,19,Guthrie County,Iowa
19077,65+,2506,19,Guthrie County,Iowa
19079,0-4,742,19,Hamilton County,Iowa
19079,18-49,5287,19,Hamilton County,Iowa
19079,5-17,2744,19,Hamilton County,Iowa
19079,50-64,2954,19,Hamilton County,Iowa
19079,65+,3166,19,Hamilton County,Iowa
19081,0-4,569,19,Hancock County,Iowa
19081,18-49,3759,19,Hancock County,Iowa
19081,5-17,1712,19,Hancock County,Iowa
19081,50-64,2119,19,Hancock County,Iowa
19081,65+,2559,19,Hancock County,Iowa
19083,0-4,765,19,Hardin County,Iowa
19083,18-49,6109,19,Hardin County,Iowa
19083,5-17,2452,19,Hardin County,Iowa
19083,50-64,3549,19,Hardin County,Iowa
19083,65+,3854,19,Hardin County,Iowa
19085,0-4,842,19,Harrison County,Iowa
19085,18-49,5229,19,Harrison County,Iowa
19085,5-17,2535,19,Harrison County,Iowa
19085,50-64,3150,19,Harrison County,Iowa
19085,65+,2889,19,Harrison County,Iowa
19087,0-4,1070,19,Henry County,Iowa
19087,18-49,8005,19,Henry County,Iowa
19087,5-17,3184,19,Henry County,Iowa
19087,50-64,4045,19,Henry County,Iowa
19087,65+,3924,19,Henry County,Iowa
19089,0-4,627,19,Howard County,Iowa
19089,18-49,3272,19,Howard County,Iowa
19089,5-17,1792,19,Howard County,Iowa
19089,50-64,1840,19,Howard County,Iowa
19089,65+,1928,19,Howard County,Iowa
19091,0-4,560,19,Humboldt County,Iowa
19091,18-49,3371,19,Humboldt County,Iowa
19091,5-17,1706,19,Humboldt County,Iowa
19091,50-64,1886,19,Humboldt County,Iowa
19091,65+,2050,19,Humboldt County,Iowa
19093,0-4,381,19,Ida County,Iowa
19093,18-49,2340,19,Ida County,Iowa
19093,5-17,1317,19,Ida County,Iowa
19093,50-64,1370,19,Ida County,Iowa
19093,65+,1536,19,Ida County,Iowa
19095,0-4,900,19,Iowa County,Iowa
19095,18-49,5803,19,Iowa County,Iowa
19095,5-17,2988,19,Iowa County,Iowa
19095,50-64,3628,19,Iowa County,Iowa
19095,65+,3228,19,Iowa County,Iowa
19097,0-4,1113,19,Jackson County,Iowa
19097,18-49,6526,19,Jackson County,Iowa
19097,5-17,3200,19,Jackson County,Iowa
19097,50-64,4371,19,Jackson County,Iowa
19097,65+,4219,19,Jackson County,Iowa
19099,0-4,2001,19,Jasper County,Iowa
19099,18-49,14548,19,Jasper County,Iowa
19099,5-17,6381,19,Jasper County,Iowa
19099,50-64,7605,19,Jasper County,Iowa
19099,65+,7329,19,Jasper County,Iowa
19101,0-4,736,19,Jefferson County,Iowa
19101,18-49,6194,19,Jefferson County,Iowa
19101,5-17,1948,19,Jefferson County,Iowa
19101,50-64,2765,19,Jefferson County,Iowa
19101,65+,4033,19,Jefferson County,Iowa
19103,0-4,8378,19,Johnson County,Iowa
19103,18-49,82234,19,Johnson County,Iowa
19103,5-17,21898,19,Johnson County,Iowa
19103,50-64,22420,19,Johnson County,Iowa
19103,65+,19951,19,Johnson County,Iowa
19105,0-4,1075,19,Jones County,Iowa
19105,18-49,7666,19,Jones County,Iowa
19105,5-17,3269,19,Jones County,Iowa
19105,50-64,4405,19,Jones County,Iowa
19105,65+,4384,19,Jones County,Iowa
19107,0-4,554,19,Keokuk County,Iowa
19107,18-49,3508,19,Keokuk County,Iowa
19107,5-17,1708,19,Keokuk County,Iowa
19107,50-64,2011,19,Keokuk County,Iowa
19107,65+,2183,19,Keokuk County,Iowa
19109,0-4,810,19,Kossuth County,Iowa
19109,18-49,4777,19,Kossuth County,Iowa
19109,5-17,2441,19,Kossuth County,Iowa
19109,50-64,2935,19,Kossuth County,Iowa
19109,65+,3647,19,Kossuth County,Iowa
19111,0-4,1832,19,Lee County,Iowa
19111,18-49,11966,19,Lee County,Iowa
19111,5-17,5243,19,Lee County,Iowa
19111,50-64,6926,19,Lee County,Iowa
19111,65+,7208,19,Lee County,Iowa
19113,0-4,13573,19,Linn County,Iowa
19113,18-49,95514,19,Linn County,Iowa
19113,5-17,38660,19,Linn County,Iowa
19113,50-64,43000,19,Linn County,Iowa
19113,65+,38716,19,Linn County,Iowa
19115,0-4,587,19,Louisa County,Iowa
19115,18-49,3941,19,Louisa County,Iowa
19115,5-17,1815,19,Louisa County,Iowa
19115,50-64,2245,19,Louisa County,Iowa
19115,65+,2122,19,Louisa County,Iowa
19117,0-4,521,19,Lucas County,Iowa
19117,18-49,2917,19,Lucas County,Iowa
19117,5-17,1477,19,Lucas County,Iowa
19117,50-64,1892,19,Lucas County,Iowa
19117,65+,1878,19,Lucas County,Iowa
19119,0-4,845,19,Lyon County,Iowa
19119,18-49,4298,19,Lyon County,Iowa
19119,5-17,2606,19,Lyon County,Iowa
19119,50-64,2053,19,Lyon County,Iowa
19119,65+,2285,19,Lyon County,Iowa
19121,0-4,889,19,Madison County,Iowa
19121,18-49,6115,19,Madison County,Iowa
19121,5-17,3286,19,Madison County,Iowa
19121,50-64,3443,19,Madison County,Iowa
19121,65+,3027,19,Madison County,Iowa
19123,0-4,1339,19,Mahaska County,Iowa
19123,18-49,8501,19,Mahaska County,Iowa
19123,5-17,3923,19,Mahaska County,Iowa
19123,50-64,4091,19,Mahaska County,Iowa
19123,65+,4191,19,Mahaska County,Iowa
19125,0-4,1891,19,Marion County,Iowa
19125,18-49,12812,19,Marion County,Iowa
19125,5-17,5954,19,Marion County,Iowa
19125,50-64,6547,19,Marion County,Iowa
19125,65+,6347,19,Marion County,Iowa
19127,0-4,2394,19,Marshall County,Iowa
19127,18-49,14971,19,Marshall County,Iowa
19127,5-17,7733,19,Marshall County,Iowa
19127,50-64,7495,19,Marshall County,Iowa
19127,65+,7378,19,Marshall County,Iowa
19129,0-4,694,19,Mills County,Iowa
19129,18-49,5266,19,Mills County,Iowa
19129,5-17,2668,19,Mills County,Iowa
19129,50-64,3043,19,Mills County,Iowa
19129,65+,2892,19,Mills County,Iowa
19131,0-4,643,19,Mitchell County,Iowa
19131,18-49,3592,19,Mitchell County,Iowa
19131,5-17,1891,19,Mitchell County,Iowa
19131,50-64,2163,19,Mitchell County,Iowa
19131,65+,2259,19,Mitchell County,Iowa
19133,0-4,480,19,Monona County,Iowa
19133,18-49,2799,19,Monona County,Iowa
19133,5-17,1452,19,Monona County,Iowa
19133,50-64,1834,19,Monona County,Iowa
19133,65+,2054,19,Monona County,Iowa
19135,0-4,460,19,Monroe County,Iowa
19135,18-49,2672,19,Monroe County,Iowa
19135,5-17,1285,19,Monroe County,Iowa
19135,50-64,1634,19,Monroe County,Iowa
19135,65+,1495,19,Monroe County,Iowa
19137,0-4,555,19,Montgomery County,Iowa
19137,18-49,3479,19,Montgomery County,Iowa
19137,5-17,1765,19,Montgomery County,Iowa
19137,50-64,2113,19,Montgomery County,Iowa
19137,65+,2342,19,Montgomery County,Iowa
19139,0-4,2541,19,Muscatine County,Iowa
19139,18-49,16516,19,Muscatine County,Iowa
19139,5-17,7803,19,Muscatine County,Iowa
19139,50-64,8366,19,Muscatine County,Iowa
19139,65+,7509,19,Muscatine County,Iowa
19141,0-4,932,19,O'Brien County,Iowa
19141,18-49,5131,19,O'Brien County,Iowa
19141,5-17,2506,19,O'Brien County,Iowa
19141,50-64,2561,19,O'Brien County,Iowa
19141,65+,2973,19,O'Brien County,Iowa
19143,0-4,342,19,Osceola County,Iowa
19143,18-49,1960,19,Osceola County,Iowa
19143,5-17,1094,19,Osceola County,Iowa
19143,50-64,1371,19,Osceola County,Iowa
19143,65+,1347,19,Osceola County,Iowa
19145,0-4,656,19,Page County,Iowa
19145,18-49,5596,19,Page County,Iowa
19145,5-17,2252,19,Page County,Iowa
19145,50-64,3055,19,Page County,Iowa
19145,65+,3609,19,Page County,Iowa
19147,0-4,547,19,Palo Alto County,Iowa
19147,18-49,3175,19,Palo Alto County,Iowa
19147,5-17,1540,19,Palo Alto County,Iowa
19147,50-64,1691,19,Palo Alto County,Iowa
19147,65+,1949,19,Palo Alto County,Iowa
19149,0-4,1453,19,Plymouth County,Iowa
19149,18-49,9260,19,Plymouth County,Iowa
19149,5-17,4958,19,Plymouth County,Iowa
19149,50-64,5072,19,Plymouth County,Iowa
19149,65+,4956,19,Plymouth County,Iowa
19151,0-4,427,19,Pocahontas County,Iowa
19151,18-49,2256,19,Pocahontas County,Iowa
19151,5-17,1195,19,Pocahontas County,Iowa
19151,50-64,1512,19,Pocahontas County,Iowa
19151,65+,1650,19,Pocahontas County,Iowa
19153,0-4,32945,19,Polk County,Iowa
19153,18-49,219369,19,Polk County,Iowa
19153,5-17,89439,19,Polk County,Iowa
19153,50-64,87662,19,Polk County,Iowa
19153,65+,68026,19,Polk County,Iowa
19155,0-4,5182,19,Pottawattamie County,Iowa
19155,18-49,36142,19,Pottawattamie County,Iowa
19155,5-17,16463,19,Pottawattamie County,Iowa
19155,50-64,18473,19,Pottawattamie County,Iowa
19155,65+,17147,19,Pottawattamie County,Iowa
19157,0-4,816,19,Poweshiek County,Iowa
19157,18-49,7477,19,Poweshiek County,Iowa
19157,5-17,2803,19,Poweshiek County,Iowa
19157,50-64,3586,19,Poweshiek County,Iowa
19157,65+,3900,19,Poweshiek County,Iowa
19159,0-4,271,19,Ringgold County,Iowa
19159,18-49,1498,19,Ringgold County,Iowa
19159,5-17,810,19,Ringgold County,Iowa
19159,50-64,1008,19,Ringgold County,Iowa
19159,65+,1077,19,Ringgold County,Iowa
19161,0-4,589,19,Sac County,Iowa
19161,18-49,3166,19,Sac County,Iowa
19161,5-17,1583,19,Sac County,Iowa
19161,50-64,2091,19,Sac County,Iowa
19161,65+,2330,19,Sac County,Iowa
19163,0-4,10270,19,Scott County,Iowa
19163,18-49,70444,19,Scott County,Iowa
19163,5-17,30516,19,Scott County,Iowa
19163,50-64,33221,19,Scott County,Iowa
19163,65+,29851,19,Scott County,Iowa
19165,0-4,649,19,Shelby County,Iowa
19165,18-49,3796,19,Shelby County,Iowa
19165,5-17,2037,19,Shelby County,Iowa
19165,50-64,2548,19,Shelby County,Iowa
19165,65+,2727,19,Shelby County,Iowa
19167,0-4,2607,19,Sioux County,Iowa
19167,18-49,14694,19,Sioux County,Iowa
19167,5-17,7267,19,Sioux County,Iowa
19167,50-64,5689,19,Sioux County,Iowa
19167,65+,5727,19,Sioux County,Iowa
19169,0-4,4204,19,Story County,Iowa
19169,18-49,56897,19,Story County,Iowa
19169,5-17,11996,19,Story County,Iowa
19169,50-64,12722,19,Story County,Iowa
19169,65+,12773,19,Story County,Iowa
19171,0-4,1002,19,Tama County,Iowa
19171,18-49,5904,19,Tama County,Iowa
19171,5-17,3077,19,Tama County,Iowa
19171,50-64,3530,19,Tama County,Iowa
19171,65+,3469,19,Tama County,Iowa
19173,0-4,318,19,Taylor County,Iowa
19173,18-49,2006,19,Taylor County,Iowa
19173,5-17,1068,19,Taylor County,Iowa
19173,50-64,1174,19,Taylor County,Iowa
19173,65+,1335,19,Taylor County,Iowa
19175,0-4,608,19,Union County,Iowa
19175,18-49,4411,19,Union County,Iowa
19175,5-17,2250,19,Union County,Iowa
19175,50-64,2297,19,Union County,Iowa
19175,65+,2472,19,Union County,Iowa
19177,0-4,462,19,Van Buren County,Iowa
19177,18-49,2361,19,Van Buren County,Iowa
19177,5-17,1219,19,Van Buren County,Iowa
19177,50-64,1512,19,Van Buren County,Iowa
19177,65+,1682,19,Van Buren County,Iowa
19179,0-4,2097,19,Wapello County,Iowa
19179,18-49,13743,19,Wapello County,Iowa
19179,5-17,6252,19,Wapello County,Iowa
19179,50-64,6811,19,Wapello County,Iowa
19179,65+,6362,19,Wapello County,Iowa
19181,0-4,3090,19,Warren County,Iowa
19181,18-49,21440,19,Warren County,Iowa
19181,5-17,10082,19,Warren County,Iowa
19181,50-64,10059,19,Warren County,Iowa
19181,65+,8813,19,Warren County,Iowa
19183,0-4,1419,19,Washington County,Iowa
19183,18-49,8175,19,Washington County,Iowa
19183,5-17,4134,19,Washington County,Iowa
19183,50-64,4339,19,Washington County,Iowa
19183,65+,4472,19,Washington County,Iowa
19185,0-4,454,19,Wayne County,Iowa
19185,18-49,2085,19,Wayne County,Iowa
19185,5-17,1260,19,Wayne County,Iowa
19185,50-64,1259,19,Wayne County,Iowa
19185,65+,1460,19,Wayne County,Iowa
19187,0-4,2109,19,Webster County,Iowa
19187,18-49,14702,19,Webster County,Iowa
19187,5-17,5763,19,Webster County,Iowa
19187,50-64,7016,19,Webster County,Iowa
19187,65+,7258,19,Webster County,Iowa
19189,0-4,510,19,Winnebago County,Iowa
19189,18-49,3999,19,Winnebago County,Iowa
19189,5-17,1805,19,Winnebago County,Iowa
19189,50-64,2038,19,Winnebago County,Iowa
19189,65+,2296,19,Winnebago County,Iowa
19191,0-4,925,19,Winneshiek County,Iowa
19191,18-49,7618,19,Winneshiek County,Iowa
19191,5-17,2865,19,Winneshiek County,Iowa
19191,50-64,4047,19,Winneshiek County,Iowa
19191,65+,4517,19,Winneshiek County,Iowa
19193,0-4,7160,19,Woodbury County,Iowa
19193,18-49,43354,19,Woodbury County,Iowa
19193,5-17,20260,19,Woodbury County,Iowa
19193,50-64,18542,19,Woodbury County,Iowa
19193,65+,16444,19,Woodbury County,Iowa
19195,0-4,417,19,Worth County,Iowa
19195,18-49,2657,19,Worth County,Iowa
19195,5-17,1103,19,Worth County,Iowa
19195,50-64,1547,19,Worth County,Iowa
19195,65+,1656,19,Worth County,Iowa
19197,0-4,836,19,Wright County,Iowa
19197,18-49,4297,19,Wright County,Iowa
19197,5-17,2507,19,Wright County,Iowa
19197,50-64,2343,19,Wright County,Iowa
19197,65+,2834,19,Wright County,Iowa
20001,0-4,723,20,Allen County,Kansas
20001,18-49,4611,20,Allen County,Kansas
20001,5-17,2044,20,Allen County,Kansas
20001,50-64,2519,20,Allen County,Kansas
20001,65+,2594,20,Allen County,Kansas
20003,0-4,541,20,Anderson County,Kansas
20003,18-49,2523,20,Anderson County,Kansas
20003,5-17,1522,20,Anderson County,Kansas
20003,50-64,1612,20,Anderson County,Kansas
20003,65+,1621,20,Anderson County,Kansas
20005,0-4,874,20,Atchison County,Kansas
20005,18-49,6821,20,Atchison County,Kansas
20005,5-17,2708,20,Atchison County,Kansas
20005,50-64,2945,20,Atchison County,Kansas
20005,65+,2863,20,Atchison County,Kansas
20007,0-4,246,20,Barber County,Kansas
20007,18-49,1307,20,Barber County,Kansas
20007,5-17,789,20,Barber County,Kansas
20007,50-64,848,20,Barber County,Kansas
20007,65+,963,20,Barber County,Kansas
20009,0-4,1607,20,Barton County,Kansas
20009,18-49,9180,20,Barton County,Kansas
20009,5-17,4536,20,Barton County,Kansas
20009,50-64,4755,20,Barton County,Kansas
20009,65+,5197,20,Barton County,Kansas
20011,0-4,886,20,Bourbon County,Kansas
20011,18-49,5352,20,Bourbon County,Kansas
20011,5-17,2715,20,Bourbon County,Kansas
20011,50-64,2638,20,Bourbon County,Kansas
20011,65+,2793,20,Bourbon County,Kansas
20013,0-4,572,20,Brown County,Kansas
20013,18-49,3114,20,Brown County,Kansas
20013,5-17,1808,20,Brown County,Kansas
20013,50-64,1893,20,Brown County,Kansas
20013,65+,2028,20,Brown County,Kansas
20015,0-4,3844,20,Butler County,Kansas
20015,18-49,27295,20,Butler County,Kansas
20015,5-17,13115,20,Butler County,Kansas
20015,50-64,12864,20,Butler County,Kansas
20015,65+,10798,20,Butler County,Kansas
20017,0-4,127,20,Chase County,Kansas
20017,18-49,942,20,Chase County,Kansas
20017,5-17,414,20,Chase County,Kansas
20017,50-64,476,20,Chase County,Kansas
20017,65+,620,20,Chase County,Kansas
20019,0-4,176,20,Chautauqua County,Kansas
20019,18-49,1085,20,Chautauqua County,Kansas
20019,5-17,579,20,Chautauqua County,Kansas
20019,50-64,724,20,Chautauqua County,Kansas
20019,65+,806,20,Chautauqua County,Kansas
20021,0-4,1156,20,Cherokee County,Kansas
20021,18-49,6825,20,Cherokee County,Kansas
20021,5-17,3208,20,Cherokee County,Kansas
20021,50-64,4266,20,Cherokee County,Kansas
20021,65+,3781,20,Cherokee County,Kansas
20023,0-4,167,20,Cheyenne County,Kansas
20023,18-49,886,20,Cheyenne County,Kansas
20023,5-17,442,20,Cheyenne County,Kansas
20023,50-64,463,20,Cheyenne County,Kansas
20023,65+,670,20,Cheyenne County,Kansas
20025,0-4,126,20,Clark County,Kansas
20025,18-49,565,20,Clark County,Kansas
20025,5-17,360,20,Clark County,Kansas
20025,50-64,464,20,Clark County,Kansas
20025,65+,472,20,Clark County,Kansas
20027,0-4,481,20,Clay County,Kansas
20027,18-49,2731,20,Clay County,Kansas
20027,5-17,1387,20,Clay County,Kansas
20027,50-64,1487,20,Clay County,Kansas
20027,65+,1985,20,Clay County,Kansas
20029,0-4,629,20,Cloud County,Kansas
20029,18-49,3309,20,Cloud County,Kansas
20029,5-17,1507,20,Cloud County,Kansas
20029,50-64,1643,20,Cloud County,Kansas
20029,65+,1885,20,Cloud County,Kansas
20031,0-4,366,20,Coffey County,Kansas
20031,18-49,2957,20,Coffey County,Kansas
20031,5-17,1423,20,Coffey County,Kansas
20031,50-64,1732,20,Coffey County,Kansas
20031,65+,1826,20,Coffey County,Kansas
20033,0-4,44,20,Comanche County,Kansas
20033,18-49,527,20,Comanche County,Kansas
20033,5-17,264,20,Comanche County,Kansas
20033,50-64,363,20,Comanche County,Kansas
20033,65+,487,20,Comanche County,Kansas
20035,0-4,1872,20,Cowley County,Kansas
20035,18-49,13632,20,Cowley County,Kansas
20035,5-17,6293,20,Cowley County,Kansas
20035,50-64,6221,20,Cowley County,Kansas
20035,65+,6469,20,Cowley County,Kansas
20037,0-4,2238,20,Crawford County,Kansas
20037,18-49,17626,20,Crawford County,Kansas
20037,5-17,6401,20,Crawford County,Kansas
20037,50-64,6618,20,Crawford County,Kansas
20037,65+,6080,20,Crawford County,Kansas
20039,0-4,146,20,Decatur County,Kansas
20039,18-49,797,20,Decatur County,Kansas
20039,5-17,401,20,Decatur County,Kansas
20039,50-64,598,20,Decatur County,Kansas
20039,65+,804,20,Decatur County,Kansas
20041,0-4,971,20,Dickinson County,Kansas
20041,18-49,6550,20,Dickinson County,Kansas
20041,5-17,3245,20,Dickinson County,Kansas
20041,50-64,3847,20,Dickinson County,Kansas
20041,65+,3810,20,Dickinson County,Kansas
20043,0-4,386,20,Doniphan County,Kansas
20043,18-49,3007,20,Doniphan County,Kansas
20043,5-17,1139,20,Doniphan County,Kansas
20043,50-64,1503,20,Doniphan County,Kansas
20043,65+,1457,20,Doniphan County,Kansas
20045,0-4,5388,20,Douglas County,Kansas
20045,18-49,64690,20,Douglas County,Kansas
20045,5-17,15912,20,Douglas County,Kansas
20045,50-64,17630,20,Douglas County,Kansas
20045,65+,15927,20,Douglas County,Kansas
20047,0-4,148,20,Edwards County,Kansas
20047,18-49,907,20,Edwards County,Kansas
20047,5-17,505,20,Edwards County,Kansas
20047,50-64,630,20,Edwards County,Kansas
20047,65+,627,20,Edwards County,Kansas
20049,0-4,115,20,Elk County,Kansas
20049,18-49,672,20,Elk County,Kansas
20049,5-17,457,20,Elk County,Kansas
20049,50-64,526,20,Elk County,Kansas
20049,65+,694,20,Elk County,Kansas
20051,0-4,1467,20,Ellis County,Kansas
20051,18-49,14113,20,Ellis County,Kansas
20051,5-17,4402,20,Ellis County,Kansas
20051,50-64,4409,20,Ellis County,Kansas
20051,65+,4479,20,Ellis County,Kansas
20053,0-4,264,20,Ellsworth County,Kansas
20053,18-49,2535,20,Ellsworth County,Kansas
20053,5-17,858,20,Ellsworth County,Kansas
20053,50-64,1198,20,Ellsworth County,Kansas
20053,65+,1511,20,Ellsworth County,Kansas
20055,0-4,2938,20,Finney County,Kansas
20055,18-49,15900,20,Finney County,Kansas
20055,5-17,8489,20,Finney County,Kansas
20055,50-64,6295,20,Finney County,Kansas
20055,65+,4379,20,Finney County,Kansas
20057,0-4,3050,20,Ford County,Kansas
20057,18-49,14097,20,Ford County,Kansas
20057,5-17,7467,20,Ford County,Kansas
20057,50-64,5674,20,Ford County,Kansas
20057,65+,3845,20,Ford County,Kansas
20059,0-4,1399,20,Franklin County,Kansas
20059,18-49,10006,20,Franklin County,Kansas
20059,5-17,4653,20,Franklin County,Kansas
20059,50-64,5378,20,Franklin County,Kansas
20059,65+,4558,20,Franklin County,Kansas
20061,0-4,4170,20,Geary County,Kansas
20061,18-49,18040,20,Geary County,Kansas
20061,5-17,7183,20,Geary County,Kansas
20061,50-64,3394,20,Geary County,Kansas
20061,65+,3108,20,Geary County,Kansas
20063,0-4,210,20,Gove County,Kansas
20063,18-49,915,20,Gove County,Kansas
20063,5-17,509,20,Gove County,Kansas
20063,50-64,506,20,Gove County,Kansas
20063,65+,656,20,Gove County,Kansas
20065,0-4,109,20,Graham County,Kansas
20065,18-49,783,20,Graham County,Kansas
20065,5-17,394,20,Graham County,Kansas
20065,50-64,498,20,Graham County,Kansas
20065,65+,622,20,Graham County,Kansas
20067,0-4,571,20,Grant County,Kansas
20067,18-49,2746,20,Grant County,Kansas
20067,5-17,1660,20,Grant County,Kansas
20067,50-64,1345,20,Grant County,Kansas
20067,65+,962,20,Grant County,Kansas
20069,0-4,405,20,Gray County,Kansas
20069,18-49,2166,20,Gray County,Kansas
20069,5-17,1258,20,Gray County,Kansas
20069,50-64,954,20,Gray County,Kansas
20069,65+,913,20,Gray County,Kansas
20071,0-4,106,20,Greeley County,Kansas
20071,18-49,451,20,Greeley County,Kansas
20071,5-17,292,20,Greeley County,Kansas
20071,50-64,206,20,Greeley County,Kansas
20071,65+,241,20,Greeley County,Kansas
20073,0-4,274,20,Greenwood County,Kansas
20073,18-49,1824,20,Greenwood County,Kansas
20073,5-17,1004,20,Greenwood County,Kansas
20073,50-64,1304,20,Greenwood County,Kansas
20073,65+,1550,20,Greenwood County,Kansas
20075,0-4,158,20,Hamilton County,Kansas
20075,18-49,1021,20,Hamilton County,Kansas
20075,5-17,621,20,Hamilton County,Kansas
20075,50-64,355,20,Hamilton County,Kansas
20075,65+,330,20,Hamilton County,Kansas
20077,0-4,350,20,Harper County,Kansas
20077,18-49,1832,20,Harper County,Kansas
20077,5-17,1053,20,Harper County,Kansas
20077,50-64,1010,20,Harper County,Kansas
20077,65+,1201,20,Harper County,Kansas
20079,0-4,1935,20,Harvey County,Kansas
20079,18-49,12551,20,Harvey County,Kansas
20079,5-17,6139,20,Harvey County,Kansas
20079,50-64,6142,20,Harvey County,Kansas
20079,65+,7056,20,Harvey County,Kansas
20081,0-4,256,20,Haskell County,Kansas
20081,18-49,1425,20,Haskell County,Kansas
20081,5-17,748,20,Haskell County,Kansas
20081,50-64,684,20,Haskell County,Kansas
20081,65+,582,20,Haskell County,Kansas
20083,0-4,65,20,Hodgeman County,Kansas
20083,18-49,481,20,Hodgeman County,Kansas
20083,5-17,347,20,Hodgeman County,Kansas
20083,50-64,432,20,Hodgeman County,Kansas
20083,65+,351,20,Hodgeman County,Kansas
20085,0-4,851,20,Jackson County,Kansas
20085,18-49,4680,20,Jackson County,Kansas
20085,5-17,2424,20,Jackson County,Kansas
20085,50-64,2722,20,Jackson County,Kansas
20085,65+,2600,20,Jackson County,Kansas
20087,0-4,927,20,Jefferson County,Kansas
20087,18-49,6451,20,Jefferson County,Kansas
20087,5-17,3164,20,Jefferson County,Kansas
20087,50-64,4285,20,Jefferson County,Kansas
20087,65+,3564,20,Jefferson County,Kansas
20089,0-4,164,20,Jewell County,Kansas
20089,18-49,830,20,Jewell County,Kansas
20089,5-17,458,20,Jewell County,Kansas
20089,50-64,567,20,Jewell County,Kansas
20089,65+,890,20,Jewell County,Kansas
20091,0-4,36710,20,Johnson County,Kansas
20091,18-49,259632,20,Johnson County,Kansas
20091,5-17,109686,20,Johnson County,Kansas
20091,50-64,113468,20,Johnson County,Kansas
20091,65+,95268,20,Johnson County,Kansas
20093,0-4,277,20,Kearny County,Kansas
20093,18-49,1371,20,Kearny County,Kansas
20093,5-17,888,20,Kearny County,Kansas
20093,50-64,729,20,Kearny County,Kansas
20093,65+,645,20,Kearny County,Kansas
20095,0-4,410,20,Kingman County,Kansas
20095,18-49,2619,20,Kingman County,Kansas
20095,5-17,1189,20,Kingman County,Kansas
20095,50-64,1630,20,Kingman County,Kansas
20095,65+,1436,20,Kingman County,Kansas
20097,0-4,148,20,Kiowa County,Kansas
20097,18-49,880,20,Kiowa County,Kansas
20097,5-17,407,20,Kiowa County,Kansas
20097,50-64,446,20,Kiowa County,Kansas
20097,65+,541,20,Kiowa County,Kansas
20099,0-4,1324,20,Labette County,Kansas
20099,18-49,6853,20,Labette County,Kansas
20099,5-17,3550,20,Labette County,Kansas
20099,50-64,4220,20,Labette County,Kansas
20099,65+,4002,20,Labette County,Kansas
20101,0-4,78,20,Lane County,Kansas
20101,18-49,438,20,Lane County,Kansas
20101,5-17,274,20,Lane County,Kansas
20101,50-64,353,20,Lane County,Kansas
20101,65+,354,20,Lane County,Kansas
20103,0-4,5074,20,Leavenworth County,Kansas
20103,18-49,34327,20,Leavenworth County,Kansas
20103,5-17,14495,20,Leavenworth County,Kansas
20103,50-64,15784,20,Leavenworth County,Kansas
20103,65+,12813,20,Leavenworth County,Kansas
20105,0-4,134,20,Lincoln County,Kansas
20105,18-49,946,20,Lincoln County,Kansas
20105,5-17,487,20,Lincoln County,Kansas
20105,50-64,629,20,Lincoln County,Kansas
20105,65+,728,20,Lincoln County,Kansas
20107,0-4,475,20,Linn County,Kansas
20107,18-49,3255,20,Linn County,Kansas
20107,5-17,1668,20,Linn County,Kansas
20107,50-64,2160,20,Linn County,Kansas
20107,65+,2165,20,Linn County,Kansas
20109,0-4,187,20,Logan County,Kansas
20109,18-49,996,20,Logan County,Kansas
20109,5-17,453,20,Logan County,Kansas
20109,50-64,511,20,Logan County,Kansas
20109,65+,573,20,Logan County,Kansas
20111,0-4,1891,20,Lyon County,Kansas
20111,18-49,14606,20,Lyon County,Kansas
20111,5-17,5280,20,Lyon County,Kansas
20111,50-64,5293,20,Lyon County,Kansas
20111,65+,5075,20,Lyon County,Kansas
20113,0-4,1529,20,McPherson County,Kansas
20113,18-49,12171,20,McPherson County,Kansas
20113,5-17,5038,20,McPherson County,Kansas
20113,50-64,5448,20,McPherson County,Kansas
20113,65+,5944,20,McPherson County,Kansas
20115,0-4,580,20,Marion County,Kansas
20115,18-49,4126,20,Marion County,Kansas
20115,5-17,1924,20,Marion County,Kansas
20115,50-64,2400,20,Marion County,Kansas
20115,65+,2765,20,Marion County,Kansas
20117,0-4,651,20,Marshall County,Kansas
20117,18-49,3360,20,Marshall County,Kansas
20117,5-17,1793,20,Marshall County,Kansas
20117,50-64,1959,20,Marshall County,Kansas
20117,65+,2238,20,Marshall County,Kansas
20119,0-4,279,20,Meade County,Kansas
20119,18-49,1455,20,Meade County,Kansas
20119,5-17,772,20,Meade County,Kansas
20119,50-64,783,20,Meade County,Kansas
20119,65+,660,20,Meade County,Kansas
20121,0-4,1853,20,Miami County,Kansas
20121,18-49,12784,20,Miami County,Kansas
20121,5-17,6429,20,Miami County,Kansas
20121,50-64,7503,20,Miami County,Kansas
20121,65+,6056,20,Miami County,Kansas
20123,0-4,329,20,Mitchell County,Kansas
20123,18-49,2005,20,Mitchell County,Kansas
20123,5-17,1006,20,Mitchell County,Kansas
20123,50-64,1115,20,Mitchell County,Kansas
20123,65+,1312,20,Mitchell County,Kansas
20125,0-4,1802,20,Montgomery County,Kansas
20125,18-49,11198,20,Montgomery County,Kansas
20125,5-17,5701,20,Montgomery County,Kansas
20125,50-64,6235,20,Montgomery County,Kansas
20125,65+,6207,20,Montgomery County,Kansas
20127,0-4,276,20,Morris County,Kansas
20127,18-49,1618,20,Morris County,Kansas
20127,5-17,832,20,Morris County,Kansas
20127,50-64,1255,20,Morris County,Kansas
20127,65+,1407,20,Morris County,Kansas
20129,0-4,101,20,Morton County,Kansas
20129,18-49,979,20,Morton County,Kansas
20129,5-17,549,20,Morton County,Kansas
20129,50-64,481,20,Morton County,Kansas
20129,65+,537,20,Morton County,Kansas
20131,0-4,731,20,Nemaha County,Kansas
20131,18-49,3457,20,Nemaha County,Kansas
20131,5-17,2096,20,Nemaha County,Kansas
20131,50-64,1929,20,Nemaha County,Kansas
20131,65+,2000,20,Nemaha County,Kansas
20133,0-4,952,20,Neosho County,Kansas
20133,18-49,5707,20,Neosho County,Kansas
20133,5-17,2836,20,Neosho County,Kansas
20133,50-64,3014,20,Neosho County,Kansas
20133,65+,3206,20,Neosho County,Kansas
20135,0-4,96,20,Ness County,Kansas
20135,18-49,871,20,Ness County,Kansas
20135,5-17,440,20,Ness County,Kansas
20135,50-64,597,20,Ness County,Kansas
20135,65+,655,20,Ness County,Kansas
20137,0-4,294,20,Norton County,Kansas
20137,18-49,2141,20,Norton County,Kansas
20137,5-17,806,20,Norton County,Kansas
20137,50-64,1056,20,Norton County,Kansas
20137,65+,1095,20,Norton County,Kansas
20139,0-4,817,20,Osage County,Kansas
20139,18-49,5446,20,Osage County,Kansas
20139,5-17,2864,20,Osage County,Kansas
20139,50-64,3403,20,Osage County,Kansas
20139,65+,3250,20,Osage County,Kansas
20141,0-4,215,20,Osborne County,Kansas
20141,18-49,1075,20,Osborne County,Kansas
20141,5-17,535,20,Osborne County,Kansas
20141,50-64,734,20,Osborne County,Kansas
20141,65+,914,20,Osborne County,Kansas
20143,0-4,328,20,Ottawa County,Kansas
20143,18-49,2053,20,Ottawa County,Kansas
20143,5-17,1006,20,Ottawa County,Kansas
20143,50-64,1205,20,Ottawa County,Kansas
20143,65+,1190,20,Ottawa County,Kansas
20145,0-4,235,20,Pawnee County,Kansas
20145,18-49,2597,20,Pawnee County,Kansas
20145,5-17,660,20,Pawnee County,Kansas
20145,50-64,1352,20,Pawnee County,Kansas
20145,65+,1376,20,Pawnee County,Kansas
20147,0-4,307,20,Phillips County,Kansas
20147,18-49,1574,20,Phillips County,Kansas
20147,5-17,814,20,Phillips County,Kansas
20147,50-64,979,20,Phillips County,Kansas
20147,65+,1200,20,Phillips County,Kansas
20149,0-4,1905,20,Pottawatomie County,Kansas
20149,18-49,9989,20,Pottawatomie County,Kansas
20149,5-17,5594,20,Pottawatomie County,Kansas
20149,50-64,4431,20,Pottawatomie County,Kansas
20149,65+,3889,20,Pottawatomie County,Kansas
20151,0-4,555,20,Pratt County,Kansas
20151,18-49,3384,20,Pratt County,Kansas
20151,5-17,1726,20,Pratt County,Kansas
20151,50-64,1487,20,Pratt County,Kansas
20151,65+,1968,20,Pratt County,Kansas
20153,0-4,167,20,Rawlins County,Kansas
20153,18-49,785,20,Rawlins County,Kansas
20153,5-17,404,20,Rawlins County,Kansas
20153,50-64,477,20,Rawlins County,Kansas
20153,65+,700,20,Rawlins County,Kansas
20155,0-4,3289,20,Reno County,Kansas
20155,18-49,23609,20,Reno County,Kansas
20155,5-17,10442,20,Reno County,Kansas
20155,50-64,11818,20,Reno County,Kansas
20155,65+,12535,20,Reno County,Kansas
20157,0-4,263,20,Republic County,Kansas
20157,18-49,1409,20,Republic County,Kansas
20157,5-17,824,20,Republic County,Kansas
20157,50-64,936,20,Republic County,Kansas
20157,65+,1230,20,Republic County,Kansas
20159,0-4,538,20,Rice County,Kansas
20159,18-49,3653,20,Rice County,Kansas
20159,5-17,1663,20,Rice County,Kansas
20159,50-64,1698,20,Rice County,Kansas
20159,65+,1837,20,Rice County,Kansas
20161,0-4,3565,20,Riley County,Kansas
20161,18-49,45119,20,Riley County,Kansas
20161,5-17,8077,20,Riley County,Kansas
20161,50-64,7934,20,Riley County,Kansas
20161,65+,7015,20,Riley County,Kansas
20163,0-4,262,20,Rooks County,Kansas
20163,18-49,1613,20,Rooks County,Kansas
20163,5-17,763,20,Rooks County,Kansas
20163,50-64,1091,20,Rooks County,Kansas
20163,65+,1140,20,Rooks County,Kansas
20165,0-4,217,20,Rush County,Kansas
20165,18-49,1047,20,Rush County,Kansas
20165,5-17,382,20,Rush County,Kansas
20165,50-64,564,20,Rush County,Kansas
20165,65+,747,20,Rush County,Kansas
20167,0-4,359,20,Russell County,Kansas
20167,18-49,2182,20,Russell County,Kansas
20167,5-17,1131,20,Russell County,Kansas
20167,50-64,1312,20,Russell County,Kansas
20167,65+,1733,20,Russell County,Kansas
20169,0-4,3192,20,Saline County,Kansas
20169,18-49,20656,20,Saline County,Kansas
20169,5-17,9122,20,Saline County,Kansas
20169,50-64,10879,20,Saline County,Kansas
20169,65+,9952,20,Saline County,Kansas
20171,0-4,268,20,Scott County,Kansas
20171,18-49,1945,20,Scott County,Kansas
20171,5-17,1064,20,Scott County,Kansas
20171,50-64,765,20,Scott County,Kansas
20171,65+,1029,20,Scott County,Kansas
20173,0-4,33680,20,Sedgwick County,Kansas
20173,18-49,219019,20,Sedgwick County,Kansas
20173,5-17,98499,20,Sedgwick County,Kansas
20173,50-64,92524,20,Sedgwick County,Kansas
20173,65+,81088,20,Sedgwick County,Kansas
20175,0-4,1854,20,Seward County,Kansas
20175,18-49,9367,20,Seward County,Kansas
20175,5-17,4833,20,Seward County,Kansas
20175,50-64,3341,20,Seward County,Kansas
20175,65+,2245,20,Seward County,Kansas
20177,0-4,10316,20,Shawnee County,Kansas
20177,18-49,68865,20,Shawnee County,Kansas
20177,5-17,31225,20,Shawnee County,Kansas
20177,50-64,34090,20,Shawnee County,Kansas
20177,65+,33819,20,Shawnee County,Kansas
20179,0-4,147,20,Sheridan County,Kansas
20179,18-49,795,20,Sheridan County,Kansas
20179,5-17,475,20,Sheridan County,Kansas
20179,50-64,459,20,Sheridan County,Kansas
20179,65+,566,20,Sheridan County,Kansas
20181,0-4,429,20,Sherman County,Kansas
20181,18-49,2185,20,Sherman County,Kansas
20181,5-17,992,20,Sherman County,Kansas
20181,50-64,1100,20,Sherman County,Kansas
20181,65+,1213,20,Sherman County,Kansas
20183,0-4,180,20,Smith County,Kansas
20183,18-49,1067,20,Smith County,Kansas
20183,5-17,543,20,Smith County,Kansas
20183,50-64,759,20,Smith County,Kansas
20183,65+,1030,20,Smith County,Kansas
20185,0-4,228,20,Stafford County,Kansas
20185,18-49,1319,20,Stafford County,Kansas
20185,5-17,751,20,Stafford County,Kansas
20185,50-64,832,20,Stafford County,Kansas
20185,65+,874,20,Stafford County,Kansas
20187,0-4,134,20,Stanton County,Kansas
20187,18-49,808,20,Stanton County,Kansas
20187,5-17,400,20,Stanton County,Kansas
20187,50-64,403,20,Stanton County,Kansas
20187,65+,273,20,Stanton County,Kansas
20189,0-4,316,20,Stevens County,Kansas
20189,18-49,2004,20,Stevens County,Kansas
20189,5-17,1191,20,Stevens County,Kansas
20189,50-64,810,20,Stevens County,Kansas
20189,65+,891,20,Stevens County,Kansas
20191,0-4,1250,20,Sumner County,Kansas
20191,18-49,8099,20,Sumner County,Kansas
20191,5-17,4166,20,Sumner County,Kansas
20191,50-64,4593,20,Sumner County,Kansas
20191,65+,4278,20,Sumner County,Kansas
20193,0-4,543,20,Thomas County,Kansas
20193,18-49,3309,20,Thomas County,Kansas
20193,5-17,1372,20,Thomas County,Kansas
20193,50-64,1274,20,Thomas County,Kansas
20193,65+,1415,20,Thomas County,Kansas
20195,0-4,176,20,Trego County,Kansas
20195,18-49,896,20,Trego County,Kansas
20195,5-17,367,20,Trego County,Kansas
20195,50-64,604,20,Trego County,Kansas
20195,65+,735,20,Trego County,Kansas
20197,0-4,370,20,Wabaunsee County,Kansas
20197,18-49,2395,20,Wabaunsee County,Kansas
20197,5-17,1226,20,Wabaunsee County,Kansas
20197,50-64,1508,20,Wabaunsee County,Kansas
20197,65+,1462,20,Wabaunsee County,Kansas
20199,0-4,107,20,Wallace County,Kansas
20199,18-49,441,20,Wallace County,Kansas
20199,5-17,230,20,Wallace County,Kansas
20199,50-64,306,20,Wallace County,Kansas
20199,65+,375,20,Wallace County,Kansas
20201,0-4,372,20,Washington County,Kansas
20201,18-49,1788,20,Washington County,Kansas
20201,5-17,952,20,Washington County,Kansas
20201,50-64,1112,20,Washington County,Kansas
20201,65+,1295,20,Washington County,Kansas
20203,0-4,197,20,Wichita County,Kansas
20203,18-49,745,20,Wichita County,Kansas
20203,5-17,352,20,Wichita County,Kansas
20203,50-64,338,20,Wichita County,Kansas
20203,65+,483,20,Wichita County,Kansas
20205,0-4,508,20,Wilson County,Kansas
20205,18-49,2878,20,Wilson County,Kansas
20205,5-17,1532,20,Wilson County,Kansas
20205,50-64,1712,20,Wilson County,Kansas
20205,65+,1929,20,Wilson County,Kansas
20207,0-4,138,20,Woodson County,Kansas
20207,18-49,970,20,Woodson County,Kansas
20207,5-17,454,20,Woodson County,Kansas
20207,50-64,727,20,Woodson County,Kansas
20207,65+,829,20,Woodson County,Kansas
20209,0-4,12354,20,Wyandotte County,Kansas
20209,18-49,70921,20,Wyandotte County,Kansas
20209,5-17,33834,20,Wyandotte County,Kansas
20209,50-64,28351,20,Wyandotte County,Kansas
20209,65+,21817,20,Wyandotte County,Kansas
21001,0-4,894,21,Adair County,Kentucky
21001,18-49,7668,21,Adair County,Kentucky
21001,5-17,2887,21,Adair County,Kentucky
21001,50-64,3832,21,Adair County,Kentucky
21001,65+,3735,21,Adair County,Kentucky
21003,0-4,1231,21,Allen County,Kentucky
21003,18-49,7930,21,Allen County,Kentucky
21003,5-17,3614,21,Allen County,Kentucky
21003,50-64,4555,21,Allen County,Kentucky
21003,65+,3699,21,Allen County,Kentucky
21005,0-4,1407,21,Anderson County,Kentucky
21005,18-49,9175,21,Anderson County,Kentucky
21005,5-17,4204,21,Anderson County,Kentucky
21005,50-64,5385,21,Anderson County,Kentucky
21005,65+,3927,21,Anderson County,Kentucky
21007,0-4,334,21,Ballard County,Kentucky
21007,18-49,2816,21,Ballard County,Kentucky
21007,5-17,1205,21,Ballard County,Kentucky
21007,50-64,1637,21,Ballard County,Kentucky
21007,65+,1686,21,Ballard County,Kentucky
21009,0-4,2652,21,Barren County,Kentucky
21009,18-49,17127,21,Barren County,Kentucky
21009,5-17,7958,21,Barren County,Kentucky
21009,50-64,8931,21,Barren County,Kentucky
21009,65+,8002,21,Barren County,Kentucky
21011,0-4,861,21,Bath County,Kentucky
21011,18-49,4702,21,Bath County,Kentucky
21011,5-17,2407,21,Bath County,Kentucky
21011,50-64,2700,21,Bath County,Kentucky
21011,65+,2142,21,Bath County,Kentucky
21013,0-4,1432,21,Bell County,Kentucky
21013,18-49,9102,21,Bell County,Kentucky
21013,5-17,3775,21,Bell County,Kentucky
21013,50-64,5075,21,Bell County,Kentucky
21013,65+,4494,21,Bell County,Kentucky
21015,0-4,8811,21,Boone County,Kentucky
21015,18-49,56417,21,Boone County,Kentucky
21015,5-17,26726,21,Boone County,Kentucky
21015,50-64,25755,21,Boone County,Kentucky
21015,65+,19967,21,Boone County,Kentucky
21017,0-4,1254,21,Bourbon County,Kentucky
21017,18-49,7405,21,Bourbon County,Kentucky
21017,5-17,3351,21,Bourbon County,Kentucky
21017,50-64,4227,21,Bourbon County,Kentucky
21017,65+,3937,21,Bourbon County,Kentucky
21019,0-4,2531,21,Boyd County,Kentucky
21019,18-49,18199,21,Boyd County,Kentucky
21019,5-17,7694,21,Boyd County,Kentucky
21019,50-64,9904,21,Boyd County,Kentucky
21019,65+,9715,21,Boyd County,Kentucky
21021,0-4,1555,21,Boyle County,Kentucky
21021,18-49,12738,21,Boyle County,Kentucky
21021,5-17,4800,21,Boyle County,Kentucky
21021,50-64,5884,21,Boyle County,Kentucky
21021,65+,5731,21,Boyle County,Kentucky
21023,0-4,492,21,Bracken County,Kentucky
21023,18-49,3098,21,Bracken County,Kentucky
21023,5-17,1497,21,Bracken County,Kentucky
21023,50-64,1854,21,Bracken County,Kentucky
21023,65+,1486,21,Bracken County,Kentucky
21025,0-4,770,21,Breathitt County,Kentucky
21025,18-49,5197,21,Breathitt County,Kentucky
21025,5-17,2036,21,Breathitt County,Kentucky
21025,50-64,2971,21,Breathitt County,Kentucky
21025,65+,2464,21,Breathitt County,Kentucky
21027,0-4,1201,21,Breckinridge County,Kentucky
21027,18-49,7464,21,Breckinridge County,Kentucky
21027,5-17,3457,21,Breckinridge County,Kentucky
21027,50-64,4468,21,Breckinridge County,Kentucky
21027,65+,4132,21,Breckinridge County,Kentucky
21029,0-4,4277,21,Bullitt County,Kentucky
21029,18-49,33387,21,Bullitt County,Kentucky
21029,5-17,13557,21,Bullitt County,Kentucky
21029,50-64,17946,21,Bullitt County,Kentucky
21029,65+,14042,21,Bullitt County,Kentucky
21031,0-4,744,21,Butler County,Kentucky
21031,18-49,4654,21,Butler County,Kentucky
21031,5-17,2131,21,Butler County,Kentucky
21031,50-64,2499,21,Butler County,Kentucky
21031,65+,2345,21,Butler County,Kentucky
21033,0-4,715,21,Caldwell County,Kentucky
21033,18-49,4514,21,Caldwell County,Kentucky
21033,5-17,2188,21,Caldwell County,Kentucky
21033,50-64,2547,21,Caldwell County,Kentucky
21033,65+,2667,21,Caldwell County,Kentucky
21035,0-4,1660,21,Calloway County,Kentucky
21035,18-49,18025,21,Calloway County,Kentucky
21035,5-17,5245,21,Calloway County,Kentucky
21035,50-64,6595,21,Calloway County,Kentucky
21035,65+,6357,21,Calloway County,Kentucky
21037,0-4,5194,21,Campbell County,Kentucky
21037,18-49,39026,21,Campbell County,Kentucky
21037,5-17,14162,21,Campbell County,Kentucky
21037,50-64,18893,21,Campbell County,Kentucky
21037,65+,15918,21,Campbell County,Kentucky
21039,0-4,284,21,Carlisle County,Kentucky
21039,18-49,1761,21,Carlisle County,Kentucky
21039,5-17,838,21,Carlisle County,Kentucky
21039,50-64,933,21,Carlisle County,Kentucky
21039,65+,947,21,Carlisle County,Kentucky
21041,0-4,697,21,Carroll County,Kentucky
21041,18-49,4145,21,Carroll County,Kentucky
21041,5-17,2190,21,Carroll County,Kentucky
21041,50-64,2080,21,Carroll County,Kentucky
21041,65+,1766,21,Carroll County,Kentucky
21043,0-4,1542,21,Carter County,Kentucky
21043,18-49,9894,21,Carter County,Kentucky
21043,5-17,4393,21,Carter County,Kentucky
21043,50-64,5401,21,Carter County,Kentucky
21043,65+,5285,21,Carter County,Kentucky
21045,0-4,1049,21,Casey County,Kentucky
21045,18-49,5834,21,Casey County,Kentucky
21045,5-17,2694,21,Casey County,Kentucky
21045,50-64,3148,21,Casey County,Kentucky
21045,65+,3226,21,Casey County,Kentucky
21047,0-4,6876,21,Christian County,Kentucky
21047,18-49,33796,21,Christian County,Kentucky
21047,5-17,13469,21,Christian County,Kentucky
21047,50-64,9334,21,Christian County,Kentucky
21047,65+,9124,21,Christian County,Kentucky
21049,0-4,2045,21,Clark County,Kentucky
21049,18-49,14530,21,Clark County,Kentucky
21049,5-17,6302,21,Clark County,Kentucky
21049,50-64,7405,21,Clark County,Kentucky
21049,65+,6722,21,Clark County,Kentucky
21051,0-4,1141,21,Clay County,Kentucky
21051,18-49,8549,21,Clay County,Kentucky
21051,5-17,3039,21,Clay County,Kentucky
21051,50-64,4221,21,Clay County,Kentucky
21051,65+,3155,21,Clay County,Kentucky
21053,0-4,524,21,Clinton County,Kentucky
21053,18-49,3435,21,Clinton County,Kentucky
21053,5-17,1456,21,Clinton County,Kentucky
21053,50-64,1962,21,Clinton County,Kentucky
21053,65+,1863,21,Clinton County,Kentucky
21055,0-4,466,21,Crittenden County,Kentucky
21055,18-49,3262,21,Crittenden County,Kentucky
21055,5-17,1548,21,Crittenden County,Kentucky
21055,50-64,1828,21,Crittenden County,Kentucky
21055,65+,1868,21,Crittenden County,Kentucky
21057,0-4,369,21,Cumberland County,Kentucky
21057,18-49,1984,21,Cumberland County,Kentucky
21057,5-17,938,21,Cumberland County,Kentucky
21057,50-64,1335,21,Cumberland County,Kentucky
21057,65+,1322,21,Cumberland County,Kentucky
21059,0-4,6630,21,Daviess County,Kentucky
21059,18-49,40065,21,Daviess County,Kentucky
21059,5-17,18730,21,Daviess County,Kentucky
21059,50-64,19855,21,Daviess County,Kentucky
21059,65+,17915,21,Daviess County,Kentucky
21061,0-4,526,21,Edmonson County,Kentucky
21061,18-49,4553,21,Edmonson County,Kentucky
21061,5-17,1787,21,Edmonson County,Kentucky
21061,50-64,2750,21,Edmonson County,Kentucky
21061,65+,2627,21,Edmonson County,Kentucky
21063,0-4,278,21,Elliott County,Kentucky
21063,18-49,3080,21,Elliott County,Kentucky
21063,5-17,942,21,Elliott County,Kentucky
21063,50-64,1454,21,Elliott County,Kentucky
21063,65+,1582,21,Elliott County,Kentucky
21065,0-4,702,21,Estill County,Kentucky
21065,18-49,5128,21,Estill County,Kentucky
21065,5-17,2300,21,Estill County,Kentucky
21065,50-64,3215,21,Estill County,Kentucky
21065,65+,2734,21,Estill County,Kentucky
21067,0-4,18457,21,Fayette County,Kentucky
21067,18-49,152952,21,Fayette County,Kentucky
21067,5-17,49285,21,Fayette County,Kentucky
21067,50-64,54234,21,Fayette County,Kentucky
21067,65+,46194,21,Fayette County,Kentucky
21069,0-4,1040,21,Fleming County,Kentucky
21069,18-49,5632,21,Fleming County,Kentucky
21069,5-17,2628,21,Fleming County,Kentucky
21069,50-64,3105,21,Fleming County,Kentucky
21069,65+,2816,21,Fleming County,Kentucky
21071,0-4,2006,21,Floyd County,Kentucky
21071,18-49,13227,21,Floyd County,Kentucky
21071,5-17,5800,21,Floyd County,Kentucky
21071,50-64,7435,21,Floyd County,Kentucky
21071,65+,6874,21,Floyd County,Kentucky
21073,0-4,2818,21,Franklin County,Kentucky
21073,18-49,20941,21,Franklin County,Kentucky
21073,5-17,8021,21,Franklin County,Kentucky
21073,50-64,10298,21,Franklin County,Kentucky
21073,65+,9485,21,Franklin County,Kentucky
21075,0-4,310,21,Fulton County,Kentucky
21075,18-49,2442,21,Fulton County,Kentucky
21075,5-17,1091,21,Fulton County,Kentucky
21075,50-64,1250,21,Fulton County,Kentucky
21075,65+,1347,21,Fulton County,Kentucky
21077,0-4,485,21,Gallatin County,Kentucky
21077,18-49,3422,21,Gallatin County,Kentucky
21077,5-17,1474,21,Gallatin County,Kentucky
21077,50-64,2012,21,Gallatin County,Kentucky
21077,65+,1356,21,Gallatin County,Kentucky
21079,0-4,928,21,Garrard County,Kentucky
21079,18-49,6481,21,Garrard County,Kentucky
21079,5-17,2874,21,Garrard County,Kentucky
21079,50-64,3875,21,Garrard County,Kentucky
21079,65+,3188,21,Garrard County,Kentucky
21081,0-4,1738,21,Grant County,Kentucky
21081,18-49,10094,21,Grant County,Kentucky
21081,5-17,5006,21,Grant County,Kentucky
21081,50-64,4860,21,Grant County,Kentucky
21081,65+,3540,21,Grant County,Kentucky
21083,0-4,2426,21,Graves County,Kentucky
21083,18-49,13586,21,Graves County,Kentucky
21083,5-17,6458,21,Graves County,Kentucky
21083,50-64,7433,21,Graves County,Kentucky
21083,65+,6709,21,Graves County,Kentucky
21085,0-4,1710,21,Grayson County,Kentucky
21085,18-49,10146,21,Grayson County,Kentucky
21085,5-17,4582,21,Grayson County,Kentucky
21085,50-64,5378,21,Grayson County,Kentucky
21085,65+,4770,21,Grayson County,Kentucky
21087,0-4,610,21,Green County,Kentucky
21087,18-49,3909,21,Green County,Kentucky
21087,5-17,1752,21,Green County,Kentucky
21087,50-64,2497,21,Green County,Kentucky
21087,65+,2510,21,Green County,Kentucky
21089,0-4,1732,21,Greenup County,Kentucky
21089,18-49,12907,21,Greenup County,Kentucky
21089,5-17,5914,21,Greenup County,Kentucky
21089,50-64,7380,21,Greenup County,Kentucky
21089,65+,7706,21,Greenup County,Kentucky
21091,0-4,524,21,Hancock County,Kentucky
21091,18-49,3318,21,Hancock County,Kentucky
21091,5-17,1670,21,Hancock County,Kentucky
21091,50-64,1894,21,Hancock County,Kentucky
21091,65+,1626,21,Hancock County,Kentucky
21093,0-4,7135,21,Hardin County,Kentucky
21093,18-49,46222,21,Hardin County,Kentucky
21093,5-17,20508,21,Hardin County,Kentucky
21093,50-64,21131,21,Hardin County,Kentucky
21093,65+,16456,21,Hardin County,Kentucky
21095,0-4,1569,21,Harlan County,Kentucky
21095,18-49,9639,21,Harlan County,Kentucky
21095,5-17,4612,21,Harlan County,Kentucky
21095,50-64,5344,21,Harlan County,Kentucky
21095,65+,5021,21,Harlan County,Kentucky
21097,0-4,1270,21,Harrison County,Kentucky
21097,18-49,6894,21,Harrison County,Kentucky
21097,5-17,3128,21,Harrison County,Kentucky
21097,50-64,4137,21,Harrison County,Kentucky
21097,65+,3542,21,Harrison County,Kentucky
21099,0-4,1275,21,Hart County,Kentucky
21099,18-49,7142,21,Hart County,Kentucky
21099,5-17,3480,21,Hart County,Kentucky
21099,50-64,4244,21,Hart County,Kentucky
21099,65+,3329,21,Hart County,Kentucky
21101,0-4,2489,21,Henderson County,Kentucky
21101,18-49,16926,21,Henderson County,Kentucky
21101,5-17,7638,21,Henderson County,Kentucky
21101,50-64,9081,21,Henderson County,Kentucky
21101,65+,8359,21,Henderson County,Kentucky
21103,0-4,894,21,Henry County,Kentucky
21103,18-49,5850,21,Henry County,Kentucky
21103,5-17,2818,21,Henry County,Kentucky
21103,50-64,3367,21,Henry County,Kentucky
21103,65+,2845,21,Henry County,Kentucky
21105,0-4,186,21,Hickman County,Kentucky
21105,18-49,1509,21,Hickman County,Kentucky
21105,5-17,703,21,Hickman County,Kentucky
21105,50-64,920,21,Hickman County,Kentucky
21105,65+,1152,21,Hickman County,Kentucky
21107,0-4,2666,21,Hopkins County,Kentucky
21107,18-49,17098,21,Hopkins County,Kentucky
21107,5-17,7761,21,Hopkins County,Kentucky
21107,50-64,9093,21,Hopkins County,Kentucky
21107,65+,8525,21,Hopkins County,Kentucky
21109,0-4,785,21,Jackson County,Kentucky
21109,18-49,4912,21,Jackson County,Kentucky
21109,5-17,2253,21,Jackson County,Kentucky
21109,50-64,2722,21,Jackson County,Kentucky
21109,65+,2331,21,Jackson County,Kentucky
21111,0-4,47554,21,Jefferson County,Kentucky
21111,18-49,325494,21,Jefferson County,Kentucky
21111,5-17,125540,21,Jefferson County,Kentucky
21111,50-64,147567,21,Jefferson County,Kentucky
21111,65+,131237,21,Jefferson County,Kentucky
21113,0-4,3287,21,Jessamine County,Kentucky
21113,18-49,21951,21,Jessamine County,Kentucky
21113,5-17,9538,21,Jessamine County,Kentucky
21113,50-64,10453,21,Jessamine County,Kentucky
21113,65+,8563,21,Jessamine County,Kentucky
21115,0-4,1191,21,Johnson County,Kentucky
21115,18-49,8465,21,Johnson County,Kentucky
21115,5-17,3810,21,Johnson County,Kentucky
21115,50-64,4787,21,Johnson County,Kentucky
21115,65+,4211,21,Johnson County,Kentucky
21117,0-4,10805,21,Kenton County,Kentucky
21117,18-49,71383,21,Kenton County,Kentucky
21117,5-17,29184,21,Kenton County,Kentucky
21117,50-64,32365,21,Kenton County,Kentucky
21117,65+,26080,21,Kenton County,Kentucky
21119,0-4,667,21,Knott County,Kentucky
21119,18-49,5271,21,Knott County,Kentucky
21119,5-17,2173,21,Knott County,Kentucky
21119,50-64,3114,21,Knott County,Kentucky
21119,65+,2821,21,Knott County,Kentucky
21121,0-4,1854,21,Knox County,Kentucky
21121,18-49,11798,21,Knox County,Kentucky
21121,5-17,5230,21,Knox County,Kentucky
21121,50-64,5954,21,Knox County,Kentucky
21121,65+,5198,21,Knox County,Kentucky
21123,0-4,801,21,Larue County,Kentucky
21123,18-49,5729,21,Larue County,Kentucky
21123,5-17,2603,21,Larue County,Kentucky
21123,50-64,3240,21,Larue County,Kentucky
21123,65+,2655,21,Larue County,Kentucky
21125,0-4,3701,21,Laurel County,Kentucky
21125,18-49,25334,21,Laurel County,Kentucky
21125,5-17,10638,21,Laurel County,Kentucky
21125,50-64,12547,21,Laurel County,Kentucky
21125,65+,10511,21,Laurel County,Kentucky
21127,0-4,1014,21,Lawrence County,Kentucky
21127,18-49,5809,21,Lawrence County,Kentucky
21127,5-17,2826,21,Lawrence County,Kentucky
21127,50-64,3327,21,Lawrence County,Kentucky
21127,65+,3195,21,Lawrence County,Kentucky
21129,0-4,363,21,Lee County,Kentucky
21129,18-49,2963,21,Lee County,Kentucky
21129,5-17,1018,21,Lee County,Kentucky
21129,50-64,1624,21,Lee County,Kentucky
21129,65+,1407,21,Lee County,Kentucky
21131,0-4,520,21,Leslie County,Kentucky
21131,18-49,3859,21,Leslie County,Kentucky
21131,5-17,1674,21,Leslie County,Kentucky
21131,50-64,2273,21,Leslie County,Kentucky
21131,65+,1935,21,Leslie County,Kentucky
21133,0-4,1092,21,Letcher County,Kentucky
21133,18-49,7635,21,Letcher County,Kentucky
21133,5-17,3486,21,Letcher County,Kentucky
21133,50-64,4587,21,Letcher County,Kentucky
21133,65+,4346,21,Letcher County,Kentucky
21135,0-4,772,21,Lewis County,Kentucky
21135,18-49,4700,21,Lewis County,Kentucky
21135,5-17,2258,21,Lewis County,Kentucky
21135,50-64,2806,21,Lewis County,Kentucky
21135,65+,2492,21,Lewis County,Kentucky
21137,0-4,1573,21,Lincoln County,Kentucky
21137,18-49,9060,21,Lincoln County,Kentucky
21137,5-17,4192,21,Lincoln County,Kentucky
21137,50-64,4987,21,Lincoln County,Kentucky
21137,65+,4603,21,Lincoln County,Kentucky
21139,0-4,466,21,Livingston County,Kentucky
21139,18-49,2992,21,Livingston County,Kentucky
21139,5-17,1451,21,Livingston County,Kentucky
21139,50-64,2070,21,Livingston County,Kentucky
21139,65+,1962,21,Livingston County,Kentucky
21141,0-4,1801,21,Logan County,Kentucky
21141,18-49,10340,21,Logan County,Kentucky
21141,5-17,4864,21,Logan County,Kentucky
21141,50-64,5514,21,Logan County,Kentucky
21141,65+,5212,21,Logan County,Kentucky
21143,0-4,286,21,Lyon County,Kentucky
21143,18-49,3394,21,Lyon County,Kentucky
21143,5-17,935,21,Lyon County,Kentucky
21143,50-64,1978,21,Lyon County,Kentucky
21143,65+,2238,21,Lyon County,Kentucky
21145,0-4,3893,21,McCracken County,Kentucky
21145,18-49,26003,21,McCracken County,Kentucky
21145,5-17,10954,21,McCracken County,Kentucky
21145,50-64,13120,21,McCracken County,Kentucky
21145,65+,13614,21,McCracken County,Kentucky
21147,0-4,940,21,McCreary County,Kentucky
21147,18-49,7229,21,McCreary County,Kentucky
21147,5-17,2752,21,McCreary County,Kentucky
21147,50-64,3267,21,McCreary County,Kentucky
21147,65+,2717,21,McCreary County,Kentucky
21149,0-4,489,21,McLean County,Kentucky
21149,18-49,3306,21,McLean County,Kentucky
21149,5-17,1622,21,McLean County,Kentucky
21149,50-64,1905,21,McLean County,Kentucky
21149,65+,1805,21,McLean County,Kentucky
21151,0-4,5273,21,Madison County,Kentucky
21151,18-49,44383,21,Madison County,Kentucky
21151,5-17,14633,21,Madison County,Kentucky
21151,50-64,16056,21,Madison County,Kentucky
21151,65+,13719,21,Madison County,Kentucky
21153,0-4,696,21,Magoffin County,Kentucky
21153,18-49,4241,21,Magoffin County,Kentucky
21153,5-17,1901,21,Magoffin County,Kentucky
21153,50-64,2527,21,Magoffin County,Kentucky
21153,65+,2130,21,Magoffin County,Kentucky
21155,0-4,1244,21,Marion County,Kentucky
21155,18-49,7594,21,Marion County,Kentucky
21155,5-17,3485,21,Marion County,Kentucky
21155,50-64,4024,21,Marion County,Kentucky
21155,65+,3333,21,Marion County,Kentucky
21157,0-4,1556,21,Marshall County,Kentucky
21157,18-49,11299,21,Marshall County,Kentucky
21157,5-17,4916,21,Marshall County,Kentucky
21157,50-64,6951,21,Marshall County,Kentucky
21157,65+,7006,21,Marshall County,Kentucky
21159,0-4,540,21,Martin County,Kentucky
21159,18-49,4895,21,Martin County,Kentucky
21159,5-17,1630,21,Martin County,Kentucky
21159,50-64,2166,21,Martin County,Kentucky
21159,65+,1950,21,Martin County,Kentucky
21161,0-4,994,21,Mason County,Kentucky
21161,18-49,6283,21,Mason County,Kentucky
21161,5-17,2881,21,Mason County,Kentucky
21161,50-64,3554,21,Mason County,Kentucky
21161,65+,3283,21,Mason County,Kentucky
21163,0-4,1543,21,Meade County,Kentucky
21163,18-49,12611,21,Meade County,Kentucky
21163,5-17,5120,21,Meade County,Kentucky
21163,50-64,6212,21,Meade County,Kentucky
21163,65+,4546,21,Meade County,Kentucky
21165,0-4,368,21,Menifee County,Kentucky
21165,18-49,2084,21,Menifee County,Kentucky
21165,5-17,936,21,Menifee County,Kentucky
21165,50-64,1452,21,Menifee County,Kentucky
21165,65+,1363,21,Menifee County,Kentucky
21167,0-4,1420,21,Mercer County,Kentucky
21167,18-49,8408,21,Mercer County,Kentucky
21167,5-17,3647,21,Mercer County,Kentucky
21167,50-64,4963,21,Mercer County,Kentucky
21167,65+,4386,21,Mercer County,Kentucky
21169,0-4,593,21,Metcalfe County,Kentucky
21169,18-49,3714,21,Metcalfe County,Kentucky
21169,5-17,1865,21,Metcalfe County,Kentucky
21169,50-64,2244,21,Metcalfe County,Kentucky
21169,65+,1956,21,Metcalfe County,Kentucky
21171,0-4,675,21,Monroe County,Kentucky
21171,18-49,4172,21,Monroe County,Kentucky
21171,5-17,1989,21,Monroe County,Kentucky
21171,50-64,2394,21,Monroe County,Kentucky
21171,65+,2088,21,Monroe County,Kentucky
21173,0-4,1536,21,Montgomery County,Kentucky
21173,18-49,11200,21,Montgomery County,Kentucky
21173,5-17,5072,21,Montgomery County,Kentucky
21173,50-64,5669,21,Montgomery County,Kentucky
21173,65+,4794,21,Montgomery County,Kentucky
21175,0-4,800,21,Morgan County,Kentucky
21175,18-49,5925,21,Morgan County,Kentucky
21175,5-17,1966,21,Morgan County,Kentucky
21175,50-64,2822,21,Morgan County,Kentucky
21175,65+,2425,21,Morgan County,Kentucky
21177,0-4,1712,21,Muhlenberg County,Kentucky
21177,18-49,11666,21,Muhlenberg County,Kentucky
21177,5-17,4774,21,Muhlenberg County,Kentucky
21177,50-64,6418,21,Muhlenberg County,Kentucky
21177,65+,6142,21,Muhlenberg County,Kentucky
21179,0-4,2819,21,Nelson County,Kentucky
21179,18-49,18366,21,Nelson County,Kentucky
21179,5-17,8211,21,Nelson County,Kentucky
21179,50-64,9788,21,Nelson County,Kentucky
21179,65+,7918,21,Nelson County,Kentucky
21181,0-4,438,21,Nicholas County,Kentucky
21181,18-49,2897,21,Nicholas County,Kentucky
21181,5-17,1416,21,Nicholas County,Kentucky
21181,50-64,1626,21,Nicholas County,Kentucky
21181,65+,1278,21,Nicholas County,Kentucky
21183,0-4,1343,21,Ohio County,Kentucky
21183,18-49,9031,21,Ohio County,Kentucky
21183,5-17,4352,21,Ohio County,Kentucky
21183,50-64,4683,21,Ohio County,Kentucky
21183,65+,4295,21,Ohio County,Kentucky
21185,0-4,3399,21,Oldham County,Kentucky
21185,18-49,27696,21,Oldham County,Kentucky
21185,5-17,13839,21,Oldham County,Kentucky
21185,50-64,14023,21,Oldham County,Kentucky
21185,65+,9643,21,Oldham County,Kentucky
21187,0-4,600,21,Owen County,Kentucky
21187,18-49,4172,21,Owen County,Kentucky
21187,5-17,1890,21,Owen County,Kentucky
21187,50-64,2375,21,Owen County,Kentucky
21187,65+,2233,21,Owen County,Kentucky
21189,0-4,294,21,Owsley County,Kentucky
21189,18-49,1433,21,Owsley County,Kentucky
21189,5-17,463,21,Owsley County,Kentucky
21189,50-64,983,21,Owsley County,Kentucky
21189,65+,848,21,Owsley County,Kentucky
21191,0-4,841,21,Pendleton County,Kentucky
21191,18-49,5445,21,Pendleton County,Kentucky
21191,5-17,2556,21,Pendleton County,Kentucky
21191,50-64,3345,21,Pendleton County,Kentucky
21191,65+,2496,21,Pendleton County,Kentucky
21193,0-4,1665,21,Perry County,Kentucky
21193,18-49,10447,21,Perry County,Kentucky
21193,5-17,4840,21,Perry County,Kentucky
21193,50-64,5976,21,Perry County,Kentucky
21193,65+,4919,21,Perry County,Kentucky
21195,0-4,2950,21,Pike County,Kentucky
21195,18-49,22099,21,Pike County,Kentucky
21195,5-17,8843,21,Pike County,Kentucky
21195,50-64,12287,21,Pike County,Kentucky
21195,65+,11287,21,Pike County,Kentucky
21197,0-4,791,21,Powell County,Kentucky
21197,18-49,5144,21,Powell County,Kentucky
21197,5-17,2419,21,Powell County,Kentucky
21197,50-64,2655,21,Powell County,Kentucky
21197,65+,2048,21,Powell County,Kentucky
21199,0-4,3701,21,Pulaski County,Kentucky
21199,18-49,24614,21,Pulaski County,Kentucky
21199,5-17,10765,21,Pulaski County,Kentucky
21199,50-64,13771,21,Pulaski County,Kentucky
21199,65+,12652,21,Pulaski County,Kentucky
21201,0-4,76,21,Robertson County,Kentucky
21201,18-49,794,21,Robertson County,Kentucky
21201,5-17,550,21,Robertson County,Kentucky
21201,50-64,399,21,Robertson County,Kentucky
21201,65+,420,21,Robertson County,Kentucky
21203,0-4,866,21,Rockcastle County,Kentucky
21203,18-49,5958,21,Rockcastle County,Kentucky
21203,5-17,2596,21,Rockcastle County,Kentucky
21203,50-64,3618,21,Rockcastle County,Kentucky
21203,65+,3106,21,Rockcastle County,Kentucky
21205,0-4,1320,21,Rowan County,Kentucky
21205,18-49,12129,21,Rowan County,Kentucky
21205,5-17,3482,21,Rowan County,Kentucky
21205,50-64,4102,21,Rowan County,Kentucky
21205,65+,3492,21,Rowan County,Kentucky
21207,0-4,1031,21,Russell County,Kentucky
21207,18-49,6375,21,Russell County,Kentucky
21207,5-17,3147,21,Russell County,Kentucky
21207,50-64,3835,21,Russell County,Kentucky
21207,65+,3729,21,Russell County,Kentucky
21209,0-4,3617,21,Scott County,Kentucky
21209,18-49,25806,21,Scott County,Kentucky
21209,5-17,10791,21,Scott County,Kentucky
21209,50-64,10499,21,Scott County,Kentucky
21209,65+,7556,21,Scott County,Kentucky
21211,0-4,2840,21,Shelby County,Kentucky
21211,18-49,19395,21,Shelby County,Kentucky
21211,5-17,8042,21,Shelby County,Kentucky
21211,50-64,10139,21,Shelby County,Kentucky
21211,65+,8183,21,Shelby County,Kentucky
21213,0-4,1141,21,Simpson County,Kentucky
21213,18-49,7762,21,Simpson County,Kentucky
21213,5-17,3511,21,Simpson County,Kentucky
21213,50-64,4205,21,Simpson County,Kentucky
21213,65+,3167,21,Simpson County,Kentucky
21215,0-4,1050,21,Spencer County,Kentucky
21215,18-49,7640,21,Spencer County,Kentucky
21215,5-17,3449,21,Spencer County,Kentucky
21215,50-64,4755,21,Spencer County,Kentucky
21215,65+,2981,21,Spencer County,Kentucky
21217,0-4,1551,21,Taylor County,Kentucky
21217,18-49,10601,21,Taylor County,Kentucky
21217,5-17,4438,21,Taylor County,Kentucky
21217,50-64,4955,21,Taylor County,Kentucky
21217,65+,4660,21,Taylor County,Kentucky
21219,0-4,887,21,Todd County,Kentucky
21219,18-49,4653,21,Todd County,Kentucky
21219,5-17,2439,21,Todd County,Kentucky
21219,50-64,2268,21,Todd County,Kentucky
21219,65+,2083,21,Todd County,Kentucky
21221,0-4,802,21,Trigg County,Kentucky
21221,18-49,4708,21,Trigg County,Kentucky
21221,5-17,2292,21,Trigg County,Kentucky
21221,50-64,3205,21,Trigg County,Kentucky
21221,65+,3204,21,Trigg County,Kentucky
21223,0-4,436,21,Trimble County,Kentucky
21223,18-49,3209,21,Trimble County,Kentucky
21223,5-17,1446,21,Trimble County,Kentucky
21223,50-64,1878,21,Trimble County,Kentucky
21223,65+,1562,21,Trimble County,Kentucky
21225,0-4,721,21,Union County,Kentucky
21225,18-49,5328,21,Union County,Kentucky
21225,5-17,1874,21,Union County,Kentucky
21225,50-64,2833,21,Union County,Kentucky
21225,65+,2623,21,Union County,Kentucky
21227,0-4,8875,21,Warren County,Kentucky
21227,18-49,64545,21,Warren County,Kentucky
21227,5-17,23400,21,Warren County,Kentucky
21227,50-64,22544,21,Warren County,Kentucky
21227,65+,18185,21,Warren County,Kentucky
21229,0-4,721,21,Washington County,Kentucky
21229,18-49,4433,21,Washington County,Kentucky
21229,5-17,2083,21,Washington County,Kentucky
21229,50-64,2516,21,Washington County,Kentucky
21229,65+,2338,21,Washington County,Kentucky
21231,0-4,1090,21,Wayne County,Kentucky
21231,18-49,7441,21,Wayne County,Kentucky
21231,5-17,2955,21,Wayne County,Kentucky
21231,50-64,3962,21,Wayne County,Kentucky
21231,65+,4144,21,Wayne County,Kentucky
21233,0-4,797,21,Webster County,Kentucky
21233,18-49,4944,21,Webster County,Kentucky
21233,5-17,2271,21,Webster County,Kentucky
21233,50-64,2566,21,Webster County,Kentucky
21233,65+,2295,21,Webster County,Kentucky
21235,0-4,2581,21,Whitley County,Kentucky
21235,18-49,14865,21,Whitley County,Kentucky
21235,5-17,6997,21,Whitley County,Kentucky
21235,50-64,6533,21,Whitley County,Kentucky
21235,65+,5779,21,Whitley County,Kentucky
21237,0-4,397,21,Wolfe County,Kentucky
21237,18-49,2345,21,Wolfe County,Kentucky
21237,5-17,1075,21,Wolfe County,Kentucky
21237,50-64,1405,21,Wolfe County,Kentucky
21237,65+,1262,21,Wolfe County,Kentucky
21239,0-4,1507,21,Woodford County,Kentucky
21239,18-49,10207,21,Woodford County,Kentucky
21239,5-17,4412,21,Woodford County,Kentucky
21239,50-64,5468,21,Woodford County,Kentucky
21239,65+,5423,21,Woodford County,Kentucky
22001,0-4,3810,22,Acadia Parish,Louisiana
22001,18-49,22154,22,Acadia Parish,Louisiana
22001,5-17,11053,22,Acadia Parish,Louisiana
22001,50-64,10974,22,Acadia Parish,Louisiana
22001,65+,9227,22,Acadia Parish,Louisiana
22003,0-4,1327,22,Allen Parish,Louisiana
22003,18-49,10308,22,Allen Parish,Louisiana
22003,5-17,3441,22,Allen Parish,Louisiana
22003,50-64,4226,22,Allen Parish,Louisiana
22003,65+,3250,22,Allen Parish,Louisiana
22005,0-4,8599,22,Ascension Parish,Louisiana
22005,18-49,54735,22,Ascension Parish,Louisiana
22005,5-17,25630,22,Ascension Parish,Louisiana
22005,50-64,23263,22,Ascension Parish,Louisiana
22005,65+,16366,22,Ascension Parish,Louisiana
22007,0-4,1032,22,Assumption Parish,Louisiana
22007,18-49,7828,22,Assumption Parish,Louisiana
22007,5-17,3276,22,Assumption Parish,Louisiana
22007,50-64,4412,22,Assumption Parish,Louisiana
22007,65+,4172,22,Assumption Parish,Louisiana
22009,0-4,2549,22,Avoyelles Parish,Louisiana
22009,18-49,15550,22,Avoyelles Parish,Louisiana
22009,5-17,6828,22,Avoyelles Parish,Louisiana
22009,50-64,7478,22,Avoyelles Parish,Louisiana
22009,65+,6771,22,Avoyelles Parish,Louisiana
22011,0-4,2504,22,Beauregard Parish,Louisiana
22011,18-49,14785,22,Beauregard Parish,Louisiana
22011,5-17,6771,22,Beauregard Parish,Louisiana
22011,50-64,6719,22,Beauregard Parish,Louisiana
22011,65+,5867,22,Beauregard Parish,Louisiana
22013,0-4,771,22,Bienville Parish,Louisiana
22013,18-49,4507,22,Bienville Parish,Louisiana
22013,5-17,2128,22,Bienville Parish,Louisiana
22013,50-64,2679,22,Bienville Parish,Louisiana
22013,65+,2684,22,Bienville Parish,Louisiana
22015,0-4,8317,22,Bossier Parish,Louisiana
22015,18-49,55174,22,Bossier Parish,Louisiana
22015,5-17,23805,22,Bossier Parish,Louisiana
22015,50-64,22483,22,Bossier Parish,Louisiana
22015,65+,19355,22,Bossier Parish,Louisiana
22017,0-4,14440,22,Caddo Parish,Louisiana
22017,18-49,91753,22,Caddo Parish,Louisiana
22017,5-17,40676,22,Caddo Parish,Louisiana
22017,50-64,43191,22,Caddo Parish,Louisiana
22017,65+,42913,22,Caddo Parish,Louisiana
22019,0-4,14317,22,Calcasieu Parish,Louisiana
22019,18-49,85254,22,Calcasieu Parish,Louisiana
22019,5-17,38058,22,Calcasieu Parish,Louisiana
22019,50-64,38467,22,Calcasieu Parish,Louisiana
22019,65+,32572,22,Calcasieu Parish,Louisiana
22021,0-4,484,22,Caldwell Parish,Louisiana
22021,18-49,3899,22,Caldwell Parish,Louisiana
22021,5-17,1631,22,Caldwell Parish,Louisiana
22021,50-64,1822,22,Caldwell Parish,Louisiana
22021,65+,1727,22,Caldwell Parish,Louisiana
22023,0-4,355,22,Cameron Parish,Louisiana
22023,18-49,1912,22,Cameron Parish,Louisiana
22023,5-17,900,22,Cameron Parish,Louisiana
22023,50-64,1131,22,Cameron Parish,Louisiana
22023,65+,924,22,Cameron Parish,Louisiana
22025,0-4,497,22,Catahoula Parish,Louisiana
22025,18-49,3453,22,Catahoula Parish,Louisiana
22025,5-17,1462,22,Catahoula Parish,Louisiana
22025,50-64,1737,22,Catahoula Parish,Louisiana
22025,65+,1589,22,Catahoula Parish,Louisiana
22027,0-4,667,22,Claiborne Parish,Louisiana
22027,18-49,5428,22,Claiborne Parish,Louisiana
22027,5-17,2077,22,Claiborne Parish,Louisiana
22027,50-64,2856,22,Claiborne Parish,Louisiana
22027,65+,2991,22,Claiborne Parish,Louisiana
22029,0-4,1081,22,Concordia Parish,Louisiana
22029,18-49,7174,22,Concordia Parish,Louisiana
22029,5-17,3246,22,Concordia Parish,Louisiana
22029,50-64,3356,22,Concordia Parish,Louisiana
22029,65+,3468,22,Concordia Parish,Louisiana
22031,0-4,1613,22,De Soto Parish,Louisiana
22031,18-49,10297,22,De Soto Parish,Louisiana
22031,5-17,4831,22,De Soto Parish,Louisiana
22031,50-64,5173,22,De Soto Parish,Louisiana
22031,65+,4983,22,De Soto Parish,Louisiana
22033,0-4,28545,22,East Baton Rouge Parish,Louisiana
22033,18-49,208000,22,East Baton Rouge Parish,Louisiana
22033,5-17,74289,22,East Baton Rouge Parish,Louisiana
22033,50-64,74634,22,East Baton Rouge Parish,Louisiana
22033,65+,67353,22,East Baton Rouge Parish,Louisiana
22035,0-4,296,22,East Carroll Parish,Louisiana
22035,18-49,3372,22,East Carroll Parish,Louisiana
22035,5-17,1120,22,East Carroll Parish,Louisiana
22035,50-64,1115,22,East Carroll Parish,Louisiana
22035,65+,1292,22,East Carroll Parish,Louisiana
22037,0-4,885,22,East Feliciana Parish,Louisiana
22037,18-49,7775,22,East Feliciana Parish,Louisiana
22037,5-17,2463,22,East Feliciana Parish,Louisiana
22037,50-64,4457,22,East Feliciana Parish,Louisiana
22037,65+,3798,22,East Feliciana Parish,Louisiana
22039,0-4,2203,22,Evangeline Parish,Louisiana
22039,18-49,12965,22,Evangeline Parish,Louisiana
22039,5-17,5920,22,Evangeline Parish,Louisiana
22039,50-64,6026,22,Evangeline Parish,Louisiana
22039,65+,5048,22,Evangeline Parish,Louisiana
22041,0-4,1268,22,Franklin Parish,Louisiana
22041,18-49,7181,22,Franklin Parish,Louisiana
22041,5-17,3600,22,Franklin Parish,Louisiana
22041,50-64,3735,22,Franklin Parish,Louisiana
22041,65+,3806,22,Franklin Parish,Louisiana
22043,0-4,1240,22,Grant Parish,Louisiana
22043,18-49,10142,22,Grant Parish,Louisiana
22043,5-17,3416,22,Grant Parish,Louisiana
22043,50-64,3914,22,Grant Parish,Louisiana
22043,65+,3411,22,Grant Parish,Louisiana
22045,0-4,4683,22,Iberia Parish,Louisiana
22045,18-49,26658,22,Iberia Parish,Louisiana
22045,5-17,13043,22,Iberia Parish,Louisiana
22045,50-64,13646,22,Iberia Parish,Louisiana
22045,65+,11164,22,Iberia Parish,Louisiana
22047,0-4,1615,22,Iberville Parish,Louisiana
22047,18-49,12464,22,Iberville Parish,Louisiana
22047,5-17,4656,22,Iberville Parish,Louisiana
22047,50-64,6031,22,Iberville Parish,Louisiana
22047,65+,5184,22,Iberville Parish,Louisiana
22049,0-4,763,22,Jackson Parish,Louisiana
22049,18-49,5723,22,Jackson Parish,Louisiana
22049,5-17,2435,22,Jackson Parish,Louisiana
22049,50-64,2947,22,Jackson Parish,Louisiana
22049,65+,3071,22,Jackson Parish,Louisiana
22051,0-4,27292,22,Jefferson Parish,Louisiana
22051,18-49,171961,22,Jefferson Parish,Louisiana
22051,5-17,69698,22,Jefferson Parish,Louisiana
22051,50-64,85166,22,Jefferson Parish,Louisiana
22051,65+,78367,22,Jefferson Parish,Louisiana
22053,0-4,2082,22,Jefferson Davis Parish,Louisiana
22053,18-49,12341,22,Jefferson Davis Parish,Louisiana
22053,5-17,5986,22,Jefferson Davis Parish,Louisiana
22053,50-64,6374,22,Jefferson Davis Parish,Louisiana
22053,65+,5300,22,Jefferson Davis Parish,Louisiana
22055,0-4,16292,22,Lafayette Parish,Louisiana
22055,18-49,106406,22,Lafayette Parish,Louisiana
22055,5-17,43003,22,Lafayette Parish,Louisiana
22055,50-64,44265,22,Lafayette Parish,Louisiana
22055,65+,35109,22,Lafayette Parish,Louisiana
22057,0-4,5767,22,Lafourche Parish,Louisiana
22057,18-49,39460,22,Lafourche Parish,Louisiana
22057,5-17,16456,22,Lafourche Parish,Louisiana
22057,50-64,19325,22,Lafourche Parish,Louisiana
22057,65+,15662,22,Lafourche Parish,Louisiana
22059,0-4,816,22,LaSalle Parish,Louisiana
22059,18-49,6909,22,LaSalle Parish,Louisiana
22059,5-17,2384,22,LaSalle Parish,Louisiana
22059,50-64,2394,22,LaSalle Parish,Louisiana
22059,65+,2301,22,LaSalle Parish,Louisiana
22061,0-4,2448,22,Lincoln Parish,Louisiana
22061,18-49,25137,22,Lincoln Parish,Louisiana
22061,5-17,7092,22,Lincoln Parish,Louisiana
22061,50-64,6732,22,Lincoln Parish,Louisiana
22061,65+,6751,22,Lincoln Parish,Louisiana
22063,0-4,9443,22,Livingston Parish,Louisiana
22063,18-49,62342,22,Livingston Parish,Louisiana
22063,5-17,28160,22,Livingston Parish,Louisiana
22063,50-64,25892,22,Livingston Parish,Louisiana
22063,65+,19746,22,Livingston Parish,Louisiana
22065,0-4,705,22,Madison Parish,Louisiana
22065,18-49,3868,22,Madison Parish,Louisiana
22065,5-17,1829,22,Madison Parish,Louisiana
22065,50-64,1711,22,Madison Parish,Louisiana
22065,65+,1644,22,Madison Parish,Louisiana
22067,0-4,1523,22,Morehouse Parish,Louisiana
22067,18-49,9384,22,Morehouse Parish,Louisiana
22067,5-17,4295,22,Morehouse Parish,Louisiana
22067,50-64,4932,22,Morehouse Parish,Louisiana
22067,65+,4833,22,Morehouse Parish,Louisiana
22069,0-4,2267,22,Natchitoches Parish,Louisiana
22069,18-49,16267,22,Natchitoches Parish,Louisiana
22069,5-17,6295,22,Natchitoches Parish,Louisiana
22069,50-64,6005,22,Natchitoches Parish,Louisiana
22069,65+,6213,22,Natchitoches Parish,Louisiana
22071,0-4,20845,22,Orleans Parish,Louisiana
22071,18-49,170107,22,Orleans Parish,Louisiana
22071,5-17,53576,22,Orleans Parish,Louisiana
22071,50-64,69628,22,Orleans Parish,Louisiana
22071,65+,61879,22,Orleans Parish,Louisiana
22073,0-4,10265,22,Ouachita Parish,Louisiana
22073,18-49,66388,22,Ouachita Parish,Louisiana
22073,5-17,29034,22,Ouachita Parish,Louisiana
22073,50-64,28660,22,Ouachita Parish,Louisiana
22073,65+,24569,22,Ouachita Parish,Louisiana
22075,0-4,1456,22,Plaquemines Parish,Louisiana
22075,18-49,9402,22,Plaquemines Parish,Louisiana
22075,5-17,4308,22,Plaquemines Parish,Louisiana
22075,50-64,4690,22,Plaquemines Parish,Louisiana
22075,65+,3214,22,Plaquemines Parish,Louisiana
22077,0-4,1098,22,Pointe Coupee Parish,Louisiana
22077,18-49,7206,22,Pointe Coupee Parish,Louisiana
22077,5-17,3301,22,Pointe Coupee Parish,Louisiana
22077,50-64,4394,22,Pointe Coupee Parish,Louisiana
22077,65+,4439,22,Pointe Coupee Parish,Louisiana
22079,0-4,8367,22,Rapides Parish,Louisiana
22079,18-49,50401,22,Rapides Parish,Louisiana
22079,5-17,23864,22,Rapides Parish,Louisiana
22079,50-64,24404,22,Rapides Parish,Louisiana
22079,65+,21434,22,Rapides Parish,Louisiana
22081,0-4,459,22,Red River Parish,Louisiana
22081,18-49,2765,22,Red River Parish,Louisiana
22081,5-17,1326,22,Red River Parish,Louisiana
22081,50-64,1516,22,Red River Parish,Louisiana
22081,65+,1463,22,Red River Parish,Louisiana
22083,0-4,1272,22,Richland Parish,Louisiana
22083,18-49,7895,22,Richland Parish,Louisiana
22083,5-17,3456,22,Richland Parish,Louisiana
22083,50-64,3711,22,Richland Parish,Louisiana
22083,65+,3574,22,Richland Parish,Louisiana
22085,0-4,1310,22,Sabine Parish,Louisiana
22085,18-49,7967,22,Sabine Parish,Louisiana
22085,5-17,3834,22,Sabine Parish,Louisiana
22085,50-64,4333,22,Sabine Parish,Louisiana
22085,65+,4641,22,Sabine Parish,Louisiana
22087,0-4,2973,22,St. Bernard Parish,Louisiana
22087,18-49,19165,22,St. Bernard Parish,Louisiana
22087,5-17,8623,22,St. Bernard Parish,Louisiana
22087,50-64,7789,22,St. Bernard Parish,Louisiana
22087,65+,5622,22,St. Bernard Parish,Louisiana
22089,0-4,2737,22,St. Charles Parish,Louisiana
22089,18-49,20719,22,St. Charles Parish,Louisiana
22089,5-17,9887,22,St. Charles Parish,Louisiana
22089,50-64,10805,22,St. Charles Parish,Louisiana
22089,65+,7715,22,St. Charles Parish,Louisiana
22091,0-4,562,22,St. Helena Parish,Louisiana
22091,18-49,4195,22,St. Helena Parish,Louisiana
22091,5-17,1645,22,St. Helena Parish,Louisiana
22091,50-64,2212,22,St. Helena Parish,Louisiana
22091,65+,2235,22,St. Helena Parish,Louisiana
22093,0-4,1130,22,St. James Parish,Louisiana
22093,18-49,7420,22,St. James Parish,Louisiana
22093,5-17,3301,22,St. James Parish,Louisiana
22093,50-64,4187,22,St. James Parish,Louisiana
22093,65+,3759,22,St. James Parish,Louisiana
22095,0-4,2375,22,St. John the Baptist Parish,Louisiana
22095,18-49,16677,22,St. John the Baptist Parish,Louisiana
22095,5-17,7658,22,St. John the Baptist Parish,Louisiana
22095,50-64,8463,22,St. John the Baptist Parish,Louisiana
22095,65+,6169,22,St. John the Baptist Parish,Louisiana
22097,0-4,5832,22,St. Landry Parish,Louisiana
22097,18-49,31078,22,St. Landry Parish,Louisiana
22097,5-17,16076,22,St. Landry Parish,Louisiana
22097,50-64,15493,22,St. Landry Parish,Louisiana
22097,65+,13649,22,St. Landry Parish,Louisiana
22099,0-4,3195,22,St. Martin Parish,Louisiana
22099,18-49,20060,22,St. Martin Parish,Louisiana
22099,5-17,9232,22,St. Martin Parish,Louisiana
22099,50-64,10528,22,St. Martin Parish,Louisiana
22099,65+,8544,22,St. Martin Parish,Louisiana
22101,0-4,3239,22,St. Mary Parish,Louisiana
22101,18-49,17850,22,St. Mary Parish,Louisiana
22101,5-17,8560,22,St. Mary Parish,Louisiana
22101,50-64,10102,22,St. Mary Parish,Louisiana
22101,65+,8704,22,St. Mary Parish,Louisiana
22103,0-4,15618,22,St. Tammany Parish,Louisiana
22103,18-49,102680,22,St. Tammany Parish,Louisiana
22103,5-17,48439,22,St. Tammany Parish,Louisiana
22103,50-64,54077,22,St. Tammany Parish,Louisiana
22103,65+,48517,22,St. Tammany Parish,Louisiana
22105,0-4,9323,22,Tangipahoa Parish,Louisiana
22105,18-49,58068,22,Tangipahoa Parish,Louisiana
22105,5-17,23893,22,Tangipahoa Parish,Louisiana
22105,50-64,23673,22,Tangipahoa Parish,Louisiana
22105,65+,20261,22,Tangipahoa Parish,Louisiana
22107,0-4,191,22,Tensas Parish,Louisiana
22107,18-49,1189,22,Tensas Parish,Louisiana
22107,5-17,671,22,Tensas Parish,Louisiana
22107,50-64,860,22,Tensas Parish,Louisiana
22107,65+,1081,22,Tensas Parish,Louisiana
22109,0-4,7068,22,Terrebonne Parish,Louisiana
22109,18-49,42980,22,Terrebonne Parish,Louisiana
22109,5-17,20100,22,Terrebonne Parish,Louisiana
22109,50-64,20665,22,Terrebonne Parish,Louisiana
22109,65+,16549,22,Terrebonne Parish,Louisiana
22111,0-4,1293,22,Union Parish,Louisiana
22111,18-49,7304,22,Union Parish,Louisiana
22111,5-17,3220,22,Union Parish,Louisiana
22111,50-64,4471,22,Union Parish,Louisiana
22111,65+,4626,22,Union Parish,Louisiana
22113,0-4,3647,22,Vermilion Parish,Louisiana
22113,18-49,22031,22,Vermilion Parish,Louisiana
22113,5-17,10798,22,Vermilion Parish,Louisiana
22113,50-64,11394,22,Vermilion Parish,Louisiana
22113,65+,9161,22,Vermilion Parish,Louisiana
22115,0-4,3816,22,Vernon Parish,Louisiana
22115,18-49,22285,22,Vernon Parish,Louisiana
22115,5-17,8288,22,Vernon Parish,Louisiana
22115,50-64,6905,22,Vernon Parish,Louisiana
22115,65+,6470,22,Vernon Parish,Louisiana
22117,0-4,2878,22,Washington Parish,Louisiana
22117,18-49,17469,22,Washington Parish,Louisiana
22117,5-17,7835,22,Washington Parish,Louisiana
22117,50-64,8669,22,Washington Parish,Louisiana
22117,65+,8387,22,Washington Parish,Louisiana
22119,0-4,2083,22,Webster Parish,Louisiana
22119,18-49,13238,22,Webster Parish,Louisiana
22119,5-17,6187,22,Webster Parish,Louisiana
22119,50-64,7361,22,Webster Parish,Louisiana
22119,65+,7320,22,Webster Parish,Louisiana
22121,0-4,1725,22,West Baton Rouge Parish,Louisiana
22121,18-49,12227,22,West Baton Rouge Parish,Louisiana
22121,5-17,4813,22,West Baton Rouge Parish,Louisiana
22121,50-64,4922,22,West Baton Rouge Parish,Louisiana
22121,65+,3979,22,West Baton Rouge Parish,Louisiana
22123,0-4,567,22,West Carroll Parish,Louisiana
22123,18-49,3524,22,West Carroll Parish,Louisiana
22123,5-17,1649,22,West Carroll Parish,Louisiana
22123,50-64,1882,22,West Carroll Parish,Louisiana
22123,65+,2000,22,West Carroll Parish,Louisiana
22125,0-4,606,22,West Feliciana Parish,Louisiana
22125,18-49,7034,22,West Feliciana Parish,Louisiana
22125,5-17,1905,22,West Feliciana Parish,Louisiana
22125,50-64,3424,22,West Feliciana Parish,Louisiana
22125,65+,2412,22,West Feliciana Parish,Louisiana
22127,0-4,645,22,Winn Parish,Louisiana
22127,18-49,5601,22,Winn Parish,Louisiana
22127,5-17,2160,22,Winn Parish,Louisiana
22127,50-64,2531,22,Winn Parish,Louisiana
22127,65+,2569,22,Winn Parish,Louisiana
23001,0-4,6054,23,Androscoggin County,Maine
23001,18-49,44649,23,Androscoggin County,Maine
23001,5-17,17622,23,Androscoggin County,Maine
23001,50-64,23228,23,Androscoggin County,Maine
23001,65+,20770,23,Androscoggin County,Maine
23003,0-4,3250,23,Aroostook County,Maine
23003,18-49,22206,23,Aroostook County,Maine
23003,5-17,9337,23,Aroostook County,Maine
23003,50-64,15385,23,Aroostook County,Maine
23003,65+,17049,23,Aroostook County,Maine
23005,0-4,14368,23,Cumberland County,Maine
23005,18-49,125928,23,Cumberland County,Maine
23005,5-17,41409,23,Cumberland County,Maine
23005,50-64,63587,23,Cumberland County,Maine
23005,65+,60648,23,Cumberland County,Maine
23007,0-4,1238,23,Franklin County,Maine
23007,18-49,11195,23,Franklin County,Maine
23007,5-17,3939,23,Franklin County,Maine
23007,50-64,6810,23,Franklin County,Maine
23007,65+,6963,23,Franklin County,Maine
23009,0-4,2320,23,Hancock County,Maine
23009,18-49,19490,23,Hancock County,Maine
23009,5-17,6921,23,Hancock County,Maine
23009,50-64,12790,23,Hancock County,Maine
23009,65+,14563,23,Hancock County,Maine
23011,0-4,5951,23,Kennebec County,Maine
23011,18-49,47776,23,Kennebec County,Maine
23011,5-17,17890,23,Kennebec County,Maine
23011,50-64,27881,23,Kennebec County,Maine
23011,65+,26116,23,Kennebec County,Maine
23013,0-4,1553,23,Knox County,Maine
23013,18-49,13838,23,Knox County,Maine
23013,5-17,5418,23,Knox County,Maine
23013,50-64,8979,23,Knox County,Maine
23013,65+,11072,23,Knox County,Maine
23015,0-4,1455,23,Lincoln County,Maine
23015,18-49,11425,23,Lincoln County,Maine
23015,5-17,4563,23,Lincoln County,Maine
23015,50-64,8051,23,Lincoln County,Maine
23015,65+,10346,23,Lincoln County,Maine
23017,0-4,2424,23,Oxford County,Maine
23017,18-49,20221,23,Oxford County,Maine
23017,5-17,8063,23,Oxford County,Maine
23017,50-64,14282,23,Oxford County,Maine
23017,65+,13738,23,Oxford County,Maine
23019,0-4,6718,23,Penobscot County,Maine
23019,18-49,62628,23,Penobscot County,Maine
23019,5-17,20669,23,Penobscot County,Maine
23019,50-64,33213,23,Penobscot County,Maine
23019,65+,30343,23,Penobscot County,Maine
23021,0-4,682,23,Piscataquis County,Maine
23021,18-49,5607,23,Piscataquis County,Maine
23021,5-17,2019,23,Piscataquis County,Maine
23021,50-64,4209,23,Piscataquis County,Maine
23021,65+,4608,23,Piscataquis County,Maine
23023,0-4,1604,23,Sagadahoc County,Maine
23023,18-49,13141,23,Sagadahoc County,Maine
23023,5-17,5054,23,Sagadahoc County,Maine
23023,50-64,8388,23,Sagadahoc County,Maine
23023,65+,8906,23,Sagadahoc County,Maine
23025,0-4,2475,23,Somerset County,Maine
23025,18-49,17844,23,Somerset County,Maine
23025,5-17,6992,23,Somerset County,Maine
23025,50-64,12047,23,Somerset County,Maine
23025,65+,11494,23,Somerset County,Maine
23027,0-4,1759,23,Waldo County,Maine
23027,18-49,14208,23,Waldo County,Maine
23027,5-17,5448,23,Waldo County,Maine
23027,50-64,8792,23,Waldo County,Maine
23027,65+,9799,23,Waldo County,Maine
23029,0-4,1475,23,Washington County,Maine
23029,18-49,10282,23,Washington County,Maine
23029,5-17,4372,23,Washington County,Maine
23029,50-64,7061,23,Washington County,Maine
23029,65+,8071,23,Washington County,Maine
23031,0-4,9589,23,York County,Maine
23031,18-49,80679,23,York County,Maine
23031,5-17,29251,23,York County,Maine
23031,50-64,48537,23,York County,Maine
23031,65+,46675,23,York County,Maine
24001,0-4,3100,24,Allegany County,Maryland
24001,18-49,28152,24,Allegany County,Maryland
24001,5-17,8956,24,Allegany County,Maryland
24001,50-64,13354,24,Allegany County,Maryland
24001,65+,14200,24,Allegany County,Maryland
24003,0-4,35746,24,Anne Arundel County,Maryland
24003,18-49,247292,24,Anne Arundel County,Maryland
24003,5-17,98139,24,Anne Arundel County,Maryland
24003,50-64,117827,24,Anne Arundel County,Maryland
24003,65+,91932,24,Anne Arundel County,Maryland
24005,0-4,49254,24,Baltimore County,Maryland
24005,18-49,345502,24,Baltimore County,Maryland
24005,5-17,137171,24,Baltimore County,Maryland
24005,50-64,166800,24,Baltimore County,Maryland
24005,65+,150859,24,Baltimore County,Maryland
24009,0-4,4925,24,Calvert County,Maryland
24009,18-49,36043,24,Calvert County,Maryland
24009,5-17,16861,24,Calvert County,Maryland
24009,50-64,21048,24,Calvert County,Maryland
24009,65+,14914,24,Calvert County,Maryland
24011,0-4,2081,24,Caroline County,Maryland
24011,18-49,12645,24,Caroline County,Maryland
24011,5-17,5845,24,Caroline County,Maryland
24011,50-64,7116,24,Caroline County,Maryland
24011,65+,5719,24,Caroline County,Maryland
24013,0-4,9547,24,Carroll County,Maryland
24013,18-49,66477,24,Carroll County,Maryland
24013,5-17,28819,24,Carroll County,Maryland
24013,50-64,38808,24,Carroll County,Maryland
24013,65+,30667,24,Carroll County,Maryland
24015,0-4,5935,24,Cecil County,Maryland
24015,18-49,40459,24,Cecil County,Maryland
24015,5-17,17441,24,Cecil County,Maryland
24015,50-64,23120,24,Cecil County,Maryland
24015,65+,17411,24,Cecil County,Maryland
24017,0-4,9763,24,Charles County,Maryland
24017,18-49,69308,24,Charles County,Maryland
24017,5-17,30714,24,Charles County,Maryland
24017,50-64,36817,24,Charles County,Maryland
24017,65+,22108,24,Charles County,Maryland
24019,0-4,1751,24,Dorchester County,Maryland
24019,18-49,11505,24,Dorchester County,Maryland
24019,5-17,5147,24,Dorchester County,Maryland
24019,50-64,6855,24,Dorchester County,Maryland
24019,65+,7354,24,Dorchester County,Maryland
24021,0-4,16620,24,Frederick County,Maryland
24021,18-49,116127,24,Frederick County,Maryland
24021,5-17,48955,24,Frederick County,Maryland
24021,50-64,56600,24,Frederick County,Maryland
24021,65+,42039,24,Frederick County,Maryland
24023,0-4,1330,24,Garrett County,Maryland
24023,18-49,10130,24,Garrett County,Maryland
24023,5-17,3813,24,Garrett County,Maryland
24023,50-64,6650,24,Garrett County,Maryland
24023,65+,6790,24,Garrett County,Maryland
24025,0-4,14349,24,Harford County,Maryland
24025,18-49,103205,24,Harford County,Maryland
24025,5-17,44441,24,Harford County,Maryland
24025,50-64,55966,24,Harford County,Maryland
24025,65+,44548,24,Harford County,Maryland
24027,0-4,18496,24,Howard County,Maryland
24027,18-49,137687,24,Howard County,Maryland
24027,5-17,61777,24,Howard County,Maryland
24027,50-64,66596,24,Howard County,Maryland
24027,65+,49360,24,Howard County,Maryland
24029,0-4,780,24,Kent County,Maryland
24029,18-49,6964,24,Kent County,Maryland
24029,5-17,2233,24,Kent County,Maryland
24029,50-64,4110,24,Kent County,Maryland
24029,65+,5178,24,Kent County,Maryland
24031,0-4,61577,24,Montgomery County,Maryland
24031,18-49,427738,24,Montgomery County,Maryland
24031,5-17,181126,24,Montgomery County,Maryland
24031,50-64,212065,24,Montgomery County,Maryland
24031,65+,175080,24,Montgomery County,Maryland
24033,0-4,59434,24,Prince George's County,Maryland
24033,18-49,411396,24,Prince George's County,Maryland
24033,5-17,153042,24,Prince George's County,Maryland
24033,50-64,193658,24,Prince George's County,Maryland
24033,65+,138054,24,Prince George's County,Maryland
24035,0-4,2632,24,Queen Anne's County,Maryland
24035,18-49,17728,24,Queen Anne's County,Maryland
24035,5-17,8216,24,Queen Anne's County,Maryland
24035,50-64,12064,24,Queen Anne's County,Maryland
24035,65+,10311,24,Queen Anne's County,Maryland
24037,0-4,6997,24,St. Mary's County,Maryland
24037,18-49,48355,24,St. Mary's County,Maryland
24037,5-17,20502,24,St. Mary's County,Maryland
24037,50-64,22807,24,St. Mary's County,Maryland
24037,65+,15711,24,St. Mary's County,Maryland
24039,0-4,1148,24,Somerset County,Maryland
24039,18-49,11617,24,Somerset County,Maryland
24039,5-17,3163,24,Somerset County,Maryland
24039,50-64,4479,24,Somerset County,Maryland
24039,65+,4278,24,Somerset County,Maryland
24041,0-4,1586,24,Talbot County,Maryland
24041,18-49,11329,24,Talbot County,Maryland
24041,5-17,5485,24,Talbot County,Maryland
24041,50-64,8247,24,Talbot County,Maryland
24041,65+,11060,24,Talbot County,Maryland
24043,0-4,8571,24,Washington County,Maryland
24043,18-49,61872,24,Washington County,Maryland
24043,5-17,25333,24,Washington County,Maryland
24043,50-64,31659,24,Washington County,Maryland
24043,65+,27598,24,Washington County,Maryland
24045,0-4,6261,24,Wicomico County,Maryland
24045,18-49,44464,24,Wicomico County,Maryland
24045,5-17,17174,24,Wicomico County,Maryland
24045,50-64,19350,24,Wicomico County,Maryland
24045,65+,16868,24,Wicomico County,Maryland
24047,0-4,2152,24,Worcester County,Maryland
24047,18-49,17040,24,Worcester County,Maryland
24047,5-17,7054,24,Worcester County,Maryland
24047,50-64,12014,24,Worcester County,Maryland
24047,65+,15019,24,Worcester County,Maryland
24510,0-4,35305,24,Baltimore city,Maryland
24510,18-49,266551,24,Baltimore city,Maryland
24510,5-17,85189,24,Baltimore city,Maryland
24510,50-64,103987,24,Baltimore city,Maryland
24510,65+,86161,24,Baltimore city,Maryland
25001,0-4,7953,25,Barnstable County,Massachusetts
25001,18-49,67341,25,Barnstable County,Massachusetts
25001,5-17,25222,25,Barnstable County,Massachusetts
25001,50-64,55323,25,Barnstable County,Massachusetts
25001,65+,74234,25,Barnstable County,Massachusetts
25003,0-4,5126,25,Berkshire County,Massachusetts
25003,18-49,46329,25,Berkshire County,Massachusetts
25003,5-17,15898,25,Berkshire County,Massachusetts
25003,50-64,29167,25,Berkshire County,Massachusetts
25003,65+,31527,25,Berkshire County,Massachusetts
25005,0-4,29592,25,Bristol County,Massachusetts
25005,18-49,234404,25,Bristol County,Massachusetts
25005,5-17,90295,25,Bristol County,Massachusetts
25005,50-64,123365,25,Bristol County,Massachusetts
25005,65+,100780,25,Bristol County,Massachusetts
25007,0-4,832,25,Dukes County,Massachusetts
25007,18-49,6643,25,Dukes County,Massachusetts
25007,5-17,2758,25,Dukes County,Massachusetts
25007,50-64,5131,25,Dukes County,Massachusetts
25007,65+,5387,25,Dukes County,Massachusetts
25009,0-4,43701,25,Essex County,Massachusetts
25009,18-49,321820,25,Essex County,Massachusetts
25009,5-17,125719,25,Essex County,Massachusetts
25009,50-64,170645,25,Essex County,Massachusetts
25009,65+,145373,25,Essex County,Massachusetts
25011,0-4,2719,25,Franklin County,Massachusetts
25011,18-49,25918,25,Franklin County,Massachusetts
25011,5-17,9260,25,Franklin County,Massachusetts
25011,50-64,16052,25,Franklin County,Massachusetts
25011,65+,16973,25,Franklin County,Massachusetts
25013,0-4,24363,25,Hampden County,Massachusetts
25013,18-49,190003,25,Hampden County,Massachusetts
25013,5-17,73187,25,Hampden County,Massachusetts
25013,50-64,92782,25,Hampden County,Massachusetts
25013,65+,82518,25,Hampden County,Massachusetts
25015,0-4,5187,25,Hampshire County,Massachusetts
25015,18-49,73117,25,Hampshire County,Massachusetts
25015,5-17,18162,25,Hampshire County,Massachusetts
25015,50-64,29858,25,Hampshire County,Massachusetts
25015,65+,30271,25,Hampshire County,Massachusetts
25017,0-4,82549,25,Middlesex County,Massachusetts
25017,18-49,726110,25,Middlesex County,Massachusetts
25017,5-17,235919,25,Middlesex County,Massachusetts
25017,50-64,318728,25,Middlesex County,Massachusetts
25017,65+,259590,25,Middlesex County,Massachusetts
25019,0-4,683,25,Nantucket County,Massachusetts
25019,18-49,6010,25,Nantucket County,Massachusetts
25019,5-17,2256,25,Nantucket County,Massachusetts
25019,50-64,3133,25,Nantucket County,Massachusetts
25019,65+,2217,25,Nantucket County,Massachusetts
25021,0-4,37450,25,Norfolk County,Massachusetts
25021,18-49,297031,25,Norfolk County,Massachusetts
25021,5-17,112293,25,Norfolk County,Massachusetts
25021,50-64,151594,25,Norfolk County,Massachusetts
25021,65+,126172,25,Norfolk County,Massachusetts
25023,0-4,27304,25,Plymouth County,Massachusetts
25023,18-49,199729,25,Plymouth County,Massachusetts
25023,5-17,84117,25,Plymouth County,Massachusetts
25023,50-64,118564,25,Plymouth County,Massachusetts
25023,65+,102175,25,Plymouth County,Massachusetts
25025,0-4,38217,25,Suffolk County,Massachusetts
25025,18-49,428178,25,Suffolk County,Massachusetts
25025,5-17,88277,25,Suffolk County,Massachusetts
25025,50-64,126084,25,Suffolk County,Massachusetts
25025,65+,101416,25,Suffolk County,Massachusetts
25027,0-4,44659,25,Worcester County,Massachusetts
25027,18-49,355571,25,Worcester County,Massachusetts
25027,5-17,134710,25,Worcester County,Massachusetts
25027,50-64,184008,25,Worcester County,Massachusetts
25027,65+,142716,25,Worcester County,Massachusetts
26001,0-4,352,26,Alcona County,Michigan
26001,18-49,2477,26,Alcona County,Michigan
26001,5-17,966,26,Alcona County,Michigan
26001,50-64,2781,26,Alcona County,Michigan
26001,65+,3734,26,Alcona County,Michigan
26003,0-4,309,26,Alger County,Michigan
26003,18-49,3207,26,Alger County,Michigan
26003,5-17,1013,26,Alger County,Michigan
26003,50-64,1942,26,Alger County,Michigan
26003,65+,2342,26,Alger County,Michigan
26005,0-4,6964,26,Allegan County,Michigan
26005,18-49,45696,26,Allegan County,Michigan
26005,5-17,21564,26,Allegan County,Michigan
26005,50-64,25134,26,Allegan County,Michigan
26005,65+,21555,26,Allegan County,Michigan
26007,0-4,1331,26,Alpena County,Michigan
26007,18-49,9883,26,Alpena County,Michigan
26007,5-17,4113,26,Alpena County,Michigan
26007,50-64,6506,26,Alpena County,Michigan
26007,65+,7075,26,Alpena County,Michigan
26009,0-4,960,26,Antrim County,Michigan
26009,18-49,7260,26,Antrim County,Michigan
26009,5-17,3160,26,Antrim County,Michigan
26009,50-64,5748,26,Antrim County,Michigan
26009,65+,6748,26,Antrim County,Michigan
26011,0-4,699,26,Arenac County,Michigan
26011,18-49,4715,26,Arenac County,Michigan
26011,5-17,2090,26,Arenac County,Michigan
26011,50-64,3586,26,Arenac County,Michigan
26011,65+,3964,26,Arenac County,Michigan
26013,0-4,336,26,Baraga County,Michigan
26013,18-49,3099,26,Baraga County,Michigan
26013,5-17,1072,26,Baraga County,Michigan
26013,50-64,1845,26,Baraga County,Michigan
26013,65+,1897,26,Baraga County,Michigan
26015,0-4,3335,26,Barry County,Michigan
26015,18-49,23353,26,Barry County,Michigan
26015,5-17,10489,26,Barry County,Michigan
26015,50-64,13816,26,Barry County,Michigan
26015,65+,11989,26,Barry County,Michigan
26017,0-4,4873,26,Bay County,Michigan
26017,18-49,38481,26,Bay County,Michigan
26017,5-17,15566,26,Bay County,Michigan
26017,50-64,22308,26,Bay County,Michigan
26017,65+,22007,26,Bay County,Michigan
26019,0-4,776,26,Benzie County,Michigan
26019,18-49,5867,26,Benzie County,Michigan
26019,5-17,2336,26,Benzie County,Michigan
26019,50-64,4148,26,Benzie County,Michigan
26019,65+,5050,26,Benzie County,Michigan
26021,0-4,8289,26,Berrien County,Michigan
26021,18-49,56549,26,Berrien County,Michigan
26021,5-17,24830,26,Berrien County,Michigan
26021,50-64,31793,26,Berrien County,Michigan
26021,65+,31950,26,Berrien County,Michigan
26023,0-4,2813,26,Branch County,Michigan
26023,18-49,16557,26,Branch County,Michigan
26023,5-17,7746,26,Branch County,Michigan
26023,50-64,9269,26,Branch County,Michigan
26023,65+,8529,26,Branch County,Michigan
26025,0-4,7782,26,Calhoun County,Michigan
26025,18-49,51967,26,Calhoun County,Michigan
26025,5-17,23037,26,Calhoun County,Michigan
26025,50-64,26676,26,Calhoun County,Michigan
26025,65+,24384,26,Calhoun County,Michigan
26027,0-4,2480,26,Cass County,Michigan
26027,18-49,18005,26,Cass County,Michigan
26027,5-17,8070,26,Cass County,Michigan
26027,50-64,11710,26,Cass County,Michigan
26027,65+,11341,26,Cass County,Michigan
26029,0-4,1111,26,Charlevoix County,Michigan
26029,18-49,8397,26,Charlevoix County,Michigan
26029,5-17,3576,26,Charlevoix County,Michigan
26029,50-64,6210,26,Charlevoix County,Michigan
26029,65+,6849,26,Charlevoix County,Michigan
26031,0-4,1047,26,Cheboygan County,Michigan
26031,18-49,8193,26,Cheboygan County,Michigan
26031,5-17,3018,26,Cheboygan County,Michigan
26031,50-64,6193,26,Cheboygan County,Michigan
26031,65+,7327,26,Cheboygan County,Michigan
26033,0-4,1648,26,Chippewa County,Michigan
26033,18-49,15753,26,Chippewa County,Michigan
26033,5-17,4937,26,Chippewa County,Michigan
26033,50-64,7138,26,Chippewa County,Michigan
26033,65+,6972,26,Chippewa County,Michigan
26035,0-4,1544,26,Clare County,Michigan
26035,18-49,10126,26,Clare County,Michigan
26035,5-17,4622,26,Clare County,Michigan
26035,50-64,7125,26,Clare County,Michigan
26035,65+,7692,26,Clare County,Michigan
26037,0-4,4143,26,Clinton County,Michigan
26037,18-49,30744,26,Clinton County,Michigan
26037,5-17,13104,26,Clinton County,Michigan
26037,50-64,16999,26,Clinton County,Michigan
26037,65+,14429,26,Clinton County,Michigan
26039,0-4,600,26,Crawford County,Michigan
26039,18-49,4044,26,Crawford County,Michigan
26039,5-17,1748,26,Crawford County,Michigan
26039,50-64,3353,26,Crawford County,Michigan
26039,65+,3526,26,Crawford County,Michigan
26041,0-4,1739,26,Delta County,Michigan
26041,18-49,12208,26,Delta County,Michigan
26041,5-17,5411,26,Delta County,Michigan
26041,50-64,8050,26,Delta County,Michigan
26041,65+,9421,26,Delta County,Michigan
26043,0-4,1298,26,Dickinson County,Michigan
26043,18-49,8698,26,Dickinson County,Michigan
26043,5-17,3832,26,Dickinson County,Michigan
26043,50-64,5974,26,Dickinson County,Michigan
26043,65+,6138,26,Dickinson County,Michigan
26045,0-4,5692,26,Eaton County,Michigan
26045,18-49,42905,26,Eaton County,Michigan
26045,5-17,16832,26,Eaton County,Michigan
26045,50-64,22219,26,Eaton County,Michigan
26045,65+,21352,26,Eaton County,Michigan
26047,0-4,1464,26,Emmet County,Michigan
26047,18-49,12169,26,Emmet County,Michigan
26047,5-17,4772,26,Emmet County,Michigan
26047,50-64,7478,26,Emmet County,Michigan
26047,65+,8276,26,Emmet County,Michigan
26049,0-4,22829,26,Genesee County,Michigan
26049,18-49,156351,26,Genesee County,Michigan
26049,5-17,67598,26,Genesee County,Michigan
26049,50-64,83162,26,Genesee County,Michigan
26049,65+,74147,26,Genesee County,Michigan
26051,0-4,1250,26,Gladwin County,Michigan
26051,18-49,7704,26,Gladwin County,Michigan
26051,5-17,3579,26,Gladwin County,Michigan
26051,50-64,6142,26,Gladwin County,Michigan
26051,65+,6868,26,Gladwin County,Michigan
26053,0-4,556,26,Gogebic County,Michigan
26053,18-49,4545,26,Gogebic County,Michigan
26053,5-17,1793,26,Gogebic County,Michigan
26053,50-64,3316,26,Gogebic County,Michigan
26053,65+,4138,26,Gogebic County,Michigan
26055,0-4,4552,26,Grand Traverse County,Michigan
26055,18-49,36364,26,Grand Traverse County,Michigan
26055,5-17,14266,26,Grand Traverse County,Michigan
26055,50-64,20197,26,Grand Traverse County,Michigan
26055,65+,20378,26,Grand Traverse County,Michigan
26057,0-4,2019,26,Gratiot County,Michigan
26057,18-49,18132,26,Gratiot County,Michigan
26057,5-17,6074,26,Gratiot County,Michigan
26057,50-64,8001,26,Gratiot County,Michigan
26057,65+,7252,26,Gratiot County,Michigan
26059,0-4,2497,26,Hillsdale County,Michigan
26059,18-49,16549,26,Hillsdale County,Michigan
26059,5-17,7368,26,Hillsdale County,Michigan
26059,50-64,9761,26,Hillsdale County,Michigan
26059,65+,9483,26,Hillsdale County,Michigan
26061,0-4,1806,26,Houghton County,Michigan
26061,18-49,17458,26,Houghton County,Michigan
26061,5-17,5643,26,Houghton County,Michigan
26061,50-64,5884,26,Houghton County,Michigan
26061,65+,6637,26,Houghton County,Michigan
26063,0-4,1462,26,Huron County,Michigan
26063,18-49,9839,26,Huron County,Michigan
26063,5-17,4528,26,Huron County,Michigan
26063,50-64,7113,26,Huron County,Michigan
26063,65+,8316,26,Huron County,Michigan
26065,0-4,14903,26,Ingham County,Michigan
26065,18-49,139399,26,Ingham County,Michigan
26065,5-17,40753,26,Ingham County,Michigan
26065,50-64,45868,26,Ingham County,Michigan
26065,65+,41092,26,Ingham County,Michigan
26067,0-4,3489,26,Ionia County,Michigan
26067,18-49,29235,26,Ionia County,Michigan
26067,5-17,10683,26,Ionia County,Michigan
26067,50-64,13000,26,Ionia County,Michigan
26067,65+,10299,26,Ionia County,Michigan
26069,0-4,1229,26,Iosco County,Michigan
26069,18-49,7327,26,Iosco County,Michigan
26069,5-17,3076,26,Iosco County,Michigan
26069,50-64,5989,26,Iosco County,Michigan
26069,65+,7712,26,Iosco County,Michigan
26071,0-4,479,26,Iron County,Michigan
26071,18-49,3328,26,Iron County,Michigan
26071,5-17,1545,26,Iron County,Michigan
26071,50-64,2695,26,Iron County,Michigan
26071,65+,3603,26,Iron County,Michigan
26073,0-4,2936,26,Isabella County,Michigan
26073,18-49,34153,26,Isabella County,Michigan
26073,5-17,8472,26,Isabella County,Michigan
26073,50-64,10096,26,Isabella County,Michigan
26073,65+,8818,26,Isabella County,Michigan
26075,0-4,8646,26,Jackson County,Michigan
26075,18-49,63390,26,Jackson County,Michigan
26075,5-17,25168,26,Jackson County,Michigan
26075,50-64,33253,26,Jackson County,Michigan
26075,65+,29730,26,Jackson County,Michigan
26077,0-4,14689,26,Kalamazoo County,Michigan
26077,18-49,120397,26,Kalamazoo County,Michigan
26077,5-17,41574,26,Kalamazoo County,Michigan
26077,50-64,43482,26,Kalamazoo County,Michigan
26077,65+,41295,26,Kalamazoo County,Michigan
26079,0-4,893,26,Kalkaska County,Michigan
26079,18-49,6531,26,Kalkaska County,Michigan
26079,5-17,2793,26,Kalkaska County,Michigan
26079,50-64,4053,26,Kalkaska County,Michigan
26079,65+,3846,26,Kalkaska County,Michigan
26081,0-4,41479,26,Kent County,Michigan
26081,18-49,289532,26,Kent County,Michigan
26081,5-17,114814,26,Kent County,Michigan
26081,50-64,117535,26,Kent County,Michigan
26081,65+,95484,26,Kent County,Michigan
26083,0-4,67,26,Keweenaw County,Michigan
26083,18-49,577,26,Keweenaw County,Michigan
26083,5-17,245,26,Keweenaw County,Michigan
26083,50-64,459,26,Keweenaw County,Michigan
26083,65+,758,26,Keweenaw County,Michigan
26085,0-4,469,26,Lake County,Michigan
26085,18-49,4275,26,Lake County,Michigan
26085,5-17,1415,26,Lake County,Michigan
26085,50-64,2942,26,Lake County,Michigan
26085,65+,3292,26,Lake County,Michigan
26087,0-4,4202,26,Lapeer County,Michigan
26087,18-49,32284,26,Lapeer County,Michigan
26087,5-17,13669,26,Lapeer County,Michigan
26087,50-64,21209,26,Lapeer County,Michigan
26087,65+,17339,26,Lapeer County,Michigan
26089,0-4,847,26,Leelanau County,Michigan
26089,18-49,6375,26,Leelanau County,Michigan
26089,5-17,2693,26,Leelanau County,Michigan
26089,50-64,5230,26,Leelanau County,Michigan
26089,65+,7462,26,Leelanau County,Michigan
26091,0-4,4994,26,Lenawee County,Michigan
26091,18-49,38128,26,Lenawee County,Michigan
26091,5-17,15458,26,Lenawee County,Michigan
26091,50-64,20584,26,Lenawee County,Michigan
26091,65+,19659,26,Lenawee County,Michigan
26093,0-4,9496,26,Livingston County,Michigan
26093,18-49,72050,26,Livingston County,Michigan
26093,5-17,30664,26,Livingston County,Michigan
26093,50-64,45927,26,Livingston County,Michigan
26093,65+,37006,26,Livingston County,Michigan
26095,0-4,291,26,Luce County,Michigan
26095,18-49,2515,26,Luce County,Michigan
26095,5-17,756,26,Luce County,Michigan
26095,50-64,1300,26,Luce County,Michigan
26095,65+,1463,26,Luce County,Michigan
26097,0-4,430,26,Mackinac County,Michigan
26097,18-49,3427,26,Mackinac County,Michigan
26097,5-17,1218,26,Mackinac County,Michigan
26097,50-64,2634,26,Mackinac County,Michigan
26097,65+,3156,26,Mackinac County,Michigan
26099,0-4,46561,26,Macomb County,Michigan
26099,18-49,350999,26,Macomb County,Michigan
26099,5-17,136212,26,Macomb County,Michigan
26099,50-64,187314,26,Macomb County,Michigan
26099,65+,156538,26,Macomb County,Michigan
26101,0-4,982,26,Manistee County,Michigan
26101,18-49,8302,26,Manistee County,Michigan
26101,5-17,3279,26,Manistee County,Michigan
26101,50-64,5775,26,Manistee County,Michigan
26101,65+,6909,26,Manistee County,Michigan
26103,0-4,3057,26,Marquette County,Michigan
26103,18-49,29053,26,Marquette County,Michigan
26103,5-17,8793,26,Marquette County,Michigan
26103,50-64,12228,26,Marquette County,Michigan
26103,65+,13299,26,Marquette County,Michigan
26105,0-4,1347,26,Mason County,Michigan
26105,18-49,9690,26,Mason County,Michigan
26105,5-17,4462,26,Mason County,Michigan
26105,50-64,6211,26,Mason County,Michigan
26105,65+,7467,26,Mason County,Michigan
26107,0-4,2080,26,Mecosta County,Michigan
26107,18-49,16124,26,Mecosta County,Michigan
26107,5-17,5820,26,Mecosta County,Michigan
26107,50-64,8164,26,Mecosta County,Michigan
26107,65+,8133,26,Mecosta County,Michigan
26109,0-4,920,26,Menominee County,Michigan
26109,18-49,7567,26,Menominee County,Michigan
26109,5-17,3198,26,Menominee County,Michigan
26109,50-64,5473,26,Menominee County,Michigan
26109,65+,6137,26,Menominee County,Michigan
26111,0-4,4481,26,Midland County,Michigan
26111,18-49,32047,26,Midland County,Michigan
26111,5-17,13224,26,Midland County,Michigan
26111,50-64,17355,26,Midland County,Michigan
26111,65+,16534,26,Midland County,Michigan
26113,0-4,858,26,Missaukee County,Michigan
26113,18-49,5278,26,Missaukee County,Michigan
26113,5-17,2560,26,Missaukee County,Michigan
26113,50-64,3222,26,Missaukee County,Michigan
26113,65+,3238,26,Missaukee County,Michigan
26115,0-4,7850,26,Monroe County,Michigan
26115,18-49,58606,26,Monroe County,Michigan
26115,5-17,24828,26,Monroe County,Michigan
26115,50-64,33751,26,Monroe County,Michigan
26115,65+,29966,26,Monroe County,Michigan
26117,0-4,3501,26,Montcalm County,Michigan
26117,18-49,27414,26,Montcalm County,Michigan
26117,5-17,10666,26,Montcalm County,Michigan
26117,50-64,13775,26,Montcalm County,Michigan
26117,65+,11818,26,Montcalm County,Michigan
26119,0-4,345,26,Montmorency County,Michigan
26119,18-49,2473,26,Montmorency County,Michigan
26119,5-17,1051,26,Montmorency County,Michigan
26119,50-64,2416,26,Montmorency County,Michigan
26119,65+,3087,26,Montmorency County,Michigan
26121,0-4,10134,26,Muskegon County,Michigan
26121,18-49,69235,26,Muskegon County,Michigan
26121,5-17,29678,26,Muskegon County,Michigan
26121,50-64,34735,26,Muskegon County,Michigan
26121,65+,31596,26,Muskegon County,Michigan
26123,0-4,2716,26,Newaygo County,Michigan
26123,18-49,17948,26,Newaygo County,Michigan
26123,5-17,8424,26,Newaygo County,Michigan
26123,50-64,11121,26,Newaygo County,Michigan
26123,65+,10205,26,Newaygo County,Michigan
26125,0-4,66084,26,Oakland County,Michigan
26125,18-49,514682,26,Oakland County,Michigan
26125,5-17,194670,26,Oakland County,Michigan
26125,50-64,268955,26,Oakland County,Michigan
26125,65+,227903,26,Oakland County,Michigan
26127,0-4,1358,26,Oceana County,Michigan
26127,18-49,9286,26,Oceana County,Michigan
26127,5-17,4459,26,Oceana County,Michigan
26127,50-64,5857,26,Oceana County,Michigan
26127,65+,5828,26,Oceana County,Michigan
26129,0-4,948,26,Ogemaw County,Michigan
26129,18-49,6483,26,Ogemaw County,Michigan
26129,5-17,2861,26,Ogemaw County,Michigan
26129,50-64,4902,26,Ogemaw County,Michigan
26129,65+,5659,26,Ogemaw County,Michigan
26131,0-4,154,26,Ontonagon County,Michigan
26131,18-49,1415,26,Ontonagon County,Michigan
26131,5-17,525,26,Ontonagon County,Michigan
26131,50-64,1560,26,Ontonagon County,Michigan
26131,65+,2216,26,Ontonagon County,Michigan
26133,0-4,1226,26,Osceola County,Michigan
26133,18-49,7894,26,Osceola County,Michigan
26133,5-17,3954,26,Osceola County,Michigan
26133,50-64,5010,26,Osceola County,Michigan
26133,65+,5038,26,Osceola County,Michigan
26135,0-4,446,26,Oscoda County,Michigan
26135,18-49,2308,26,Oscoda County,Michigan
26135,5-17,1224,26,Oscoda County,Michigan
26135,50-64,1983,26,Oscoda County,Michigan
26135,65+,2377,26,Oscoda County,Michigan
26137,0-4,1285,26,Otsego County,Michigan
26137,18-49,8890,26,Otsego County,Michigan
26137,5-17,4016,26,Otsego County,Michigan
26137,50-64,5657,26,Otsego County,Michigan
26137,65+,5504,26,Otsego County,Michigan
26139,0-4,16913,26,Ottawa County,Michigan
26139,18-49,127939,26,Ottawa County,Michigan
26139,5-17,52748,26,Ottawa County,Michigan
26139,50-64,52552,26,Ottawa County,Michigan
26139,65+,48462,26,Ottawa County,Michigan
26141,0-4,532,26,Presque Isle County,Michigan
26141,18-49,3584,26,Presque Isle County,Michigan
26141,5-17,1518,26,Presque Isle County,Michigan
26141,50-64,3161,26,Presque Isle County,Michigan
26141,65+,4347,26,Presque Isle County,Michigan
26143,0-4,845,26,Roscommon County,Michigan
26143,18-49,6287,26,Roscommon County,Michigan
26143,5-17,2576,26,Roscommon County,Michigan
26143,50-64,5951,26,Roscommon County,Michigan
26143,65+,7980,26,Roscommon County,Michigan
26145,0-4,10651,26,Saginaw County,Michigan
26145,18-49,72953,26,Saginaw County,Michigan
26145,5-17,30050,26,Saginaw County,Michigan
26145,50-64,37859,26,Saginaw County,Michigan
26145,65+,37697,26,Saginaw County,Michigan
26147,0-4,7837,26,St. Clair County,Michigan
26147,18-49,58426,26,St. Clair County,Michigan
26147,5-17,25003,26,St. Clair County,Michigan
26147,50-64,37179,26,St. Clair County,Michigan
26147,65+,31644,26,St. Clair County,Michigan
26149,0-4,3745,26,St. Joseph County,Michigan
26149,18-49,22588,26,St. Joseph County,Michigan
26149,5-17,11095,26,St. Joseph County,Michigan
26149,50-64,12169,26,St. Joseph County,Michigan
26149,65+,11273,26,St. Joseph County,Michigan
26151,0-4,2012,26,Sanilac County,Michigan
26151,18-49,13838,26,Sanilac County,Michigan
26151,5-17,6591,26,Sanilac County,Michigan
26151,50-64,8952,26,Sanilac County,Michigan
26151,65+,9181,26,Sanilac County,Michigan
26153,0-4,357,26,Schoolcraft County,Michigan
26153,18-49,2326,26,Schoolcraft County,Michigan
26153,5-17,1079,26,Schoolcraft County,Michigan
26153,50-64,2051,26,Schoolcraft County,Michigan
26153,65+,2280,26,Schoolcraft County,Michigan
26155,0-4,3594,26,Shiawassee County,Michigan
26155,18-49,25458,26,Shiawassee County,Michigan
26155,5-17,10603,26,Shiawassee County,Michigan
26155,50-64,15153,26,Shiawassee County,Michigan
26155,65+,13253,26,Shiawassee County,Michigan
26157,0-4,2651,26,Tuscola County,Michigan
26157,18-49,18969,26,Tuscola County,Michigan
26157,5-17,8105,26,Tuscola County,Michigan
26157,50-64,11955,26,Tuscola County,Michigan
26157,65+,11391,26,Tuscola County,Michigan
26159,0-4,4348,26,Van Buren County,Michigan
26159,18-49,27682,26,Van Buren County,Michigan
26159,5-17,13175,26,Van Buren County,Michigan
26159,50-64,15813,26,Van Buren County,Michigan
26159,65+,14663,26,Van Buren County,Michigan
26161,0-4,17119,26,Washtenaw County,Michigan
26161,18-49,181392,26,Washtenaw County,Michigan
26161,5-17,50589,26,Washtenaw County,Michigan
26161,50-64,63050,26,Washtenaw County,Michigan
26161,65+,56244,26,Washtenaw County,Michigan
26163,0-4,112581,26,Wayne County,Michigan
26163,18-49,721897,26,Wayne County,Michigan
26163,5-17,308591,26,Wayne County,Michigan
26163,50-64,344271,26,Wayne County,Michigan
26163,65+,286427,26,Wayne County,Michigan
26165,0-4,1928,26,Wexford County,Michigan
26165,18-49,12178,26,Wexford County,Michigan
26165,5-17,5876,26,Wexford County,Michigan
26165,50-64,7053,26,Wexford County,Michigan
26165,65+,6833,26,Wexford County,Michigan
27001,0-4,585,27,Aitkin County,Minnesota
27001,18-49,4109,27,Aitkin County,Minnesota
27001,5-17,1954,27,Aitkin County,Minnesota
27001,50-64,3878,27,Aitkin County,Minnesota
27001,65+,5404,27,Aitkin County,Minnesota
27003,0-4,22128,27,Anoka County,Minnesota
27003,18-49,149579,27,Anoka County,Minnesota
27003,5-17,65352,27,Anoka County,Minnesota
27003,50-64,75035,27,Anoka County,Minnesota
27003,65+,55001,27,Anoka County,Minnesota
27005,0-4,1992,27,Becker County,Minnesota
27005,18-49,11936,27,Becker County,Minnesota
27005,5-17,6351,27,Becker County,Minnesota
27005,50-64,7166,27,Becker County,Minnesota
27005,65+,7815,27,Becker County,Minnesota
27007,0-4,3039,27,Beltrami County,Minnesota
27007,18-49,19122,27,Beltrami County,Minnesota
27007,5-17,8561,27,Beltrami County,Minnesota
27007,50-64,7819,27,Beltrami County,Minnesota
27007,65+,7880,27,Beltrami County,Minnesota
27009,0-4,2752,27,Benton County,Minnesota
27009,18-49,17534,27,Benton County,Minnesota
27009,5-17,7818,27,Benton County,Minnesota
27009,50-64,7599,27,Benton County,Minnesota
27009,65+,5755,27,Benton County,Minnesota
27011,0-4,318,27,Big Stone County,Minnesota
27011,18-49,1586,27,Big Stone County,Minnesota
27011,5-17,819,27,Big Stone County,Minnesota
27011,50-64,1063,27,Big Stone County,Minnesota
27011,65+,1366,27,Big Stone County,Minnesota
27013,0-4,3600,27,Blue Earth County,Minnesota
27013,18-49,35021,27,Blue Earth County,Minnesota
27013,5-17,10229,27,Blue Earth County,Minnesota
27013,50-64,10324,27,Blue Earth County,Minnesota
27013,65+,10212,27,Blue Earth County,Minnesota
27015,0-4,1440,27,Brown County,Minnesota
27015,18-49,9340,27,Brown County,Minnesota
27015,5-17,4241,27,Brown County,Minnesota
27015,50-64,5178,27,Brown County,Minnesota
27015,65+,5627,27,Brown County,Minnesota
27017,0-4,1867,27,Carlton County,Minnesota
27017,18-49,14190,27,Carlton County,Minnesota
27017,5-17,6149,27,Carlton County,Minnesota
27017,50-64,7617,27,Carlton County,Minnesota
27017,65+,6634,27,Carlton County,Minnesota
27019,0-4,6557,27,Carver County,Minnesota
27019,18-49,43383,27,Carver County,Minnesota
27019,5-17,21353,27,Carver County,Minnesota
27019,50-64,22339,27,Carver County,Minnesota
27019,65+,14990,27,Carver County,Minnesota
27021,0-4,1472,27,Cass County,Minnesota
27021,18-49,9178,27,Cass County,Minnesota
27021,5-17,4769,27,Cass County,Minnesota
27021,50-64,7031,27,Cass County,Minnesota
27021,65+,8238,27,Cass County,Minnesota
27023,0-4,762,27,Chippewa County,Minnesota
27023,18-49,4436,27,Chippewa County,Minnesota
27023,5-17,2157,27,Chippewa County,Minnesota
27023,50-64,2382,27,Chippewa County,Minnesota
27023,65+,2651,27,Chippewa County,Minnesota
27025,0-4,3211,27,Chisago County,Minnesota
27025,18-49,22276,27,Chisago County,Minnesota
27025,5-17,9756,27,Chisago County,Minnesota
27025,50-64,12675,27,Chisago County,Minnesota
27025,65+,9516,27,Chisago County,Minnesota
27027,0-4,4297,27,Clay County,Minnesota
27027,18-49,30071,27,Clay County,Minnesota
27027,5-17,11986,27,Clay County,Minnesota
27027,50-64,10179,27,Clay County,Minnesota
27027,65+,9095,27,Clay County,Minnesota
27029,0-4,525,27,Clearwater County,Minnesota
27029,18-49,2929,27,Clearwater County,Minnesota
27029,5-17,1618,27,Clearwater County,Minnesota
27029,50-64,1713,27,Clearwater County,Minnesota
27029,65+,1794,27,Clearwater County,Minnesota
27031,0-4,216,27,Cook County,Minnesota
27031,18-49,1796,27,Cook County,Minnesota
27031,5-17,630,27,Cook County,Minnesota
27031,50-64,1290,27,Cook County,Minnesota
27031,65+,1701,27,Cook County,Minnesota
27033,0-4,724,27,Cottonwood County,Minnesota
27033,18-49,3904,27,Cottonwood County,Minnesota
27033,5-17,2158,27,Cottonwood County,Minnesota
27033,50-64,2087,27,Cottonwood County,Minnesota
27033,65+,2585,27,Cottonwood County,Minnesota
27035,0-4,3369,27,Crow Wing County,Minnesota
27035,18-49,22881,27,Crow Wing County,Minnesota
27035,5-17,10575,27,Crow Wing County,Minnesota
27035,50-64,14284,27,Crow Wing County,Minnesota
27035,65+,16004,27,Crow Wing County,Minnesota
27037,0-4,26965,27,Dakota County,Minnesota
27037,18-49,179958,27,Dakota County,Minnesota
27037,5-17,79951,27,Dakota County,Minnesota
27037,50-64,87415,27,Dakota County,Minnesota
27037,65+,67915,27,Dakota County,Minnesota
27039,0-4,1328,27,Dodge County,Minnesota
27039,18-49,8366,27,Dodge County,Minnesota
27039,5-17,4009,27,Dodge County,Minnesota
27039,50-64,4045,27,Dodge County,Minnesota
27039,65+,3214,27,Dodge County,Minnesota
27041,0-4,2261,27,Douglas County,Minnesota
27041,18-49,13553,27,Douglas County,Minnesota
27041,5-17,6215,27,Douglas County,Minnesota
27041,50-64,7925,27,Douglas County,Minnesota
27041,65+,9400,27,Douglas County,Minnesota
27043,0-4,714,27,Faribault County,Minnesota
27043,18-49,4693,27,Faribault County,Minnesota
27043,5-17,2333,27,Faribault County,Minnesota
27043,50-64,2944,27,Faribault County,Minnesota
27043,65+,3225,27,Faribault County,Minnesota
27045,0-4,1214,27,Fillmore County,Minnesota
27045,18-49,7250,27,Fillmore County,Minnesota
27045,5-17,4020,27,Fillmore County,Minnesota
27045,50-64,4218,27,Fillmore County,Minnesota
27045,65+,4644,27,Fillmore County,Minnesota
27047,0-4,1605,27,Freeborn County,Minnesota
27047,18-49,10620,27,Freeborn County,Minnesota
27047,5-17,5150,27,Freeborn County,Minnesota
27047,50-64,6371,27,Freeborn County,Minnesota
27047,65+,7006,27,Freeborn County,Minnesota
27049,0-4,2629,27,Goodhue County,Minnesota
27049,18-49,17450,27,Goodhue County,Minnesota
27049,5-17,7968,27,Goodhue County,Minnesota
27049,50-64,10184,27,Goodhue County,Minnesota
27049,65+,9613,27,Goodhue County,Minnesota
27051,0-4,343,27,Grant County,Minnesota
27051,18-49,2060,27,Grant County,Minnesota
27051,5-17,1079,27,Grant County,Minnesota
27051,50-64,1210,27,Grant County,Minnesota
27051,65+,1416,27,Grant County,Minnesota
27053,0-4,75931,27,Hennepin County,Minnesota
27053,18-49,568685,27,Hennepin County,Minnesota
27053,5-17,200436,27,Hennepin County,Minnesota
27053,50-64,232039,27,Hennepin County,Minnesota
27053,65+,191812,27,Hennepin County,Minnesota
27055,0-4,945,27,Houston County,Minnesota
27055,18-49,6345,27,Houston County,Minnesota
27055,5-17,3114,27,Houston County,Minnesota
27055,50-64,4014,27,Houston County,Minnesota
27055,65+,4350,27,Houston County,Minnesota
27057,0-4,1130,27,Hubbard County,Minnesota
27057,18-49,6732,27,Hubbard County,Minnesota
27057,5-17,3458,27,Hubbard County,Minnesota
27057,50-64,4707,27,Hubbard County,Minnesota
27057,65+,5673,27,Hubbard County,Minnesota
27059,0-4,2425,27,Isanti County,Minnesota
27059,18-49,16194,27,Isanti County,Minnesota
27059,5-17,7324,27,Isanti County,Minnesota
27059,50-64,8934,27,Isanti County,Minnesota
27059,65+,7057,27,Isanti County,Minnesota
27061,0-4,2208,27,Itasca County,Minnesota
27061,18-49,14896,27,Itasca County,Minnesota
27061,5-17,6975,27,Itasca County,Minnesota
27061,50-64,9688,27,Itasca County,Minnesota
27061,65+,11374,27,Itasca County,Minnesota
27063,0-4,583,27,Jackson County,Minnesota
27063,18-49,3385,27,Jackson County,Minnesota
27063,5-17,1617,27,Jackson County,Minnesota
27063,50-64,2089,27,Jackson County,Minnesota
27063,65+,2290,27,Jackson County,Minnesota
27065,0-4,838,27,Kanabec County,Minnesota
27065,18-49,5727,27,Kanabec County,Minnesota
27065,5-17,2635,27,Kanabec County,Minnesota
27065,50-64,3579,27,Kanabec County,Minnesota
27065,65+,3482,27,Kanabec County,Minnesota
27067,0-4,2895,27,Kandiyohi County,Minnesota
27067,18-49,16107,27,Kandiyohi County,Minnesota
27067,5-17,7849,27,Kandiyohi County,Minnesota
27067,50-64,8169,27,Kandiyohi County,Minnesota
27067,65+,8737,27,Kandiyohi County,Minnesota
27069,0-4,209,27,Kittson County,Minnesota
27069,18-49,1271,27,Kittson County,Minnesota
27069,5-17,686,27,Kittson County,Minnesota
27069,50-64,899,27,Kittson County,Minnesota
27069,65+,1098,27,Kittson County,Minnesota
27071,0-4,520,27,Koochiching County,Minnesota
27071,18-49,3786,27,Koochiching County,Minnesota
27071,5-17,1599,27,Koochiching County,Minnesota
27071,50-64,2746,27,Koochiching County,Minnesota
27071,65+,3299,27,Koochiching County,Minnesota
27073,0-4,349,27,Lac qui Parle County,Minnesota
27073,18-49,2051,27,Lac qui Parle County,Minnesota
27073,5-17,1105,27,Lac qui Parle County,Minnesota
27073,50-64,1369,27,Lac qui Parle County,Minnesota
27073,65+,1820,27,Lac qui Parle County,Minnesota
27075,0-4,489,27,Lake County,Minnesota
27075,18-49,3412,27,Lake County,Minnesota
27075,5-17,1592,27,Lake County,Minnesota
27075,50-64,2429,27,Lake County,Minnesota
27075,65+,2989,27,Lake County,Minnesota
27077,0-4,204,27,Lake of the Woods County,Minnesota
27077,18-49,1168,27,Lake of the Woods County,Minnesota
27077,5-17,510,27,Lake of the Woods County,Minnesota
27077,50-64,947,27,Lake of the Woods County,Minnesota
27077,65+,971,27,Lake of the Woods County,Minnesota
27079,0-4,1638,27,Le Sueur County,Minnesota
27079,18-49,10669,27,Le Sueur County,Minnesota
27079,5-17,5087,27,Le Sueur County,Minnesota
27079,50-64,6229,27,Le Sueur County,Minnesota
27079,65+,5313,27,Le Sueur County,Minnesota
27081,0-4,322,27,Lincoln County,Minnesota
27081,18-49,1826,27,Lincoln County,Minnesota
27081,5-17,964,27,Lincoln County,Minnesota
27081,50-64,1127,27,Lincoln County,Minnesota
27081,65+,1355,27,Lincoln County,Minnesota
27083,0-4,1882,27,Lyon County,Minnesota
27083,18-49,9941,27,Lyon County,Minnesota
27083,5-17,4757,27,Lyon County,Minnesota
27083,50-64,4550,27,Lyon County,Minnesota
27083,65+,4368,27,Lyon County,Minnesota
27085,0-4,1995,27,McLeod County,Minnesota
27085,18-49,13843,27,McLeod County,Minnesota
27085,5-17,6188,27,McLeod County,Minnesota
27085,50-64,7512,27,McLeod County,Minnesota
27085,65+,7233,27,McLeod County,Minnesota
27087,0-4,426,27,Mahnomen County,Minnesota
27087,18-49,1806,27,Mahnomen County,Minnesota
27087,5-17,1243,27,Mahnomen County,Minnesota
27087,50-64,956,27,Mahnomen County,Minnesota
27087,65+,940,27,Mahnomen County,Minnesota
27089,0-4,499,27,Marshall County,Minnesota
27089,18-49,3029,27,Marshall County,Minnesota
27089,5-17,1601,27,Marshall County,Minnesota
27089,50-64,1810,27,Marshall County,Minnesota
27089,65+,2022,27,Marshall County,Minnesota
27091,0-4,1116,27,Martin County,Minnesota
27091,18-49,6620,27,Martin County,Minnesota
27091,5-17,3365,27,Martin County,Minnesota
27091,50-64,4005,27,Martin County,Minnesota
27091,65+,4758,27,Martin County,Minnesota
27093,0-4,1337,27,Meeker County,Minnesota
27093,18-49,8128,27,Meeker County,Minnesota
27093,5-17,4278,27,Meeker County,Minnesota
27093,50-64,4814,27,Meeker County,Minnesota
27093,65+,4865,27,Meeker County,Minnesota
27095,0-4,1573,27,Mille Lacs County,Minnesota
27095,18-49,9927,27,Mille Lacs County,Minnesota
27095,5-17,4723,27,Mille Lacs County,Minnesota
27095,50-64,5748,27,Mille Lacs County,Minnesota
27095,65+,4941,27,Mille Lacs County,Minnesota
27097,0-4,1857,27,Morrison County,Minnesota
27097,18-49,12012,27,Morrison County,Minnesota
27097,5-17,6055,27,Morrison County,Minnesota
27097,50-64,7190,27,Morrison County,Minnesota
27097,65+,7017,27,Morrison County,Minnesota
27099,0-4,2612,27,Mower County,Minnesota
27099,18-49,15519,27,Mower County,Minnesota
27099,5-17,7633,27,Mower County,Minnesota
27099,50-64,6917,27,Mower County,Minnesota
27099,65+,7388,27,Mower County,Minnesota
27101,0-4,410,27,Murray County,Minnesota
27101,18-49,2589,27,Murray County,Minnesota
27101,5-17,1349,27,Murray County,Minnesota
27101,50-64,1663,27,Murray County,Minnesota
27101,65+,2108,27,Murray County,Minnesota
27103,0-4,1865,27,Nicollet County,Minnesota
27103,18-49,14946,27,Nicollet County,Minnesota
27103,5-17,5569,27,Nicollet County,Minnesota
27103,50-64,6064,27,Nicollet County,Minnesota
27103,65+,5906,27,Nicollet County,Minnesota
27105,0-4,1853,27,Nobles County,Minnesota
27105,18-49,8240,27,Nobles County,Minnesota
27105,5-17,4442,27,Nobles County,Minnesota
27105,50-64,3720,27,Nobles County,Minnesota
27105,65+,3812,27,Nobles County,Minnesota
27107,0-4,369,27,Norman County,Minnesota
27107,18-49,2219,27,Norman County,Minnesota
27107,5-17,1122,27,Norman County,Minnesota
27107,50-64,1321,27,Norman County,Minnesota
27107,65+,1380,27,Norman County,Minnesota
27109,0-4,10382,27,Olmsted County,Minnesota
27109,18-49,67948,27,Olmsted County,Minnesota
27109,5-17,29177,27,Olmsted County,Minnesota
27109,50-64,29230,27,Olmsted County,Minnesota
27109,65+,26688,27,Olmsted County,Minnesota
27111,0-4,3236,27,Otter Tail County,Minnesota
27111,18-49,19191,27,Otter Tail County,Minnesota
27111,5-17,9909,27,Otter Tail County,Minnesota
27111,50-64,12975,27,Otter Tail County,Minnesota
27111,65+,14970,27,Otter Tail County,Minnesota
27113,0-4,825,27,Pennington County,Minnesota
27113,18-49,5367,27,Pennington County,Minnesota
27113,5-17,2255,27,Pennington County,Minnesota
27113,50-64,2818,27,Pennington County,Minnesota
27113,65+,2612,27,Pennington County,Minnesota
27115,0-4,1356,27,Pine County,Minnesota
27115,18-49,10528,27,Pine County,Minnesota
27115,5-17,4329,27,Pine County,Minnesota
27115,50-64,6772,27,Pine County,Minnesota
27115,65+,6426,27,Pine County,Minnesota
27117,0-4,674,27,Pipestone County,Minnesota
27117,18-49,3121,27,Pipestone County,Minnesota
27117,5-17,1853,27,Pipestone County,Minnesota
27117,50-64,1776,27,Pipestone County,Minnesota
27117,65+,1928,27,Pipestone County,Minnesota
27119,0-4,1961,27,Polk County,Minnesota
27119,18-49,11473,27,Polk County,Minnesota
27119,5-17,5658,27,Polk County,Minnesota
27119,50-64,5984,27,Polk County,Minnesota
27119,65+,5829,27,Polk County,Minnesota
27121,0-4,595,27,Pope County,Minnesota
27121,18-49,3719,27,Pope County,Minnesota
27121,5-17,1835,27,Pope County,Minnesota
27121,50-64,2365,27,Pope County,Minnesota
27121,65+,2849,27,Pope County,Minnesota
27123,0-4,34863,27,Ramsey County,Minnesota
27123,18-49,240539,27,Ramsey County,Minnesota
27123,5-17,91582,27,Ramsey County,Minnesota
27123,50-64,93733,27,Ramsey County,Minnesota
27123,65+,83721,27,Ramsey County,Minnesota
27125,0-4,235,27,Red Lake County,Minnesota
27125,18-49,1333,27,Red Lake County,Minnesota
27125,5-17,718,27,Red Lake County,Minnesota
27125,50-64,770,27,Red Lake County,Minnesota
27125,65+,866,27,Red Lake County,Minnesota
27127,0-4,985,27,Redwood County,Minnesota
27127,18-49,5267,27,Redwood County,Minnesota
27127,5-17,2827,27,Redwood County,Minnesota
27127,50-64,2911,27,Redwood County,Minnesota
27127,65+,3393,27,Redwood County,Minnesota
27129,0-4,822,27,Renville County,Minnesota
27129,18-49,5016,27,Renville County,Minnesota
27129,5-17,2601,27,Renville County,Minnesota
27129,50-64,3014,27,Renville County,Minnesota
27129,65+,3134,27,Renville County,Minnesota
27131,0-4,3702,27,Rice County,Minnesota
27131,18-49,29489,27,Rice County,Minnesota
27131,5-17,10882,27,Rice County,Minnesota
27131,50-64,12249,27,Rice County,Minnesota
27131,65+,11067,27,Rice County,Minnesota
27133,0-4,546,27,Rock County,Minnesota
27133,18-49,3495,27,Rock County,Minnesota
27133,5-17,1819,27,Rock County,Minnesota
27133,50-64,1840,27,Rock County,Minnesota
27133,65+,1928,27,Rock County,Minnesota
27135,0-4,820,27,Roseau County,Minnesota
27135,18-49,5326,27,Roseau County,Minnesota
27135,5-17,2847,27,Roseau County,Minnesota
27135,50-64,3479,27,Roseau County,Minnesota
27135,65+,2829,27,Roseau County,Minnesota
27137,0-4,9495,27,St. Louis County,Minnesota
27137,18-49,81468,27,St. Louis County,Minnesota
27137,5-17,28027,27,St. Louis County,Minnesota
27137,50-64,39392,27,St. Louis County,Minnesota
27137,65+,41674,27,St. Louis County,Minnesota
27139,0-4,9358,27,Scott County,Minnesota
27139,18-49,63727,27,Scott County,Minnesota
27139,5-17,30964,27,Scott County,Minnesota
27139,50-64,30101,27,Scott County,Minnesota
27139,65+,18807,27,Scott County,Minnesota
27141,0-4,6441,27,Sherburne County,Minnesota
27141,18-49,41900,27,Sherburne County,Minnesota
27141,5-17,19349,27,Sherburne County,Minnesota
27141,50-64,19576,27,Sherburne County,Minnesota
27141,65+,11912,27,Sherburne County,Minnesota
27143,0-4,862,27,Sibley County,Minnesota
27143,18-49,5407,27,Sibley County,Minnesota
27143,5-17,2543,27,Sibley County,Minnesota
27143,50-64,3280,27,Sibley County,Minnesota
27143,65+,2841,27,Sibley County,Minnesota
27145,0-4,10183,27,Stearns County,Minnesota
27145,18-49,68681,27,Stearns County,Minnesota
27145,5-17,27386,27,Stearns County,Minnesota
27145,50-64,27979,27,Stearns County,Minnesota
27145,65+,25129,27,Stearns County,Minnesota
27147,0-4,2037,27,Steele County,Minnesota
27147,18-49,13879,27,Steele County,Minnesota
27147,5-17,7167,27,Steele County,Minnesota
27147,50-64,7336,27,Steele County,Minnesota
27147,65+,6994,27,Steele County,Minnesota
27149,0-4,594,27,Stevens County,Minnesota
27149,18-49,4447,27,Stevens County,Minnesota
27149,5-17,1576,27,Stevens County,Minnesota
27149,50-64,1449,27,Stevens County,Minnesota
27149,65+,1620,27,Stevens County,Minnesota
27151,0-4,546,27,Swift County,Minnesota
27151,18-49,3320,27,Swift County,Minnesota
27151,5-17,1744,27,Swift County,Minnesota
27151,50-64,1879,27,Swift County,Minnesota
27151,65+,2298,27,Swift County,Minnesota
27153,0-4,1671,27,Todd County,Minnesota
27153,18-49,8256,27,Todd County,Minnesota
27153,5-17,4538,27,Todd County,Minnesota
27153,50-64,5290,27,Todd County,Minnesota
27153,65+,5647,27,Todd County,Minnesota
27155,0-4,211,27,Traverse County,Minnesota
27155,18-49,1076,27,Traverse County,Minnesota
27155,5-17,504,27,Traverse County,Minnesota
27155,50-64,660,27,Traverse County,Minnesota
27155,65+,828,27,Traverse County,Minnesota
27157,0-4,1216,27,Wabasha County,Minnesota
27157,18-49,7159,27,Wabasha County,Minnesota
27157,5-17,3530,27,Wabasha County,Minnesota
27157,50-64,4716,27,Wabasha County,Minnesota
27157,65+,4898,27,Wabasha County,Minnesota
27159,0-4,922,27,Wadena County,Minnesota
27159,18-49,4921,27,Wadena County,Minnesota
27159,5-17,2755,27,Wadena County,Minnesota
27159,50-64,2701,27,Wadena County,Minnesota
27159,65+,2836,27,Wadena County,Minnesota
27161,0-4,1024,27,Waseca County,Minnesota
27161,18-49,7488,27,Waseca County,Minnesota
27161,5-17,3351,27,Waseca County,Minnesota
27161,50-64,3585,27,Waseca County,Minnesota
27161,65+,3510,27,Waseca County,Minnesota
27163,0-4,15388,27,Washington County,Minnesota
27163,18-49,106830,27,Washington County,Minnesota
27163,5-17,50430,27,Washington County,Minnesota
27163,50-64,55671,27,Washington County,Minnesota
27163,65+,43979,27,Washington County,Minnesota
27165,0-4,842,27,Watonwan County,Minnesota
27165,18-49,3897,27,Watonwan County,Minnesota
27165,5-17,2015,27,Watonwan County,Minnesota
27165,50-64,2160,27,Watonwan County,Minnesota
27165,65+,2255,27,Watonwan County,Minnesota
27167,0-4,405,27,Wilkin County,Minnesota
27167,18-49,2299,27,Wilkin County,Minnesota
27167,5-17,1038,27,Wilkin County,Minnesota
27167,50-64,1443,27,Wilkin County,Minnesota
27167,65+,1228,27,Wilkin County,Minnesota
27169,0-4,2262,27,Winona County,Minnesota
27169,18-49,22908,27,Winona County,Minnesota
27169,5-17,6615,27,Winona County,Minnesota
27169,50-64,8868,27,Winona County,Minnesota
27169,65+,9052,27,Winona County,Minnesota
27171,0-4,9708,27,Wright County,Minnesota
27171,18-49,58272,27,Wright County,Minnesota
27171,5-17,30202,27,Wright County,Minnesota
27171,50-64,27749,27,Wright County,Minnesota
27171,65+,19339,27,Wright County,Minnesota
27173,0-4,545,27,Yellow Medicine County,Minnesota
27173,18-49,3385,27,Yellow Medicine County,Minnesota
27173,5-17,1651,27,Yellow Medicine County,Minnesota
27173,50-64,1931,27,Yellow Medicine County,Minnesota
27173,65+,1997,27,Yellow Medicine County,Minnesota
28001,0-4,1759,28,Adams County,Mississippi
28001,18-49,10685,28,Adams County,Mississippi
28001,5-17,4536,28,Adams County,Mississippi
28001,50-64,5847,28,Adams County,Mississippi
28001,65+,6271,28,Adams County,Mississippi
28003,0-4,1810,28,Alcorn County,Mississippi
28003,18-49,13264,28,Alcorn County,Mississippi
28003,5-17,5982,28,Alcorn County,Mississippi
28003,50-64,6967,28,Alcorn County,Mississippi
28003,65+,6477,28,Alcorn County,Mississippi
28005,0-4,614,28,Amite County,Mississippi
28005,18-49,3953,28,Amite County,Mississippi
28005,5-17,1963,28,Amite County,Mississippi
28005,50-64,2872,28,Amite County,Mississippi
28005,65+,3209,28,Amite County,Mississippi
28007,0-4,1080,28,Attala County,Mississippi
28007,18-49,6485,28,Attala County,Mississippi
28007,5-17,3368,28,Attala County,Mississippi
28007,50-64,3327,28,Attala County,Mississippi
28007,65+,3425,28,Attala County,Mississippi
28009,0-4,303,28,Benton County,Mississippi
28009,18-49,2703,28,Benton County,Mississippi
28009,5-17,1267,28,Benton County,Mississippi
28009,50-64,1705,28,Benton County,Mississippi
28009,65+,1614,28,Benton County,Mississippi
28011,0-4,1972,28,Bolivar County,Mississippi
28011,18-49,12176,28,Bolivar County,Mississippi
28011,5-17,5487,28,Bolivar County,Mississippi
28011,50-64,5503,28,Bolivar County,Mississippi
28011,65+,5025,28,Bolivar County,Mississippi
28013,0-4,698,28,Calhoun County,Mississippi
28013,18-49,4732,28,Calhoun County,Mississippi
28013,5-17,2218,28,Calhoun County,Mississippi
28013,50-64,2753,28,Calhoun County,Mississippi
28013,65+,2628,28,Calhoun County,Mississippi
28015,0-4,462,28,Carroll County,Mississippi
28015,18-49,3346,28,Carroll County,Mississippi
28015,5-17,1274,28,Carroll County,Mississippi
28015,50-64,2339,28,Carroll County,Mississippi
28015,65+,2407,28,Carroll County,Mississippi
28017,0-4,1222,28,Chickasaw County,Mississippi
28017,18-49,6519,28,Chickasaw County,Mississippi
28017,5-17,2986,28,Chickasaw County,Mississippi
28017,50-64,3139,28,Chickasaw County,Mississippi
28017,65+,3128,28,Chickasaw County,Mississippi
28019,0-4,367,28,Choctaw County,Mississippi
28019,18-49,2932,28,Choctaw County,Mississippi
28019,5-17,1375,28,Choctaw County,Mississippi
28019,50-64,1630,28,Choctaw County,Mississippi
28019,65+,1868,28,Choctaw County,Mississippi
28021,0-4,533,28,Claiborne County,Mississippi
28021,18-49,3930,28,Claiborne County,Mississippi
28021,5-17,1408,28,Claiborne County,Mississippi
28021,50-64,1349,28,Claiborne County,Mississippi
28021,65+,1688,28,Claiborne County,Mississippi
28023,0-4,922,28,Clarke County,Mississippi
28023,18-49,5485,28,Clarke County,Mississippi
28023,5-17,2479,28,Clarke County,Mississippi
28023,50-64,3186,28,Clarke County,Mississippi
28023,65+,3352,28,Clarke County,Mississippi
28025,0-4,1081,28,Clay County,Mississippi
28025,18-49,7125,28,Clay County,Mississippi
28025,5-17,3094,28,Clay County,Mississippi
28025,50-64,3580,28,Clay County,Mississippi
28025,65+,3582,28,Clay County,Mississippi
28027,0-4,1533,28,Coahoma County,Mississippi
28027,18-49,8026,28,Coahoma County,Mississippi
28027,5-17,4107,28,Coahoma County,Mississippi
28027,50-64,3782,28,Coahoma County,Mississippi
28027,65+,3360,28,Coahoma County,Mississippi
28029,0-4,1714,28,Copiah County,Mississippi
28029,18-49,10977,28,Copiah County,Mississippi
28029,5-17,4605,28,Copiah County,Mississippi
28029,50-64,5514,28,Copiah County,Mississippi
28029,65+,5184,28,Copiah County,Mississippi
28031,0-4,1171,28,Covington County,Mississippi
28031,18-49,7029,28,Covington County,Mississippi
28031,5-17,3217,28,Covington County,Mississippi
28031,50-64,3598,28,Covington County,Mississippi
28031,65+,3211,28,Covington County,Mississippi
28033,0-4,10913,28,DeSoto County,Mississippi
28033,18-49,80715,28,DeSoto County,Mississippi
28033,5-17,36598,28,DeSoto County,Mississippi
28033,50-64,35298,28,DeSoto County,Mississippi
28033,65+,25074,28,DeSoto County,Mississippi
28035,0-4,4930,28,Forrest County,Mississippi
28035,18-49,37194,28,Forrest County,Mississippi
28035,5-17,12854,28,Forrest County,Mississippi
28035,50-64,12402,28,Forrest County,Mississippi
28035,65+,10647,28,Forrest County,Mississippi
28037,0-4,442,28,Franklin County,Mississippi
28037,18-49,2723,28,Franklin County,Mississippi
28037,5-17,1329,28,Franklin County,Mississippi
28037,50-64,1548,28,Franklin County,Mississippi
28037,65+,1613,28,Franklin County,Mississippi
28039,0-4,2020,28,George County,Mississippi
28039,18-49,9657,28,George County,Mississippi
28039,5-17,4739,28,George County,Mississippi
28039,50-64,4678,28,George County,Mississippi
28039,65+,3776,28,George County,Mississippi
28041,0-4,769,28,Greene County,Mississippi
28041,18-49,6283,28,Greene County,Mississippi
28041,5-17,1795,28,Greene County,Mississippi
28041,50-64,2770,28,Greene County,Mississippi
28041,65+,1978,28,Greene County,Mississippi
28043,0-4,1315,28,Grenada County,Mississippi
28043,18-49,8090,28,Grenada County,Mississippi
28043,5-17,3852,28,Grenada County,Mississippi
28043,50-64,4138,28,Grenada County,Mississippi
28043,65+,3947,28,Grenada County,Mississippi
28045,0-4,2239,28,Hancock County,Mississippi
28045,18-49,16149,28,Hancock County,Mississippi
28045,5-17,6770,28,Hancock County,Mississippi
28045,50-64,10819,28,Hancock County,Mississippi
28045,65+,10080,28,Hancock County,Mississippi
28047,0-4,12996,28,Harrison County,Mississippi
28047,18-49,85879,28,Harrison County,Mississippi
28047,5-17,36917,28,Harrison County,Mississippi
28047,50-64,39864,28,Harrison County,Mississippi
28047,65+,33787,28,Harrison County,Mississippi
28049,0-4,13817,28,Hinds County,Mississippi
28049,18-49,94291,28,Hinds County,Mississippi
28049,5-17,38859,28,Hinds County,Mississippi
28049,50-64,40545,28,Hinds County,Mississippi
28049,65+,34982,28,Hinds County,Mississippi
28051,0-4,1060,28,Holmes County,Mississippi
28051,18-49,6564,28,Holmes County,Mississippi
28051,5-17,3031,28,Holmes County,Mississippi
28051,50-64,3168,28,Holmes County,Mississippi
28051,65+,2668,28,Holmes County,Mississippi
28053,0-4,447,28,Humphreys County,Mississippi
28053,18-49,2703,28,Humphreys County,Mississippi
28053,5-17,1487,28,Humphreys County,Mississippi
28053,50-64,1540,28,Humphreys County,Mississippi
28053,65+,1393,28,Humphreys County,Mississippi
28055,0-4,0,28,Issaquena County,Mississippi
28055,18-49,492,28,Issaquena County,Mississippi
28055,5-17,72,28,Issaquena County,Mississippi
28055,50-64,318,28,Issaquena County,Mississippi
28055,65+,213,28,Issaquena County,Mississippi
28057,0-4,1173,28,Itawamba County,Mississippi
28057,18-49,10015,28,Itawamba County,Mississippi
28057,5-17,3930,28,Itawamba County,Mississippi
28057,50-64,4588,28,Itawamba County,Mississippi
28057,65+,4236,28,Itawamba County,Mississippi
28059,0-4,8074,28,Jackson County,Mississippi
28059,18-49,57890,28,Jackson County,Mississippi
28059,5-17,25185,28,Jackson County,Mississippi
28059,50-64,28939,28,Jackson County,Mississippi
28059,65+,24349,28,Jackson County,Mississippi
28061,0-4,958,28,Jasper County,Mississippi
28061,18-49,5844,28,Jasper County,Mississippi
28061,5-17,2745,28,Jasper County,Mississippi
28061,50-64,3219,28,Jasper County,Mississippi
28061,65+,3445,28,Jasper County,Mississippi
28063,0-4,370,28,Jefferson County,Mississippi
28063,18-49,2670,28,Jefferson County,Mississippi
28063,5-17,1140,28,Jefferson County,Mississippi
28063,50-64,1568,28,Jefferson County,Mississippi
28063,65+,1379,28,Jefferson County,Mississippi
28065,0-4,597,28,Jefferson Davis County,Mississippi
28065,18-49,3944,28,Jefferson Davis County,Mississippi
28065,5-17,1625,28,Jefferson Davis County,Mississippi
28065,50-64,2341,28,Jefferson Davis County,Mississippi
28065,65+,2676,28,Jefferson Davis County,Mississippi
28067,0-4,4440,28,Jones County,Mississippi
28067,18-49,26186,28,Jones County,Mississippi
28067,5-17,12445,28,Jones County,Mississippi
28067,50-64,12168,28,Jones County,Mississippi
28067,65+,11600,28,Jones County,Mississippi
28069,0-4,526,28,Kemper County,Mississippi
28069,18-49,3785,28,Kemper County,Mississippi
28069,5-17,1084,28,Kemper County,Mississippi
28069,50-64,1566,28,Kemper County,Mississippi
28069,65+,1894,28,Kemper County,Mississippi
28071,0-4,2824,28,Lafayette County,Mississippi
28071,18-49,30450,28,Lafayette County,Mississippi
28071,5-17,7611,28,Lafayette County,Mississippi
28071,50-64,8492,28,Lafayette County,Mississippi
28071,65+,7543,28,Lafayette County,Mississippi
28073,0-4,3886,28,Lamar County,Mississippi
28073,18-49,28027,28,Lamar County,Mississippi
28073,5-17,12106,28,Lamar County,Mississippi
28073,50-64,11500,28,Lamar County,Mississippi
28073,65+,9562,28,Lamar County,Mississippi
28075,0-4,4346,28,Lauderdale County,Mississippi
28075,18-49,28258,28,Lauderdale County,Mississippi
28075,5-17,12602,28,Lauderdale County,Mississippi
28075,50-64,13657,28,Lauderdale County,Mississippi
28075,65+,13121,28,Lauderdale County,Mississippi
28077,0-4,753,28,Lawrence County,Mississippi
28077,18-49,4292,28,Lawrence County,Mississippi
28077,5-17,2274,28,Lawrence County,Mississippi
28077,50-64,2418,28,Lawrence County,Mississippi
28077,65+,2146,28,Lawrence County,Mississippi
28079,0-4,1360,28,Leake County,Mississippi
28079,18-49,8499,28,Leake County,Mississippi
28079,5-17,3621,28,Leake County,Mississippi
28079,50-64,3985,28,Leake County,Mississippi
28079,65+,3823,28,Leake County,Mississippi
28081,0-4,5315,28,Lee County,Mississippi
28081,18-49,33766,28,Lee County,Mississippi
28081,5-17,15556,28,Lee County,Mississippi
28081,50-64,15729,28,Lee County,Mississippi
28081,65+,12772,28,Lee County,Mississippi
28083,0-4,2086,28,Leflore County,Mississippi
28083,18-49,11039,28,Leflore County,Mississippi
28083,5-17,5506,28,Leflore County,Mississippi
28083,50-64,4666,28,Leflore County,Mississippi
28083,65+,4135,28,Leflore County,Mississippi
28085,0-4,1971,28,Lincoln County,Mississippi
28085,18-49,13660,28,Lincoln County,Mississippi
28085,5-17,6109,28,Lincoln County,Mississippi
28085,50-64,7055,28,Lincoln County,Mississippi
28085,65+,6035,28,Lincoln County,Mississippi
28087,0-4,3753,28,Lowndes County,Mississippi
28087,18-49,23727,28,Lowndes County,Mississippi
28087,5-17,10095,28,Lowndes County,Mississippi
28087,50-64,10756,28,Lowndes County,Mississippi
28087,65+,9856,28,Lowndes County,Mississippi
28089,0-4,6733,28,Madison County,Mississippi
28089,18-49,45232,28,Madison County,Mississippi
28089,5-17,20286,28,Madison County,Mississippi
28089,50-64,21667,28,Madison County,Mississippi
28089,65+,16385,28,Madison County,Mississippi
28091,0-4,1423,28,Marion County,Mississippi
28091,18-49,9263,28,Marion County,Mississippi
28091,5-17,4256,28,Marion County,Mississippi
28091,50-64,4804,28,Marion County,Mississippi
28091,65+,4557,28,Marion County,Mississippi
28093,0-4,1945,28,Marshall County,Mississippi
28093,18-49,13443,28,Marshall County,Mississippi
28093,5-17,5112,28,Marshall County,Mississippi
28093,50-64,7082,28,Marshall County,Mississippi
28093,65+,6317,28,Marshall County,Mississippi
28095,0-4,1910,28,Monroe County,Mississippi
28095,18-49,12794,28,Monroe County,Mississippi
28095,5-17,5765,28,Monroe County,Mississippi
28095,50-64,6707,28,Monroe County,Mississippi
28095,65+,6752,28,Monroe County,Mississippi
28097,0-4,389,28,Montgomery County,Mississippi
28097,18-49,3457,28,Montgomery County,Mississippi
28097,5-17,1801,28,Montgomery County,Mississippi
28097,50-64,1889,28,Montgomery County,Mississippi
28097,65+,2172,28,Montgomery County,Mississippi
28099,0-4,2089,28,Neshoba County,Mississippi
28099,18-49,10962,28,Neshoba County,Mississippi
28099,5-17,5859,28,Neshoba County,Mississippi
28099,50-64,5178,28,Neshoba County,Mississippi
28099,65+,4839,28,Neshoba County,Mississippi
28101,0-4,1348,28,Newton County,Mississippi
28101,18-49,8442,28,Newton County,Mississippi
28101,5-17,3769,28,Newton County,Mississippi
28101,50-64,3953,28,Newton County,Mississippi
28101,65+,3639,28,Newton County,Mississippi
28103,0-4,738,28,Noxubee County,Mississippi
28103,18-49,3864,28,Noxubee County,Mississippi
28103,5-17,1810,28,Noxubee County,Mississippi
28103,50-64,1941,28,Noxubee County,Mississippi
28103,65+,1783,28,Noxubee County,Mississippi
28105,0-4,2476,28,Oktibbeha County,Mississippi
28105,18-49,29909,28,Oktibbeha County,Mississippi
28105,5-17,6525,28,Oktibbeha County,Mississippi
28105,50-64,6442,28,Oktibbeha County,Mississippi
28105,65+,6121,28,Oktibbeha County,Mississippi
28107,0-4,2180,28,Panola County,Mississippi
28107,18-49,12672,28,Panola County,Mississippi
28107,5-17,5989,28,Panola County,Mississippi
28107,50-64,6490,28,Panola County,Mississippi
28107,65+,5634,28,Panola County,Mississippi
28109,0-4,3199,28,Pearl River County,Mississippi
28109,18-49,21542,28,Pearl River County,Mississippi
28109,5-17,9748,28,Pearl River County,Mississippi
28109,50-64,11344,28,Pearl River County,Mississippi
28109,65+,10948,28,Pearl River County,Mississippi
28111,0-4,592,28,Perry County,Mississippi
28111,18-49,4420,28,Perry County,Mississippi
28111,5-17,1937,28,Perry County,Mississippi
28111,50-64,2332,28,Perry County,Mississippi
28111,65+,2178,28,Perry County,Mississippi
28113,0-4,2635,28,Pike County,Mississippi
28113,18-49,15358,28,Pike County,Mississippi
28113,5-17,7655,28,Pike County,Mississippi
28113,50-64,7306,28,Pike County,Mississippi
28113,65+,6976,28,Pike County,Mississippi
28115,0-4,2128,28,Pontotoc County,Mississippi
28115,18-49,12367,28,Pontotoc County,Mississippi
28115,5-17,6112,28,Pontotoc County,Mississippi
28115,50-64,5948,28,Pontotoc County,Mississippi
28115,65+,4757,28,Pontotoc County,Mississippi
28117,0-4,1483,28,Prentiss County,Mississippi
28117,18-49,10376,28,Prentiss County,Mississippi
28117,5-17,4089,28,Prentiss County,Mississippi
28117,50-64,4700,28,Prentiss County,Mississippi
28117,65+,4351,28,Prentiss County,Mississippi
28119,0-4,359,28,Quitman County,Mississippi
28119,18-49,2283,28,Quitman County,Mississippi
28119,5-17,1001,28,Quitman County,Mississippi
28119,50-64,1188,28,Quitman County,Mississippi
28119,65+,1077,28,Quitman County,Mississippi
28121,0-4,8655,28,Rankin County,Mississippi
28121,18-49,67183,28,Rankin County,Mississippi
28121,5-17,27086,28,Rankin County,Mississippi
28121,50-64,29459,28,Rankin County,Mississippi
28121,65+,25835,28,Rankin County,Mississippi
28123,0-4,2306,28,Scott County,Mississippi
28123,18-49,10763,28,Scott County,Mississippi
28123,5-17,5461,28,Scott County,Mississippi
28123,50-64,4800,28,Scott County,Mississippi
28123,65+,4424,28,Scott County,Mississippi
28125,0-4,217,28,Sharkey County,Mississippi
28125,18-49,1434,28,Sharkey County,Mississippi
28125,5-17,745,28,Sharkey County,Mississippi
28125,50-64,730,28,Sharkey County,Mississippi
28125,65+,722,28,Sharkey County,Mississippi
28127,0-4,1523,28,Simpson County,Mississippi
28127,18-49,9904,28,Simpson County,Mississippi
28127,5-17,4491,28,Simpson County,Mississippi
28127,50-64,5076,28,Simpson County,Mississippi
28127,65+,4823,28,Simpson County,Mississippi
28129,0-4,895,28,Smith County,Mississippi
28129,18-49,5161,28,Smith County,Mississippi
28129,5-17,2369,28,Smith County,Mississippi
28129,50-64,2823,28,Smith County,Mississippi
28129,65+,2945,28,Smith County,Mississippi
28131,0-4,959,28,Stone County,Mississippi
28131,18-49,7744,28,Stone County,Mississippi
28131,5-17,3025,28,Stone County,Mississippi
28131,50-64,3558,28,Stone County,Mississippi
28131,65+,3229,28,Stone County,Mississippi
28133,0-4,1388,28,Sunflower County,Mississippi
28133,18-49,11627,28,Sunflower County,Mississippi
28133,5-17,3993,28,Sunflower County,Mississippi
28133,50-64,4580,28,Sunflower County,Mississippi
28133,65+,3740,28,Sunflower County,Mississippi
28135,0-4,593,28,Tallahatchie County,Mississippi
28135,18-49,5446,28,Tallahatchie County,Mississippi
28135,5-17,1906,28,Tallahatchie County,Mississippi
28135,50-64,2307,28,Tallahatchie County,Mississippi
28135,65+,2111,28,Tallahatchie County,Mississippi
28137,0-4,1638,28,Tate County,Mississippi
28137,18-49,11665,28,Tate County,Mississippi
28137,5-17,4747,28,Tate County,Mississippi
28137,50-64,5455,28,Tate County,Mississippi
28137,65+,4630,28,Tate County,Mississippi
28139,0-4,1257,28,Tippah County,Mississippi
28139,18-49,8604,28,Tippah County,Mississippi
28139,5-17,3876,28,Tippah County,Mississippi
28139,50-64,4206,28,Tippah County,Mississippi
28139,65+,3678,28,Tippah County,Mississippi
28141,0-4,994,28,Tishomingo County,Mississippi
28141,18-49,6893,28,Tishomingo County,Mississippi
28141,5-17,3042,28,Tishomingo County,Mississippi
28141,50-64,3889,28,Tishomingo County,Mississippi
28141,65+,3920,28,Tishomingo County,Mississippi
28143,0-4,798,28,Tunica County,Mississippi
28143,18-49,3915,28,Tunica County,Mississippi
28143,5-17,1912,28,Tunica County,Mississippi
28143,50-64,1633,28,Tunica County,Mississippi
28143,65+,1328,28,Tunica County,Mississippi
28145,0-4,1814,28,Union County,Mississippi
28145,18-49,11157,28,Union County,Mississippi
28145,5-17,5270,28,Union County,Mississippi
28145,50-64,5155,28,Union County,Mississippi
28145,65+,4613,28,Union County,Mississippi
28147,0-4,781,28,Walthall County,Mississippi
28147,18-49,5238,28,Walthall County,Mississippi
28147,5-17,2352,28,Walthall County,Mississippi
28147,50-64,2673,28,Walthall County,Mississippi
28147,65+,2820,28,Walthall County,Mississippi
28149,0-4,2667,28,Warren County,Mississippi
28149,18-49,16644,28,Warren County,Mississippi
28149,5-17,7737,28,Warren County,Mississippi
28149,50-64,8664,28,Warren County,Mississippi
28149,65+,7911,28,Warren County,Mississippi
28151,0-4,2922,28,Washington County,Mississippi
28151,18-49,16384,28,Washington County,Mississippi
28151,5-17,8204,28,Washington County,Mississippi
28151,50-64,8495,28,Washington County,Mississippi
28151,65+,7669,28,Washington County,Mississippi
28153,0-4,1281,28,Wayne County,Mississippi
28153,18-49,7533,28,Wayne County,Mississippi
28153,5-17,3602,28,Wayne County,Mississippi
28153,50-64,3804,28,Wayne County,Mississippi
28153,65+,3479,28,Wayne County,Mississippi
28155,0-4,622,28,Webster County,Mississippi
28155,18-49,3601,28,Webster County,Mississippi
28155,5-17,1785,28,Webster County,Mississippi
28155,50-64,2071,28,Webster County,Mississippi
28155,65+,1863,28,Webster County,Mississippi
28157,0-4,358,28,Wilkinson County,Mississippi
28157,18-49,3367,28,Wilkinson County,Mississippi
28157,5-17,1370,28,Wilkinson County,Mississippi
28157,50-64,1701,28,Wilkinson County,Mississippi
28157,65+,1580,28,Wilkinson County,Mississippi
28159,0-4,976,28,Winston County,Mississippi
28159,18-49,6527,28,Winston County,Mississippi
28159,5-17,2925,28,Winston County,Mississippi
28159,50-64,3460,28,Winston County,Mississippi
28159,65+,3721,28,Winston County,Mississippi
28161,0-4,776,28,Yalobusha County,Mississippi
28161,18-49,4520,28,Yalobusha County,Mississippi
28161,5-17,1931,28,Yalobusha County,Mississippi
28161,50-64,2546,28,Yalobusha County,Mississippi
28161,65+,2666,28,Yalobusha County,Mississippi
28163,0-4,1477,28,Yazoo County,Mississippi
28163,18-49,12801,28,Yazoo County,Mississippi
28163,5-17,4344,28,Yazoo County,Mississippi
28163,50-64,4452,28,Yazoo County,Mississippi
28163,65+,3763,28,Yazoo County,Mississippi
29001,0-4,1421,29,Adair County,Missouri
29001,18-49,12900,29,Adair County,Missouri
29001,5-17,3277,29,Adair County,Missouri
29001,50-64,3803,29,Adair County,Missouri
29001,65+,3823,29,Adair County,Missouri
29003,0-4,975,29,Andrew County,Missouri
29003,18-49,6571,29,Andrew County,Missouri
29003,5-17,3111,29,Andrew County,Missouri
29003,50-64,3707,29,Andrew County,Missouri
29003,65+,3722,29,Andrew County,Missouri
29005,0-4,235,29,Atchison County,Missouri
29005,18-49,1707,29,Atchison County,Missouri
29005,5-17,854,29,Atchison County,Missouri
29005,50-64,1103,29,Atchison County,Missouri
29005,65+,1317,29,Atchison County,Missouri
29007,0-4,1541,29,Audrain County,Missouri
29007,18-49,9632,29,Audrain County,Missouri
29007,5-17,4080,29,Audrain County,Missouri
29007,50-64,4852,29,Audrain County,Missouri
29007,65+,4583,29,Audrain County,Missouri
29009,0-4,2050,29,Barry County,Missouri
29009,18-49,12168,29,Barry County,Missouri
29009,5-17,5909,29,Barry County,Missouri
29009,50-64,7088,29,Barry County,Missouri
29009,65+,7616,29,Barry County,Missouri
29011,0-4,670,29,Barton County,Missouri
29011,18-49,4188,29,Barton County,Missouri
29011,5-17,2088,29,Barton County,Missouri
29011,50-64,2306,29,Barton County,Missouri
29011,65+,2433,29,Barton County,Missouri
29013,0-4,923,29,Bates County,Missouri
29013,18-49,5894,29,Bates County,Missouri
29013,5-17,2843,29,Bates County,Missouri
29013,50-64,3360,29,Bates County,Missouri
29013,65+,3101,29,Bates County,Missouri
29015,0-4,814,29,Benton County,Missouri
29015,18-49,5464,29,Benton County,Missouri
29015,5-17,2596,29,Benton County,Missouri
29015,50-64,4830,29,Benton County,Missouri
29015,65+,6183,29,Benton County,Missouri
29017,0-4,583,29,Bollinger County,Missouri
29017,18-49,3680,29,Bollinger County,Missouri
29017,5-17,1738,29,Bollinger County,Missouri
29017,50-64,2400,29,Bollinger County,Missouri
29017,65+,2190,29,Bollinger County,Missouri
29019,0-4,10159,29,Boone County,Missouri
29019,18-49,94801,29,Boone County,Missouri
29019,5-17,27613,29,Boone County,Missouri
29019,50-64,28971,29,Boone County,Missouri
29019,65+,24330,29,Boone County,Missouri
29021,0-4,4991,29,Buchanan County,Missouri
29021,18-49,34329,29,Buchanan County,Missouri
29021,5-17,13773,29,Buchanan County,Missouri
29021,50-64,16427,29,Buchanan County,Missouri
29021,65+,14335,29,Buchanan County,Missouri
29023,0-4,2684,29,Butler County,Missouri
29023,18-49,15855,29,Butler County,Missouri
29023,5-17,7123,29,Butler County,Missouri
29023,50-64,8381,29,Butler County,Missouri
29023,65+,8123,29,Butler County,Missouri
29025,0-4,480,29,Caldwell County,Missouri
29025,18-49,3150,29,Caldwell County,Missouri
29025,5-17,1626,29,Caldwell County,Missouri
29025,50-64,1855,29,Caldwell County,Missouri
29025,65+,1779,29,Caldwell County,Missouri
29027,0-4,2427,29,Callaway County,Missouri
29027,18-49,18558,29,Callaway County,Missouri
29027,5-17,6854,29,Callaway County,Missouri
29027,50-64,8969,29,Callaway County,Missouri
29027,65+,7733,29,Callaway County,Missouri
29029,0-4,1938,29,Camden County,Missouri
29029,18-49,12762,29,Camden County,Missouri
29029,5-17,5602,29,Camden County,Missouri
29029,50-64,10558,29,Camden County,Missouri
29029,65+,12556,29,Camden County,Missouri
29031,0-4,4658,29,Cape Girardeau County,Missouri
29031,18-49,35749,29,Cape Girardeau County,Missouri
29031,5-17,12975,29,Cape Girardeau County,Missouri
29031,50-64,14626,29,Cape Girardeau County,Missouri
29031,65+,14172,29,Cape Girardeau County,Missouri
29033,0-4,418,29,Carroll County,Missouri
29033,18-49,3003,29,Carroll County,Missouri
29033,5-17,1450,29,Carroll County,Missouri
29033,50-64,1727,29,Carroll County,Missouri
29033,65+,1861,29,Carroll County,Missouri
29035,0-4,349,29,Carter County,Missouri
29035,18-49,1817,29,Carter County,Missouri
29035,5-17,927,29,Carter County,Missouri
29035,50-64,1115,29,Carter County,Missouri
29035,65+,1061,29,Carter County,Missouri
29037,0-4,6238,29,Cass County,Missouri
29037,18-49,42212,29,Cass County,Missouri
29037,5-17,19699,29,Cass County,Missouri
29037,50-64,22136,29,Cass County,Missouri
29037,65+,19108,29,Cass County,Missouri
29039,0-4,1008,29,Cedar County,Missouri
29039,18-49,4550,29,Cedar County,Missouri
29039,5-17,2487,29,Cedar County,Missouri
29039,50-64,2986,29,Cedar County,Missouri
29039,65+,3409,29,Cedar County,Missouri
29041,0-4,459,29,Chariton County,Missouri
29041,18-49,2339,29,Chariton County,Missouri
29041,5-17,1257,29,Chariton County,Missouri
29041,50-64,1500,29,Chariton County,Missouri
29041,65+,1851,29,Chariton County,Missouri
29043,0-4,5547,29,Christian County,Missouri
29043,18-49,36251,29,Christian County,Missouri
29043,5-17,17512,29,Christian County,Missouri
29043,50-64,17044,29,Christian County,Missouri
29043,65+,14875,29,Christian County,Missouri
29045,0-4,399,29,Clark County,Missouri
29045,18-49,2271,29,Clark County,Missouri
29045,5-17,1187,29,Clark County,Missouri
29045,50-64,1422,29,Clark County,Missouri
29045,65+,1401,29,Clark County,Missouri
29047,0-4,15524,29,Clay County,Missouri
29047,18-49,109373,29,Clay County,Missouri
29047,5-17,45291,29,Clay County,Missouri
29047,50-64,47317,29,Clay County,Missouri
29047,65+,38061,29,Clay County,Missouri
29049,0-4,1150,29,Clinton County,Missouri
29049,18-49,7811,29,Clinton County,Missouri
29049,5-17,3750,29,Clinton County,Missouri
29049,50-64,4632,29,Clinton County,Missouri
29049,65+,3916,29,Clinton County,Missouri
29051,0-4,4460,29,Cole County,Missouri
29051,18-49,31783,29,Cole County,Missouri
29051,5-17,12639,29,Cole County,Missouri
29051,50-64,14549,29,Cole County,Missouri
29051,65+,13493,29,Cole County,Missouri
29053,0-4,1049,29,Cooper County,Missouri
29053,18-49,6495,29,Cooper County,Missouri
29053,5-17,2745,29,Cooper County,Missouri
29053,50-64,3329,29,Cooper County,Missouri
29053,65+,3217,29,Cooper County,Missouri
29055,0-4,1321,29,Crawford County,Missouri
29055,18-49,8170,29,Crawford County,Missouri
29055,5-17,3788,29,Crawford County,Missouri
29055,50-64,4866,29,Crawford County,Missouri
29055,65+,4745,29,Crawford County,Missouri
29057,0-4,379,29,Dade County,Missouri
29057,18-49,2520,29,Dade County,Missouri
29057,5-17,1213,29,Dade County,Missouri
29057,50-64,1650,29,Dade County,Missouri
29057,65+,1865,29,Dade County,Missouri
29059,0-4,1152,29,Dallas County,Missouri
29059,18-49,5992,29,Dallas County,Missouri
29059,5-17,3023,29,Dallas County,Missouri
29059,50-64,3572,29,Dallas County,Missouri
29059,65+,3605,29,Dallas County,Missouri
29061,0-4,575,29,Daviess County,Missouri
29061,18-49,2914,29,Daviess County,Missouri
29061,5-17,1523,29,Daviess County,Missouri
29061,50-64,1644,29,Daviess County,Missouri
29061,65+,1793,29,Daviess County,Missouri
29063,0-4,516,29,DeKalb County,Missouri
29063,18-49,4629,29,DeKalb County,Missouri
29063,5-17,1589,29,DeKalb County,Missouri
29063,50-64,2350,29,DeKalb County,Missouri
29063,65+,2092,29,DeKalb County,Missouri
29065,0-4,824,29,Dent County,Missouri
29065,18-49,4913,29,Dent County,Missouri
29065,5-17,2454,29,Dent County,Missouri
29065,50-64,3156,29,Dent County,Missouri
29065,65+,3159,29,Dent County,Missouri
29067,0-4,645,29,Douglas County,Missouri
29067,18-49,3713,29,Douglas County,Missouri
29067,5-17,2054,29,Douglas County,Missouri
29067,50-64,2481,29,Douglas County,Missouri
29067,65+,2957,29,Douglas County,Missouri
29069,0-4,1854,29,Dunklin County,Missouri
29069,18-49,10198,29,Dunklin County,Missouri
29069,5-17,5334,29,Dunklin County,Missouri
29069,50-64,5271,29,Dunklin County,Missouri
29069,65+,5138,29,Dunklin County,Missouri
29071,0-4,6091,29,Franklin County,Missouri
29071,18-49,38999,29,Franklin County,Missouri
29071,5-17,17677,29,Franklin County,Missouri
29071,50-64,23032,29,Franklin County,Missouri
29071,65+,19517,29,Franklin County,Missouri
29073,0-4,736,29,Gasconade County,Missouri
29073,18-49,5070,29,Gasconade County,Missouri
29073,5-17,2270,29,Gasconade County,Missouri
29073,50-64,3317,29,Gasconade County,Missouri
29073,65+,3381,29,Gasconade County,Missouri
29075,0-4,428,29,Gentry County,Missouri
29075,18-49,2218,29,Gentry County,Missouri
29075,5-17,1142,29,Gentry County,Missouri
29075,50-64,1270,29,Gentry County,Missouri
29075,65+,1166,29,Gentry County,Missouri
29077,0-4,16923,29,Greene County,Missouri
29077,18-49,135463,29,Greene County,Missouri
29077,5-17,46157,29,Greene County,Missouri
29077,50-64,51834,29,Greene County,Missouri
29077,65+,50744,29,Greene County,Missouri
29079,0-4,714,29,Grundy County,Missouri
29079,18-49,3328,29,Grundy County,Missouri
29079,5-17,1800,29,Grundy County,Missouri
29079,50-64,1844,29,Grundy County,Missouri
29079,65+,2136,29,Grundy County,Missouri
29081,0-4,550,29,Harrison County,Missouri
29081,18-49,2722,29,Harrison County,Missouri
29081,5-17,1506,29,Harrison County,Missouri
29081,50-64,1594,29,Harrison County,Missouri
29081,65+,1826,29,Harrison County,Missouri
29083,0-4,1283,29,Henry County,Missouri
29083,18-49,7704,29,Henry County,Missouri
29083,5-17,3674,29,Henry County,Missouri
29083,50-64,4591,29,Henry County,Missouri
29083,65+,4942,29,Henry County,Missouri
29085,0-4,341,29,Hickory County,Missouri
29085,18-49,2208,29,Hickory County,Missouri
29085,5-17,1147,29,Hickory County,Missouri
29085,50-64,2049,29,Hickory County,Missouri
29085,65+,2756,29,Hickory County,Missouri
29087,0-4,219,29,Holt County,Missouri
29087,18-49,1353,29,Holt County,Missouri
29087,5-17,644,29,Holt County,Missouri
29087,50-64,940,29,Holt County,Missouri
29087,65+,1098,29,Holt County,Missouri
29089,0-4,573,29,Howard County,Missouri
29089,18-49,4003,29,Howard County,Missouri
29089,5-17,1665,29,Howard County,Missouri
29089,50-64,1881,29,Howard County,Missouri
29089,65+,2019,29,Howard County,Missouri
29091,0-4,2417,29,Howell County,Missouri
29091,18-49,14685,29,Howell County,Missouri
29091,5-17,7357,29,Howell County,Missouri
29091,50-64,7732,29,Howell County,Missouri
29091,65+,7977,29,Howell County,Missouri
29093,0-4,475,29,Iron County,Missouri
29093,18-49,3264,29,Iron County,Missouri
29093,5-17,1527,29,Iron County,Missouri
29093,50-64,2093,29,Iron County,Missouri
29093,65+,2123,29,Iron County,Missouri
29095,0-4,44687,29,Jackson County,Missouri
29095,18-49,305597,29,Jackson County,Missouri
29095,5-17,123705,29,Jackson County,Missouri
29095,50-64,131641,29,Jackson County,Missouri
29095,65+,111391,29,Jackson County,Missouri
29097,0-4,7983,29,Jasper County,Missouri
29097,18-49,51672,29,Jasper County,Missouri
29097,5-17,22670,29,Jasper County,Missouri
29097,50-64,21637,29,Jasper County,Missouri
29097,65+,19570,29,Jasper County,Missouri
29099,0-4,12861,29,Jefferson County,Missouri
29099,18-49,90523,29,Jefferson County,Missouri
29099,5-17,39135,29,Jefferson County,Missouri
29099,50-64,48938,29,Jefferson County,Missouri
29099,65+,36770,29,Jefferson County,Missouri
29101,0-4,3444,29,Johnson County,Missouri
29101,18-49,26751,29,Johnson County,Missouri
29101,5-17,8544,29,Johnson County,Missouri
29101,50-64,8579,29,Johnson County,Missouri
29101,65+,7013,29,Johnson County,Missouri
29103,0-4,301,29,Knox County,Missouri
29103,18-49,1265,29,Knox County,Missouri
29103,5-17,628,29,Knox County,Missouri
29103,50-64,776,29,Knox County,Missouri
29103,65+,790,29,Knox County,Missouri
29105,0-4,2386,29,Laclede County,Missouri
29105,18-49,13413,29,Laclede County,Missouri
29105,5-17,6603,29,Laclede County,Missouri
29105,50-64,7333,29,Laclede County,Missouri
29105,65+,6510,29,Laclede County,Missouri
29107,0-4,1814,29,Lafayette County,Missouri
29107,18-49,12271,29,Lafayette County,Missouri
29107,5-17,5789,29,Lafayette County,Missouri
29107,50-64,6860,29,Lafayette County,Missouri
29107,65+,6240,29,Lafayette County,Missouri
29109,0-4,2523,29,Lawrence County,Missouri
29109,18-49,14380,29,Lawrence County,Missouri
29109,5-17,7251,29,Lawrence County,Missouri
29109,50-64,7292,29,Lawrence County,Missouri
29109,65+,6946,29,Lawrence County,Missouri
29111,0-4,500,29,Lewis County,Missouri
29111,18-49,4008,29,Lewis County,Missouri
29111,5-17,1634,29,Lewis County,Missouri
29111,50-64,1926,29,Lewis County,Missouri
29111,65+,1877,29,Lewis County,Missouri
29113,0-4,4165,29,Lincoln County,Missouri
29113,18-49,24816,29,Lincoln County,Missouri
29113,5-17,11407,29,Lincoln County,Missouri
29113,50-64,12433,29,Lincoln County,Missouri
29113,65+,8815,29,Lincoln County,Missouri
29115,0-4,651,29,Linn County,Missouri
29115,18-49,4142,29,Linn County,Missouri
29115,5-17,2159,29,Linn County,Missouri
29115,50-64,2383,29,Linn County,Missouri
29115,65+,2515,29,Linn County,Missouri
29117,0-4,766,29,Livingston County,Missouri
29117,18-49,5767,29,Livingston County,Missouri
29117,5-17,2383,29,Livingston County,Missouri
29117,50-64,2556,29,Livingston County,Missouri
29117,65+,2858,29,Livingston County,Missouri
29119,0-4,1523,29,McDonald County,Missouri
29119,18-49,8961,29,McDonald County,Missouri
29119,5-17,4490,29,McDonald County,Missouri
29119,50-64,4812,29,McDonald County,Missouri
29119,65+,3706,29,McDonald County,Missouri
29121,0-4,800,29,Macon County,Missouri
29121,18-49,5257,29,Macon County,Missouri
29121,5-17,2765,29,Macon County,Missouri
29121,50-64,3018,29,Macon County,Missouri
29121,65+,3323,29,Macon County,Missouri
29123,0-4,629,29,Madison County,Missouri
29123,18-49,4656,29,Madison County,Missouri
29123,5-17,2346,29,Madison County,Missouri
29123,50-64,2628,29,Madison County,Missouri
29123,65+,2406,29,Madison County,Missouri
29125,0-4,407,29,Maries County,Missouri
29125,18-49,2953,29,Maries County,Missouri
29125,5-17,1308,29,Maries County,Missouri
29125,50-64,1892,29,Maries County,Missouri
29125,65+,1875,29,Maries County,Missouri
29127,0-4,1967,29,Marion County,Missouri
29127,18-49,10930,29,Marion County,Missouri
29127,5-17,4774,29,Marion County,Missouri
29127,50-64,5502,29,Marion County,Missouri
29127,65+,5320,29,Marion County,Missouri
29129,0-4,250,29,Mercer County,Missouri
29129,18-49,1176,29,Mercer County,Missouri
29129,5-17,593,29,Mercer County,Missouri
29129,50-64,722,29,Mercer County,Missouri
29129,65+,760,29,Mercer County,Missouri
29131,0-4,1497,29,Miller County,Missouri
29131,18-49,9208,29,Miller County,Missouri
29131,5-17,4398,29,Miller County,Missouri
29131,50-64,5092,29,Miller County,Missouri
29131,65+,4886,29,Miller County,Missouri
29133,0-4,622,29,Mississippi County,Missouri
29133,18-49,4622,29,Mississippi County,Missouri
29133,5-17,2071,29,Mississippi County,Missouri
29133,50-64,2551,29,Mississippi County,Missouri
29133,65+,2213,29,Mississippi County,Missouri
29135,0-4,976,29,Moniteau County,Missouri
29135,18-49,6092,29,Moniteau County,Missouri
29135,5-17,2854,29,Moniteau County,Missouri
29135,50-64,2874,29,Moniteau County,Missouri
29135,65+,2507,29,Moniteau County,Missouri
29137,0-4,462,29,Monroe County,Missouri
29137,18-49,2787,29,Monroe County,Missouri
29137,5-17,1445,29,Monroe County,Missouri
29137,50-64,1838,29,Monroe County,Missouri
29137,65+,2140,29,Monroe County,Missouri
29139,0-4,663,29,Montgomery County,Missouri
29139,18-49,3958,29,Montgomery County,Missouri
29139,5-17,1915,29,Montgomery County,Missouri
29139,50-64,2554,29,Montgomery County,Missouri
29139,65+,2332,29,Montgomery County,Missouri
29141,0-4,1401,29,Morgan County,Missouri
29141,18-49,6727,29,Morgan County,Missouri
29141,5-17,3533,29,Morgan County,Missouri
29141,50-64,4712,29,Morgan County,Missouri
29141,65+,5057,29,Morgan County,Missouri
29143,0-4,998,29,New Madrid County,Missouri
29143,18-49,5778,29,New Madrid County,Missouri
29143,5-17,2808,29,New Madrid County,Missouri
29143,50-64,3320,29,New Madrid County,Missouri
29143,65+,3137,29,New Madrid County,Missouri
29145,0-4,3543,29,Newton County,Missouri
29145,18-49,22313,29,Newton County,Missouri
29145,5-17,10675,29,Newton County,Missouri
29145,50-64,11858,29,Newton County,Missouri
29145,65+,11101,29,Newton County,Missouri
29147,0-4,1044,29,Nodaway County,Missouri
29147,18-49,10299,29,Nodaway County,Missouri
29147,5-17,2516,29,Nodaway County,Missouri
29147,50-64,3468,29,Nodaway County,Missouri
29147,65+,3632,29,Nodaway County,Missouri
29149,0-4,503,29,Oregon County,Missouri
29149,18-49,2829,29,Oregon County,Missouri
29149,5-17,1509,29,Oregon County,Missouri
29149,50-64,1876,29,Oregon County,Missouri
29149,65+,1987,29,Oregon County,Missouri
29151,0-4,729,29,Osage County,Missouri
29151,18-49,5065,29,Osage County,Missouri
29151,5-17,2364,29,Osage County,Missouri
29151,50-64,2845,29,Osage County,Missouri
29151,65+,2376,29,Osage County,Missouri
29153,0-4,359,29,Ozark County,Missouri
29153,18-49,2575,29,Ozark County,Missouri
29153,5-17,1285,29,Ozark County,Missouri
29153,50-64,2014,29,Ozark County,Missouri
29153,65+,2540,29,Ozark County,Missouri
29155,0-4,1058,29,Pemiscot County,Missouri
29155,18-49,5654,29,Pemiscot County,Missouri
29155,5-17,2908,29,Pemiscot County,Missouri
29155,50-64,2905,29,Pemiscot County,Missouri
29155,65+,2707,29,Pemiscot County,Missouri
29157,0-4,1023,29,Perry County,Missouri
29157,18-49,7108,29,Perry County,Missouri
29157,5-17,3311,29,Perry County,Missouri
29157,50-64,3845,29,Perry County,Missouri
29157,65+,3660,29,Perry County,Missouri
29159,0-4,2992,29,Pettis County,Missouri
29159,18-49,16817,29,Pettis County,Missouri
29159,5-17,7886,29,Pettis County,Missouri
29159,50-64,8103,29,Pettis County,Missouri
29159,65+,7407,29,Pettis County,Missouri
29161,0-4,2393,29,Phelps County,Missouri
29161,18-49,19825,29,Phelps County,Missouri
29161,5-17,7129,29,Phelps County,Missouri
29161,50-64,8050,29,Phelps County,Missouri
29161,65+,7551,29,Phelps County,Missouri
29163,0-4,1010,29,Pike County,Missouri
29163,18-49,6848,29,Pike County,Missouri
29163,5-17,3046,29,Pike County,Missouri
29163,50-64,3400,29,Pike County,Missouri
29163,65+,3319,29,Pike County,Missouri
29165,0-4,6255,29,Platte County,Missouri
29165,18-49,45420,29,Platte County,Missouri
29165,5-17,19179,29,Platte County,Missouri
29165,50-64,20806,29,Platte County,Missouri
29165,65+,17091,29,Platte County,Missouri
29167,0-4,2005,29,Polk County,Missouri
29167,18-49,12627,29,Polk County,Missouri
29167,5-17,5536,29,Polk County,Missouri
29167,50-64,6126,29,Polk County,Missouri
29167,65+,5815,29,Polk County,Missouri
29169,0-4,3615,29,Pulaski County,Missouri
29169,18-49,30287,29,Pulaski County,Missouri
29169,5-17,8189,29,Pulaski County,Missouri
29169,50-64,6590,29,Pulaski County,Missouri
29169,65+,5169,29,Pulaski County,Missouri
29171,0-4,291,29,Putnam County,Missouri
29171,18-49,1567,29,Putnam County,Missouri
29171,5-17,754,29,Putnam County,Missouri
29171,50-64,890,29,Putnam County,Missouri
29171,65+,1173,29,Putnam County,Missouri
29173,0-4,541,29,Ralls County,Missouri
29173,18-49,3540,29,Ralls County,Missouri
29173,5-17,1635,29,Ralls County,Missouri
29173,50-64,2306,29,Ralls County,Missouri
29173,65+,2372,29,Ralls County,Missouri
29175,0-4,1427,29,Randolph County,Missouri
29175,18-49,10085,29,Randolph County,Missouri
29175,5-17,3981,29,Randolph County,Missouri
29175,50-64,4834,29,Randolph County,Missouri
29175,65+,4197,29,Randolph County,Missouri
29177,0-4,1280,29,Ray County,Missouri
29177,18-49,8390,29,Ray County,Missouri
29177,5-17,4000,29,Ray County,Missouri
29177,50-64,5136,29,Ray County,Missouri
29177,65+,4343,29,Ray County,Missouri
29179,0-4,278,29,Reynolds County,Missouri
29179,18-49,2087,29,Reynolds County,Missouri
29179,5-17,878,29,Reynolds County,Missouri
29179,50-64,1402,29,Reynolds County,Missouri
29179,65+,1413,29,Reynolds County,Missouri
29181,0-4,703,29,Ripley County,Missouri
29181,18-49,3846,29,Ripley County,Missouri
29181,5-17,1817,29,Ripley County,Missouri
29181,50-64,2221,29,Ripley County,Missouri
29181,65+,2168,29,Ripley County,Missouri
29183,0-4,22538,29,St. Charles County,Missouri
29183,18-49,167318,29,St. Charles County,Missouri
29183,5-17,71004,29,St. Charles County,Missouri
29183,50-64,81581,29,St. Charles County,Missouri
29183,65+,67389,29,St. Charles County,Missouri
29185,0-4,507,29,St. Clair County,Missouri
29185,18-49,2981,29,St. Clair County,Missouri
29185,5-17,1474,29,St. Clair County,Missouri
29185,50-64,2050,29,St. Clair County,Missouri
29185,65+,2439,29,St. Clair County,Missouri
29186,0-4,1042,29,Ste. Genevieve County,Missouri
29186,18-49,6574,29,Ste. Genevieve County,Missouri
29186,5-17,2969,29,Ste. Genevieve County,Missouri
29186,50-64,4100,29,Ste. Genevieve County,Missouri
29186,65+,3866,29,Ste. Genevieve County,Missouri
29187,0-4,3456,29,St. Francois County,Missouri
29187,18-49,28489,29,St. Francois County,Missouri
29187,5-17,10631,29,St. Francois County,Missouri
29187,50-64,12984,29,St. Francois County,Missouri
29187,65+,11304,29,St. Francois County,Missouri
29189,0-4,56721,29,St. Louis County,Missouri
29189,18-49,394122,29,St. Louis County,Missouri
29189,5-17,163750,29,St. Louis County,Missouri
29189,50-64,195875,29,St. Louis County,Missouri
29189,65+,186150,29,St. Louis County,Missouri
29195,0-4,1290,29,Saline County,Missouri
29195,18-49,9968,29,Saline County,Missouri
29195,5-17,3782,29,Saline County,Missouri
29195,50-64,4098,29,Saline County,Missouri
29195,65+,4039,29,Saline County,Missouri
29197,0-4,323,29,Schuyler County,Missouri
29197,18-49,1388,29,Schuyler County,Missouri
29197,5-17,795,29,Schuyler County,Missouri
29197,50-64,775,29,Schuyler County,Missouri
29197,65+,763,29,Schuyler County,Missouri
29199,0-4,363,29,Scotland County,Missouri
29199,18-49,1598,29,Scotland County,Missouri
29199,5-17,1038,29,Scotland County,Missouri
29199,50-64,807,29,Scotland County,Missouri
29199,65+,892,29,Scotland County,Missouri
29201,0-4,2441,29,Scott County,Missouri
29201,18-49,14454,29,Scott County,Missouri
29201,5-17,6737,29,Scott County,Missouri
29201,50-64,7340,29,Scott County,Missouri
29201,65+,6995,29,Scott County,Missouri
29203,0-4,413,29,Shannon County,Missouri
29203,18-49,2338,29,Shannon County,Missouri
29203,5-17,1174,29,Shannon County,Missouri
29203,50-64,1602,29,Shannon County,Missouri
29203,65+,1610,29,Shannon County,Missouri
29205,0-4,383,29,Shelby County,Missouri
29205,18-49,2079,29,Shelby County,Missouri
29205,5-17,1046,29,Shelby County,Missouri
29205,50-64,1200,29,Shelby County,Missouri
29205,65+,1303,29,Shelby County,Missouri
29207,0-4,1715,29,Stoddard County,Missouri
29207,18-49,10579,29,Stoddard County,Missouri
29207,5-17,4656,29,Stoddard County,Missouri
29207,50-64,5780,29,Stoddard County,Missouri
29207,65+,5817,29,Stoddard County,Missouri
29209,0-4,1292,29,Stone County,Missouri
29209,18-49,8963,29,Stone County,Missouri
29209,5-17,4044,29,Stone County,Missouri
29209,50-64,7471,29,Stone County,Missouri
29209,65+,9927,29,Stone County,Missouri
29211,0-4,357,29,Sullivan County,Missouri
29211,18-49,2126,29,Sullivan County,Missouri
29211,5-17,943,29,Sullivan County,Missouri
29211,50-64,1264,29,Sullivan County,Missouri
29211,65+,1213,29,Sullivan County,Missouri
29213,0-4,2858,29,Taney County,Missouri
29213,18-49,21238,29,Taney County,Missouri
29213,5-17,8964,29,Taney County,Missouri
29213,50-64,10745,29,Taney County,Missouri
29213,65+,12577,29,Taney County,Missouri
29215,0-4,1387,29,Texas County,Missouri
29215,18-49,9055,29,Texas County,Missouri
29215,5-17,4011,29,Texas County,Missouri
29215,50-64,5299,29,Texas County,Missouri
29215,65+,5204,29,Texas County,Missouri
29217,0-4,1166,29,Vernon County,Missouri
29217,18-49,7023,29,Vernon County,Missouri
29217,5-17,3540,29,Vernon County,Missouri
29217,50-64,3963,29,Vernon County,Missouri
29217,65+,4021,29,Vernon County,Missouri
29219,0-4,2017,29,Warren County,Missouri
29219,18-49,13698,29,Warren County,Missouri
29219,5-17,6543,29,Warren County,Missouri
29219,50-64,7688,29,Warren County,Missouri
29219,65+,6521,29,Warren County,Missouri
29221,0-4,1299,29,Washington County,Missouri
29221,18-49,8840,29,Washington County,Missouri
29221,5-17,4181,29,Washington County,Missouri
29221,50-64,5066,29,Washington County,Missouri
29221,65+,4097,29,Washington County,Missouri
29223,0-4,486,29,Wayne County,Missouri
29223,18-49,3509,29,Wayne County,Missouri
29223,5-17,1730,29,Wayne County,Missouri
29223,50-64,2556,29,Wayne County,Missouri
29223,65+,2661,29,Wayne County,Missouri
29225,0-4,2844,29,Webster County,Missouri
29225,18-49,15128,29,Webster County,Missouri
29225,5-17,8101,29,Webster County,Missouri
29225,50-64,7546,29,Webster County,Missouri
29225,65+,6249,29,Webster County,Missouri
29227,0-4,107,29,Worth County,Missouri
29227,18-49,603,29,Worth County,Missouri
29227,5-17,299,29,Worth County,Missouri
29227,50-64,446,29,Worth County,Missouri
29227,65+,501,29,Worth County,Missouri
29229,0-4,1290,29,Wright County,Missouri
29229,18-49,6447,29,Wright County,Missouri
29229,5-17,3608,29,Wright County,Missouri
29229,50-64,3674,29,Wright County,Missouri
29229,65+,3703,29,Wright County,Missouri
29510,0-4,17129,29,St. Louis city,Missouri
29510,18-49,141714,29,St. Louis city,Missouri
29510,5-17,37280,29,St. Louis city,Missouri
29510,50-64,53364,29,St. Louis city,Missouri
29510,65+,43622,29,St. Louis city,Missouri
30001,0-4,477,30,Beaverhead County,Montana
30001,18-49,3813,30,Beaverhead County,Montana
30001,5-17,1190,30,Beaverhead County,Montana
30001,50-64,1837,30,Beaverhead County,Montana
30001,65+,2273,30,Beaverhead County,Montana
30003,0-4,904,30,Big Horn County,Montana
30003,18-49,4819,30,Big Horn County,Montana
30003,5-17,3292,30,Big Horn County,Montana
30003,50-64,2175,30,Big Horn County,Montana
30003,65+,1773,30,Big Horn County,Montana
30005,0-4,530,30,Blaine County,Montana
30005,18-49,2640,30,Blaine County,Montana
30005,5-17,1527,30,Blaine County,Montana
30005,50-64,1153,30,Blaine County,Montana
30005,65+,1147,30,Blaine County,Montana
30007,0-4,361,30,Broadwater County,Montana
30007,18-49,2528,30,Broadwater County,Montana
30007,5-17,1035,30,Broadwater County,Montana
30007,50-64,1664,30,Broadwater County,Montana
30007,65+,1722,30,Broadwater County,Montana
30009,0-4,399,30,Carbon County,Montana
30009,18-49,3500,30,Carbon County,Montana
30009,5-17,1493,30,Carbon County,Montana
30009,50-64,2525,30,Carbon County,Montana
30009,65+,2960,30,Carbon County,Montana
30011,0-4,90,30,Carter County,Montana
30011,18-49,331,30,Carter County,Montana
30011,5-17,149,30,Carter County,Montana
30011,50-64,381,30,Carter County,Montana
30011,65+,410,30,Carter County,Montana
30013,0-4,5022,30,Cascade County,Montana
30013,18-49,33970,30,Cascade County,Montana
30013,5-17,13978,30,Cascade County,Montana
30013,50-64,15277,30,Cascade County,Montana
30013,65+,16354,30,Cascade County,Montana
30015,0-4,374,30,Chouteau County,Montana
30015,18-49,2071,30,Chouteau County,Montana
30015,5-17,993,30,Chouteau County,Montana
30015,50-64,1127,30,Chouteau County,Montana
30015,65+,1323,30,Chouteau County,Montana
30017,0-4,598,30,Custer County,Montana
30017,18-49,4651,30,Custer County,Montana
30017,5-17,1783,30,Custer County,Montana
30017,50-64,2472,30,Custer County,Montana
30017,65+,2434,30,Custer County,Montana
30019,0-4,36,30,Daniels County,Montana
30019,18-49,473,30,Daniels County,Montana
30019,5-17,271,30,Daniels County,Montana
30019,50-64,303,30,Daniels County,Montana
30019,65+,441,30,Daniels County,Montana
30021,0-4,452,30,Dawson County,Montana
30021,18-49,3364,30,Dawson County,Montana
30021,5-17,1418,30,Dawson County,Montana
30021,50-64,1807,30,Dawson County,Montana
30021,65+,1833,30,Dawson County,Montana
30023,0-4,337,30,Deer Lodge County,Montana
30023,18-49,3623,30,Deer Lodge County,Montana
30023,5-17,847,30,Deer Lodge County,Montana
30023,50-64,2283,30,Deer Lodge County,Montana
30023,65+,2422,30,Deer Lodge County,Montana
30025,0-4,196,30,Fallon County,Montana
30025,18-49,1108,30,Fallon County,Montana
30025,5-17,518,30,Fallon County,Montana
30025,50-64,425,30,Fallon County,Montana
30025,65+,570,30,Fallon County,Montana
30027,0-4,614,30,Fergus County,Montana
30027,18-49,3964,30,Fergus County,Montana
30027,5-17,1789,30,Fergus County,Montana
30027,50-64,2357,30,Fergus County,Montana
30027,65+,2857,30,Fergus County,Montana
30029,0-4,5806,30,Flathead County,Montana
30029,18-49,41003,30,Flathead County,Montana
30029,5-17,17791,30,Flathead County,Montana
30029,50-64,21326,30,Flathead County,Montana
30029,65+,22519,30,Flathead County,Montana
30031,0-4,5861,30,Gallatin County,Montana
30031,18-49,63772,30,Gallatin County,Montana
30031,5-17,17638,30,Gallatin County,Montana
30031,50-64,18693,30,Gallatin County,Montana
30031,65+,16230,30,Gallatin County,Montana
30033,0-4,73,30,Garfield County,Montana
30033,18-49,293,30,Garfield County,Montana
30033,5-17,148,30,Garfield County,Montana
30033,50-64,165,30,Garfield County,Montana
30033,65+,259,30,Garfield County,Montana
30035,0-4,1045,30,Glacier County,Montana
30035,18-49,5499,30,Glacier County,Montana
30035,5-17,3031,30,Glacier County,Montana
30035,50-64,2376,30,Glacier County,Montana
30035,65+,1762,30,Glacier County,Montana
30037,0-4,40,30,Golden Valley County,Montana
30037,18-49,250,30,Golden Valley County,Montana
30037,5-17,82,30,Golden Valley County,Montana
30037,50-64,231,30,Golden Valley County,Montana
30037,65+,237,30,Golden Valley County,Montana
30039,0-4,154,30,Granite County,Montana
30039,18-49,1074,30,Granite County,Montana
30039,5-17,363,30,Granite County,Montana
30039,50-64,771,30,Granite County,Montana
30039,65+,1057,30,Granite County,Montana
30041,0-4,1401,30,Hill County,Montana
30041,18-49,6283,30,Hill County,Montana
30041,5-17,3217,30,Hill County,Montana
30041,50-64,2767,30,Hill County,Montana
30041,65+,2592,30,Hill County,Montana
30043,0-4,551,30,Jefferson County,Montana
30043,18-49,4211,30,Jefferson County,Montana
30043,5-17,1975,30,Jefferson County,Montana
30043,50-64,2916,30,Jefferson County,Montana
30043,65+,2848,30,Jefferson County,Montana
30045,0-4,83,30,Judith Basin County,Montana
30045,18-49,561,30,Judith Basin County,Montana
30045,5-17,373,30,Judith Basin County,Montana
30045,50-64,454,30,Judith Basin County,Montana
30045,65+,582,30,Judith Basin County,Montana
30047,0-4,1633,30,Lake County,Montana
30047,18-49,10894,30,Lake County,Montana
30047,5-17,5604,30,Lake County,Montana
30047,50-64,6378,30,Lake County,Montana
30047,65+,7564,30,Lake County,Montana
30049,0-4,3941,30,Lewis and Clark County,Montana
30049,18-49,27948,30,Lewis and Clark County,Montana
30049,5-17,11601,30,Lewis and Clark County,Montana
30049,50-64,14638,30,Lewis and Clark County,Montana
30049,65+,14452,30,Lewis and Clark County,Montana
30051,0-4,165,30,Liberty County,Montana
30051,18-49,682,30,Liberty County,Montana
30051,5-17,415,30,Liberty County,Montana
30051,50-64,300,30,Liberty County,Montana
30051,65+,406,30,Liberty County,Montana
30053,0-4,909,30,Lincoln County,Montana
30053,18-49,5974,30,Lincoln County,Montana
30053,5-17,2816,30,Lincoln County,Montana
30053,50-64,4818,30,Lincoln County,Montana
30053,65+,6139,30,Lincoln County,Montana
30055,0-4,100,30,McCone County,Montana
30055,18-49,510,30,McCone County,Montana
30055,5-17,244,30,McCone County,Montana
30055,50-64,442,30,McCone County,Montana
30055,65+,522,30,McCone County,Montana
30057,0-4,342,30,Madison County,Montana
30057,18-49,2772,30,Madison County,Montana
30057,5-17,1067,30,Madison County,Montana
30057,50-64,2052,30,Madison County,Montana
30057,65+,2742,30,Madison County,Montana
30059,0-4,57,30,Meagher County,Montana
30059,18-49,546,30,Meagher County,Montana
30059,5-17,180,30,Meagher County,Montana
30059,50-64,514,30,Meagher County,Montana
30059,65+,682,30,Meagher County,Montana
30061,0-4,312,30,Mineral County,Montana
30061,18-49,1387,30,Mineral County,Montana
30061,5-17,687,30,Mineral County,Montana
30061,50-64,1063,30,Mineral County,Montana
30061,65+,1347,30,Mineral County,Montana
30063,0-4,5526,30,Missoula County,Montana
30063,18-49,57423,30,Missoula County,Montana
30063,5-17,16546,30,Missoula County,Montana
30063,50-64,20252,30,Missoula County,Montana
30063,65+,19892,30,Missoula County,Montana
30065,0-4,210,30,Musselshell County,Montana
30065,18-49,1495,30,Musselshell County,Montana
30065,5-17,781,30,Musselshell County,Montana
30065,50-64,1124,30,Musselshell County,Montana
30065,65+,1458,30,Musselshell County,Montana
30067,0-4,819,30,Park County,Montana
30067,18-49,6465,30,Park County,Montana
30067,5-17,2150,30,Park County,Montana
30067,50-64,3821,30,Park County,Montana
30067,65+,4229,30,Park County,Montana
30069,0-4,16,30,Petroleum County,Montana
30069,18-49,128,30,Petroleum County,Montana
30069,5-17,37,30,Petroleum County,Montana
30069,50-64,108,30,Petroleum County,Montana
30069,65+,112,30,Petroleum County,Montana
30071,0-4,264,30,Phillips County,Montana
30071,18-49,1367,30,Phillips County,Montana
30071,5-17,727,30,Phillips County,Montana
30071,50-64,866,30,Phillips County,Montana
30071,65+,1000,30,Phillips County,Montana
30073,0-4,388,30,Pondera County,Montana
30073,18-49,2084,30,Pondera County,Montana
30073,5-17,1024,30,Pondera County,Montana
30073,50-64,1219,30,Pondera County,Montana
30073,65+,1297,30,Pondera County,Montana
30075,0-4,92,30,Powder River County,Montana
30075,18-49,573,30,Powder River County,Montana
30075,5-17,233,30,Powder River County,Montana
30075,50-64,307,30,Powder River County,Montana
30075,65+,557,30,Powder River County,Montana
30077,0-4,242,30,Powell County,Montana
30077,18-49,2966,30,Powell County,Montana
30077,5-17,789,30,Powell County,Montana
30077,50-64,1562,30,Powell County,Montana
30077,65+,1470,30,Powell County,Montana
30079,0-4,51,30,Prairie County,Montana
30079,18-49,413,30,Prairie County,Montana
30079,5-17,219,30,Prairie County,Montana
30079,50-64,144,30,Prairie County,Montana
30079,65+,424,30,Prairie County,Montana
30081,0-4,1962,30,Ravalli County,Montana
30081,18-49,14796,30,Ravalli County,Montana
30081,5-17,6639,30,Ravalli County,Montana
30081,50-64,10286,30,Ravalli County,Montana
30081,65+,12124,30,Ravalli County,Montana
30083,0-4,665,30,Richland County,Montana
30083,18-49,4452,30,Richland County,Montana
30083,5-17,2199,30,Richland County,Montana
30083,50-64,2069,30,Richland County,Montana
30083,65+,1944,30,Richland County,Montana
30085,0-4,900,30,Roosevelt County,Montana
30085,18-49,4168,30,Roosevelt County,Montana
30085,5-17,2657,30,Roosevelt County,Montana
30085,50-64,1672,30,Roosevelt County,Montana
30085,65+,1268,30,Roosevelt County,Montana
30087,0-4,621,30,Rosebud County,Montana
30087,18-49,2932,30,Rosebud County,Montana
30087,5-17,1763,30,Rosebud County,Montana
30087,50-64,1543,30,Rosebud County,Montana
30087,65+,1377,30,Rosebud County,Montana
30089,0-4,495,30,Sanders County,Montana
30089,18-49,3592,30,Sanders County,Montana
30089,5-17,1738,30,Sanders County,Montana
30089,50-64,2926,30,Sanders County,Montana
30089,65+,4185,30,Sanders County,Montana
30091,0-4,275,30,Sheridan County,Montana
30091,18-49,1257,30,Sheridan County,Montana
30091,5-17,517,30,Sheridan County,Montana
30091,50-64,789,30,Sheridan County,Montana
30091,65+,839,30,Sheridan County,Montana
30093,0-4,1993,30,Silver Bow County,Montana
30093,18-49,14587,30,Silver Bow County,Montana
30093,5-17,5341,30,Silver Bow County,Montana
30093,50-64,6819,30,Silver Bow County,Montana
30093,65+,6849,30,Silver Bow County,Montana
30095,0-4,376,30,Stillwater County,Montana
30095,18-49,2918,30,Stillwater County,Montana
30095,5-17,1532,30,Stillwater County,Montana
30095,50-64,1967,30,Stillwater County,Montana
30095,65+,2259,30,Stillwater County,Montana
30097,0-4,197,30,Sweet Grass County,Montana
30097,18-49,1299,30,Sweet Grass County,Montana
30097,5-17,560,30,Sweet Grass County,Montana
30097,50-64,788,30,Sweet Grass County,Montana
30097,65+,869,30,Sweet Grass County,Montana
30099,0-4,410,30,Teton County,Montana
30099,18-49,2017,30,Teton County,Montana
30099,5-17,1164,30,Teton County,Montana
30099,50-64,1242,30,Teton County,Montana
30099,65+,1458,30,Teton County,Montana
30101,0-4,296,30,Toole County,Montana
30101,18-49,2177,30,Toole County,Montana
30101,5-17,719,30,Toole County,Montana
30101,50-64,959,30,Toole County,Montana
30101,65+,877,30,Toole County,Montana
30103,0-4,28,30,Treasure County,Montana
30103,18-49,239,30,Treasure County,Montana
30103,5-17,92,30,Treasure County,Montana
30103,50-64,230,30,Treasure County,Montana
30103,65+,172,30,Treasure County,Montana
30105,0-4,417,30,Valley County,Montana
30105,18-49,2556,30,Valley County,Montana
30105,5-17,1282,30,Valley County,Montana
30105,50-64,1452,30,Valley County,Montana
30105,65+,1833,30,Valley County,Montana
30107,0-4,61,30,Wheatland County,Montana
30107,18-49,648,30,Wheatland County,Montana
30107,5-17,387,30,Wheatland County,Montana
30107,50-64,361,30,Wheatland County,Montana
30107,65+,592,30,Wheatland County,Montana
30109,0-4,57,30,Wibaux County,Montana
30109,18-49,300,30,Wibaux County,Montana
30109,5-17,265,30,Wibaux County,Montana
30109,50-64,254,30,Wibaux County,Montana
30109,65+,272,30,Wibaux County,Montana
30111,0-4,9608,30,Yellowstone County,Montana
30111,18-49,68065,30,Yellowstone County,Montana
30111,5-17,29234,30,Yellowstone County,Montana
30111,50-64,30584,30,Yellowstone County,Montana
30111,65+,29849,30,Yellowstone County,Montana
31001,0-4,2006,31,Adams County,Nebraska
31001,18-49,11953,31,Adams County,Nebraska
31001,5-17,5467,31,Adams County,Nebraska
31001,50-64,5877,31,Adams County,Nebraska
31001,65+,5731,31,Adams County,Nebraska
31003,0-4,417,31,Antelope County,Nebraska
31003,18-49,2041,31,Antelope County,Nebraska
31003,5-17,1125,31,Antelope County,Nebraska
31003,50-64,1207,31,Antelope County,Nebraska
31003,65+,1512,31,Antelope County,Nebraska
31005,0-4,34,31,Arthur County,Nebraska
31005,18-49,151,31,Arthur County,Nebraska
31005,5-17,154,31,Arthur County,Nebraska
31005,50-64,97,31,Arthur County,Nebraska
31005,65+,104,31,Arthur County,Nebraska
31007,0-4,44,31,Banner County,Nebraska
31007,18-49,163,31,Banner County,Nebraska
31007,5-17,77,31,Banner County,Nebraska
31007,50-64,184,31,Banner County,Nebraska
31007,65+,189,31,Banner County,Nebraska
31009,0-4,22,31,Blaine County,Nebraska
31009,18-49,73,31,Blaine County,Nebraska
31009,5-17,53,31,Blaine County,Nebraska
31009,50-64,106,31,Blaine County,Nebraska
31009,65+,131,31,Blaine County,Nebraska
31011,0-4,314,31,Boone County,Nebraska
31011,18-49,1679,31,Boone County,Nebraska
31011,5-17,979,31,Boone County,Nebraska
31011,50-64,1132,31,Boone County,Nebraska
31011,65+,1262,31,Boone County,Nebraska
31013,0-4,561,31,Box Butte County,Nebraska
31013,18-49,3818,31,Box Butte County,Nebraska
31013,5-17,2144,31,Box Butte County,Nebraska
31013,50-64,2057,31,Box Butte County,Nebraska
31013,65+,2174,31,Box Butte County,Nebraska
31015,0-4,68,31,Boyd County,Nebraska
31015,18-49,479,31,Boyd County,Nebraska
31015,5-17,254,31,Boyd County,Nebraska
31015,50-64,327,31,Boyd County,Nebraska
31015,65+,576,31,Boyd County,Nebraska
31017,0-4,173,31,Brown County,Nebraska
31017,18-49,901,31,Brown County,Nebraska
31017,5-17,395,31,Brown County,Nebraska
31017,50-64,525,31,Brown County,Nebraska
31017,65+,745,31,Brown County,Nebraska
31019,0-4,3039,31,Buffalo County,Nebraska
31019,18-49,22711,31,Buffalo County,Nebraska
31019,5-17,8524,31,Buffalo County,Nebraska
31019,50-64,8004,31,Buffalo County,Nebraska
31019,65+,8045,31,Buffalo County,Nebraska
31021,0-4,344,31,Burt County,Nebraska
31021,18-49,2166,31,Burt County,Nebraska
31021,5-17,1197,31,Burt County,Nebraska
31021,50-64,1374,31,Burt County,Nebraska
31021,65+,1649,31,Burt County,Nebraska
31023,0-4,477,31,Butler County,Nebraska
31023,18-49,2970,31,Butler County,Nebraska
31023,5-17,1522,31,Butler County,Nebraska
31023,50-64,1726,31,Butler County,Nebraska
31023,65+,1718,31,Butler County,Nebraska
31025,0-4,1473,31,Cass County,Nebraska
31025,18-49,9823,31,Cass County,Nebraska
31025,5-17,4890,31,Cass County,Nebraska
31025,50-64,5835,31,Cass County,Nebraska
31025,65+,4942,31,Cass County,Nebraska
31027,0-4,528,31,Cedar County,Nebraska
31027,18-49,2694,31,Cedar County,Nebraska
31027,5-17,1611,31,Cedar County,Nebraska
31027,50-64,1682,31,Cedar County,Nebraska
31027,65+,1829,31,Cedar County,Nebraska
31029,0-4,228,31,Chase County,Nebraska
31029,18-49,1191,31,Chase County,Nebraska
31029,5-17,686,31,Chase County,Nebraska
31029,50-64,665,31,Chase County,Nebraska
31029,65+,869,31,Chase County,Nebraska
31031,0-4,320,31,Cherry County,Nebraska
31031,18-49,1876,31,Cherry County,Nebraska
31031,5-17,978,31,Cherry County,Nebraska
31031,50-64,1092,31,Cherry County,Nebraska
31031,65+,1202,31,Cherry County,Nebraska
31033,0-4,547,31,Cheyenne County,Nebraska
31033,18-49,3363,31,Cheyenne County,Nebraska
31033,5-17,1606,31,Cheyenne County,Nebraska
31033,50-64,1937,31,Cheyenne County,Nebraska
31033,65+,2025,31,Cheyenne County,Nebraska
31035,0-4,392,31,Clay County,Nebraska
31035,18-49,2059,31,Clay County,Nebraska
31035,5-17,1109,31,Clay County,Nebraska
31035,50-64,1272,31,Clay County,Nebraska
31035,65+,1252,31,Clay County,Nebraska
31037,0-4,848,31,Colfax County,Nebraska
31037,18-49,3539,31,Colfax County,Nebraska
31037,5-17,2362,31,Colfax County,Nebraska
31037,50-64,2370,31,Colfax County,Nebraska
31037,65+,1422,31,Colfax County,Nebraska
31039,0-4,692,31,Cuming County,Nebraska
31039,18-49,3092,31,Cuming County,Nebraska
31039,5-17,1546,31,Cuming County,Nebraska
31039,50-64,1736,31,Cuming County,Nebraska
31039,65+,1910,31,Cuming County,Nebraska
31041,0-4,705,31,Custer County,Nebraska
31041,18-49,3579,31,Custer County,Nebraska
31041,5-17,1847,31,Custer County,Nebraska
31041,50-64,2066,31,Custer County,Nebraska
31041,65+,2347,31,Custer County,Nebraska
31043,0-4,1789,31,Dakota County,Nebraska
31043,18-49,8766,31,Dakota County,Nebraska
31043,5-17,4471,31,Dakota County,Nebraska
31043,50-64,3538,31,Dakota County,Nebraska
31043,65+,2767,31,Dakota County,Nebraska
31045,0-4,446,31,Dawes County,Nebraska
31045,18-49,3822,31,Dawes County,Nebraska
31045,5-17,1033,31,Dawes County,Nebraska
31045,50-64,1317,31,Dawes County,Nebraska
31045,65+,1594,31,Dawes County,Nebraska
31047,0-4,1876,31,Dawson County,Nebraska
31047,18-49,9229,31,Dawson County,Nebraska
31047,5-17,4794,31,Dawson County,Nebraska
31047,50-64,4177,31,Dawson County,Nebraska
31047,65+,3944,31,Dawson County,Nebraska
31049,0-4,117,31,Deuel County,Nebraska
31049,18-49,529,31,Deuel County,Nebraska
31049,5-17,248,31,Deuel County,Nebraska
31049,50-64,479,31,Deuel County,Nebraska
31049,65+,492,31,Deuel County,Nebraska
31051,0-4,347,31,Dixon County,Nebraska
31051,18-49,1893,31,Dixon County,Nebraska
31051,5-17,1044,31,Dixon County,Nebraska
31051,50-64,1098,31,Dixon County,Nebraska
31051,65+,1179,31,Dixon County,Nebraska
31053,0-4,2377,31,Dodge County,Nebraska
31053,18-49,13725,31,Dodge County,Nebraska
31053,5-17,6964,31,Dodge County,Nebraska
31053,50-64,7013,31,Dodge County,Nebraska
31053,65+,7067,31,Dodge County,Nebraska
31055,0-4,40820,31,Douglas County,Nebraska
31055,18-49,255817,31,Douglas County,Nebraska
31055,5-17,108396,31,Douglas County,Nebraska
31055,50-64,99911,31,Douglas County,Nebraska
31055,65+,80517,31,Douglas County,Nebraska
31057,0-4,133,31,Dundy County,Nebraska
31057,18-49,613,31,Dundy County,Nebraska
31057,5-17,239,31,Dundy County,Nebraska
31057,50-64,378,31,Dundy County,Nebraska
31057,65+,448,31,Dundy County,Nebraska
31059,0-4,332,31,Fillmore County,Nebraska
31059,18-49,1928,31,Fillmore County,Nebraska
31059,5-17,754,31,Fillmore County,Nebraska
31059,50-64,1218,31,Fillmore County,Nebraska
31059,65+,1319,31,Fillmore County,Nebraska
31061,0-4,158,31,Franklin County,Nebraska
31061,18-49,879,31,Franklin County,Nebraska
31061,5-17,425,31,Franklin County,Nebraska
31061,50-64,607,31,Franklin County,Nebraska
31061,65+,799,31,Franklin County,Nebraska
31063,0-4,139,31,Frontier County,Nebraska
31063,18-49,900,31,Frontier County,Nebraska
31063,5-17,402,31,Frontier County,Nebraska
31063,50-64,469,31,Frontier County,Nebraska
31063,65+,652,31,Frontier County,Nebraska
31065,0-4,264,31,Furnas County,Nebraska
31065,18-49,1497,31,Furnas County,Nebraska
31065,5-17,750,31,Furnas County,Nebraska
31065,50-64,920,31,Furnas County,Nebraska
31065,65+,1174,31,Furnas County,Nebraska
31067,0-4,1179,31,Gage County,Nebraska
31067,18-49,7458,31,Gage County,Nebraska
31067,5-17,3782,31,Gage County,Nebraska
31067,50-64,4492,31,Gage County,Nebraska
31067,65+,4735,31,Gage County,Nebraska
31069,0-4,49,31,Garden County,Nebraska
31069,18-49,474,31,Garden County,Nebraska
31069,5-17,241,31,Garden County,Nebraska
31069,50-64,340,31,Garden County,Nebraska
31069,65+,516,31,Garden County,Nebraska
31071,0-4,86,31,Garfield County,Nebraska
31071,18-49,587,31,Garfield County,Nebraska
31071,5-17,302,31,Garfield County,Nebraska
31071,50-64,326,31,Garfield County,Nebraska
31071,65+,496,31,Garfield County,Nebraska
31073,0-4,89,31,Gosper County,Nebraska
31073,18-49,610,31,Gosper County,Nebraska
31073,5-17,275,31,Gosper County,Nebraska
31073,50-64,468,31,Gosper County,Nebraska
31073,65+,487,31,Gosper County,Nebraska
31075,0-4,50,31,Grant County,Nebraska
31075,18-49,255,31,Grant County,Nebraska
31075,5-17,113,31,Grant County,Nebraska
31075,50-64,134,31,Grant County,Nebraska
31075,65+,143,31,Grant County,Nebraska
31077,0-4,136,31,Greeley County,Nebraska
31077,18-49,706,31,Greeley County,Nebraska
31077,5-17,383,31,Greeley County,Nebraska
31077,50-64,415,31,Greeley County,Nebraska
31077,65+,571,31,Greeley County,Nebraska
31079,0-4,4705,31,Hall County,Nebraska
31079,18-49,24508,31,Hall County,Nebraska
31079,5-17,12515,31,Hall County,Nebraska
31079,50-64,11067,31,Hall County,Nebraska
31079,65+,9636,31,Hall County,Nebraska
31081,0-4,581,31,Hamilton County,Nebraska
31081,18-49,3327,31,Hamilton County,Nebraska
31081,5-17,1741,31,Hamilton County,Nebraska
31081,50-64,1855,31,Hamilton County,Nebraska
31081,65+,1934,31,Hamilton County,Nebraska
31083,0-4,175,31,Harlan County,Nebraska
31083,18-49,873,31,Harlan County,Nebraska
31083,5-17,525,31,Harlan County,Nebraska
31083,50-64,624,31,Harlan County,Nebraska
31083,65+,809,31,Harlan County,Nebraska
31085,0-4,48,31,Hayes County,Nebraska
31085,18-49,251,31,Hayes County,Nebraska
31085,5-17,140,31,Hayes County,Nebraska
31085,50-64,194,31,Hayes County,Nebraska
31085,65+,221,31,Hayes County,Nebraska
31087,0-4,160,31,Hitchcock County,Nebraska
31087,18-49,800,31,Hitchcock County,Nebraska
31087,5-17,464,31,Hitchcock County,Nebraska
31087,50-64,499,31,Hitchcock County,Nebraska
31087,65+,678,31,Hitchcock County,Nebraska
31089,0-4,657,31,Holt County,Nebraska
31089,18-49,3283,31,Holt County,Nebraska
31089,5-17,1890,31,Holt County,Nebraska
31089,50-64,1997,31,Holt County,Nebraska
31089,65+,2266,31,Holt County,Nebraska
31091,0-4,25,31,Hooker County,Nebraska
31091,18-49,254,31,Hooker County,Nebraska
31091,5-17,73,31,Hooker County,Nebraska
31091,50-64,92,31,Hooker County,Nebraska
31091,65+,169,31,Hooker County,Nebraska
31093,0-4,442,31,Howard County,Nebraska
31093,18-49,2148,31,Howard County,Nebraska
31093,5-17,1206,31,Howard County,Nebraska
31093,50-64,1256,31,Howard County,Nebraska
31093,65+,1440,31,Howard County,Nebraska
31095,0-4,418,31,Jefferson County,Nebraska
31095,18-49,2337,31,Jefferson County,Nebraska
31095,5-17,1210,31,Jefferson County,Nebraska
31095,50-64,1425,31,Jefferson County,Nebraska
31095,65+,1765,31,Jefferson County,Nebraska
31097,0-4,250,31,Johnson County,Nebraska
31097,18-49,2234,31,Johnson County,Nebraska
31097,5-17,775,31,Johnson County,Nebraska
31097,50-64,1034,31,Johnson County,Nebraska
31097,65+,970,31,Johnson County,Nebraska
31099,0-4,411,31,Kearney County,Nebraska
31099,18-49,2390,31,Kearney County,Nebraska
31099,5-17,1284,31,Kearney County,Nebraska
31099,50-64,1268,31,Kearney County,Nebraska
31099,65+,1344,31,Kearney County,Nebraska
31101,0-4,375,31,Keith County,Nebraska
31101,18-49,2499,31,Keith County,Nebraska
31101,5-17,1333,31,Keith County,Nebraska
31101,50-64,1760,31,Keith County,Nebraska
31101,65+,2272,31,Keith County,Nebraska
31103,0-4,45,31,Keya Paha County,Nebraska
31103,18-49,267,31,Keya Paha County,Nebraska
31103,5-17,190,31,Keya Paha County,Nebraska
31103,50-64,204,31,Keya Paha County,Nebraska
31103,65+,233,31,Keya Paha County,Nebraska
31105,0-4,133,31,Kimball County,Nebraska
31105,18-49,1089,31,Kimball County,Nebraska
31105,5-17,516,31,Kimball County,Nebraska
31105,50-64,698,31,Kimball County,Nebraska
31105,65+,912,31,Kimball County,Nebraska
31107,0-4,497,31,Knox County,Nebraska
31107,18-49,2621,31,Knox County,Nebraska
31107,5-17,1507,31,Knox County,Nebraska
31107,50-64,1614,31,Knox County,Nebraska
31107,65+,2123,31,Knox County,Nebraska
31109,0-4,19025,31,Lancaster County,Nebraska
31109,18-49,150464,31,Lancaster County,Nebraska
31109,5-17,54265,31,Lancaster County,Nebraska
31109,50-64,51714,31,Lancaster County,Nebraska
31109,65+,48205,31,Lancaster County,Nebraska
31111,0-4,1915,31,Lincoln County,Nebraska
31111,18-49,12480,31,Lincoln County,Nebraska
31111,5-17,5974,31,Lincoln County,Nebraska
31111,50-64,6751,31,Lincoln County,Nebraska
31111,65+,7002,31,Lincoln County,Nebraska
31113,0-4,50,31,Logan County,Nebraska
31113,18-49,230,31,Logan County,Nebraska
31113,5-17,175,31,Logan County,Nebraska
31113,50-64,186,31,Logan County,Nebraska
31113,65+,171,31,Logan County,Nebraska
31115,0-4,25,31,Loup County,Nebraska
31115,18-49,202,31,Loup County,Nebraska
31115,5-17,94,31,Loup County,Nebraska
31115,50-64,91,31,Loup County,Nebraska
31115,65+,152,31,Loup County,Nebraska
31117,0-4,13,31,McPherson County,Nebraska
31117,18-49,165,31,McPherson County,Nebraska
31117,5-17,82,31,McPherson County,Nebraska
31117,50-64,103,31,McPherson County,Nebraska
31117,65+,100,31,McPherson County,Nebraska
31119,0-4,2498,31,Madison County,Nebraska
31119,18-49,13923,31,Madison County,Nebraska
31119,5-17,6533,31,Madison County,Nebraska
31119,50-64,6538,31,Madison County,Nebraska
31119,65+,6043,31,Madison County,Nebraska
31121,0-4,440,31,Merrick County,Nebraska
31121,18-49,2715,31,Merrick County,Nebraska
31121,5-17,1316,31,Merrick County,Nebraska
31121,50-64,1590,31,Merrick County,Nebraska
31121,65+,1635,31,Merrick County,Nebraska
31123,0-4,287,31,Morrill County,Nebraska
31123,18-49,1668,31,Morrill County,Nebraska
31123,5-17,730,31,Morrill County,Nebraska
31123,50-64,889,31,Morrill County,Nebraska
31123,65+,970,31,Morrill County,Nebraska
31125,0-4,184,31,Nance County,Nebraska
31125,18-49,1123,31,Nance County,Nebraska
31125,5-17,598,31,Nance County,Nebraska
31125,50-64,735,31,Nance County,Nebraska
31125,65+,702,31,Nance County,Nebraska
31127,0-4,400,31,Nemaha County,Nebraska
31127,18-49,2823,31,Nemaha County,Nebraska
31127,5-17,1154,31,Nemaha County,Nebraska
31127,50-64,1210,31,Nemaha County,Nebraska
31127,65+,1448,31,Nemaha County,Nebraska
31129,0-4,195,31,Nuckolls County,Nebraska
31129,18-49,1261,31,Nuckolls County,Nebraska
31129,5-17,570,31,Nuckolls County,Nebraska
31129,50-64,904,31,Nuckolls County,Nebraska
31129,65+,1159,31,Nuckolls County,Nebraska
31131,0-4,907,31,Otoe County,Nebraska
31131,18-49,5674,31,Otoe County,Nebraska
31131,5-17,2988,31,Otoe County,Nebraska
31131,50-64,3221,31,Otoe County,Nebraska
31131,65+,3285,31,Otoe County,Nebraska
31133,0-4,176,31,Pawnee County,Nebraska
31133,18-49,733,31,Pawnee County,Nebraska
31133,5-17,436,31,Pawnee County,Nebraska
31133,50-64,474,31,Pawnee County,Nebraska
31133,65+,720,31,Pawnee County,Nebraska
31135,0-4,151,31,Perkins County,Nebraska
31135,18-49,975,31,Perkins County,Nebraska
31135,5-17,553,31,Perkins County,Nebraska
31135,50-64,494,31,Perkins County,Nebraska
31135,65+,662,31,Perkins County,Nebraska
31137,0-4,576,31,Phelps County,Nebraska
31137,18-49,3264,31,Phelps County,Nebraska
31137,5-17,1601,31,Phelps County,Nebraska
31137,50-64,1691,31,Phelps County,Nebraska
31137,65+,1851,31,Phelps County,Nebraska
31139,0-4,518,31,Pierce County,Nebraska
31139,18-49,2553,31,Pierce County,Nebraska
31139,5-17,1339,31,Pierce County,Nebraska
31139,50-64,1467,31,Pierce County,Nebraska
31139,65+,1435,31,Pierce County,Nebraska
31141,0-4,2343,31,Platte County,Nebraska
31141,18-49,12818,31,Platte County,Nebraska
31141,5-17,6817,31,Platte County,Nebraska
31141,50-64,6252,31,Platte County,Nebraska
31141,65+,6128,31,Platte County,Nebraska
31143,0-4,268,31,Polk County,Nebraska
31143,18-49,1772,31,Polk County,Nebraska
31143,5-17,896,31,Polk County,Nebraska
31143,50-64,1070,31,Polk County,Nebraska
31143,65+,1203,31,Polk County,Nebraska
31145,0-4,659,31,Red Willow County,Nebraska
31145,18-49,3931,31,Red Willow County,Nebraska
31145,5-17,1689,31,Red Willow County,Nebraska
31145,50-64,2107,31,Red Willow County,Nebraska
31145,65+,2225,31,Red Willow County,Nebraska
31147,0-4,394,31,Richardson County,Nebraska
31147,18-49,2518,31,Richardson County,Nebraska
31147,5-17,1296,31,Richardson County,Nebraska
31147,50-64,1685,31,Richardson County,Nebraska
31147,65+,1904,31,Richardson County,Nebraska
31149,0-4,79,31,Rock County,Nebraska
31149,18-49,404,31,Rock County,Nebraska
31149,5-17,221,31,Rock County,Nebraska
31149,50-64,289,31,Rock County,Nebraska
31149,65+,342,31,Rock County,Nebraska
31151,0-4,984,31,Saline County,Nebraska
31151,18-49,6079,31,Saline County,Nebraska
31151,5-17,2791,31,Saline County,Nebraska
31151,50-64,2514,31,Saline County,Nebraska
31151,65+,2274,31,Saline County,Nebraska
31153,0-4,12914,31,Sarpy County,Nebraska
31153,18-49,84617,31,Sarpy County,Nebraska
31153,5-17,38902,31,Sarpy County,Nebraska
31153,50-64,33384,31,Sarpy County,Nebraska
31153,65+,24234,31,Sarpy County,Nebraska
31155,0-4,1415,31,Saunders County,Nebraska
31155,18-49,8106,31,Saunders County,Nebraska
31155,5-17,4258,31,Saunders County,Nebraska
31155,50-64,4833,31,Saunders County,Nebraska
31155,65+,4149,31,Saunders County,Nebraska
31157,0-4,2262,31,Scotts Bluff County,Nebraska
31157,18-49,13316,31,Scotts Bluff County,Nebraska
31157,5-17,6464,31,Scotts Bluff County,Nebraska
31157,50-64,6553,31,Scotts Bluff County,Nebraska
31157,65+,7342,31,Scotts Bluff County,Nebraska
31159,0-4,968,31,Seward County,Nebraska
31159,18-49,7145,31,Seward County,Nebraska
31159,5-17,3183,31,Seward County,Nebraska
31159,50-64,3208,31,Seward County,Nebraska
31159,65+,3132,31,Seward County,Nebraska
31161,0-4,307,31,Sheridan County,Nebraska
31161,18-49,1630,31,Sheridan County,Nebraska
31161,5-17,775,31,Sheridan County,Nebraska
31161,50-64,972,31,Sheridan County,Nebraska
31161,65+,1374,31,Sheridan County,Nebraska
31163,0-4,172,31,Sherman County,Nebraska
31163,18-49,896,31,Sherman County,Nebraska
31163,5-17,479,31,Sherman County,Nebraska
31163,50-64,609,31,Sherman County,Nebraska
31163,65+,818,31,Sherman County,Nebraska
31165,0-4,95,31,Sioux County,Nebraska
31165,18-49,423,31,Sioux County,Nebraska
31165,5-17,171,31,Sioux County,Nebraska
31165,50-64,222,31,Sioux County,Nebraska
31165,65+,286,31,Sioux County,Nebraska
31167,0-4,330,31,Stanton County,Nebraska
31167,18-49,2015,31,Stanton County,Nebraska
31167,5-17,1076,31,Stanton County,Nebraska
31167,50-64,1235,31,Stanton County,Nebraska
31167,65+,1179,31,Stanton County,Nebraska
31169,0-4,264,31,Thayer County,Nebraska
31169,18-49,1544,31,Thayer County,Nebraska
31169,5-17,869,31,Thayer County,Nebraska
31169,50-64,1025,31,Thayer County,Nebraska
31169,65+,1236,31,Thayer County,Nebraska
31171,0-4,19,31,Thomas County,Nebraska
31171,18-49,230,31,Thomas County,Nebraska
31171,5-17,85,31,Thomas County,Nebraska
31171,50-64,85,31,Thomas County,Nebraska
31171,65+,207,31,Thomas County,Nebraska
31173,0-4,613,31,Thurston County,Nebraska
31173,18-49,2512,31,Thurston County,Nebraska
31173,5-17,1679,31,Thurston County,Nebraska
31173,50-64,1027,31,Thurston County,Nebraska
31173,65+,835,31,Thurston County,Nebraska
31175,0-4,235,31,Valley County,Nebraska
31175,18-49,1332,31,Valley County,Nebraska
31175,5-17,679,31,Valley County,Nebraska
31175,50-64,835,31,Valley County,Nebraska
31175,65+,1013,31,Valley County,Nebraska
31177,0-4,1153,31,Washington County,Nebraska
31177,18-49,7520,31,Washington County,Nebraska
31177,5-17,3936,31,Washington County,Nebraska
31177,50-64,4416,31,Washington County,Nebraska
31177,65+,3964,31,Washington County,Nebraska
31179,0-4,484,31,Wayne County,Nebraska
31179,18-49,4702,31,Wayne County,Nebraska
31179,5-17,1496,31,Wayne County,Nebraska
31179,50-64,1509,31,Wayne County,Nebraska
31179,65+,1595,31,Wayne County,Nebraska
31181,0-4,184,31,Webster County,Nebraska
31181,18-49,1131,31,Webster County,Nebraska
31181,5-17,587,31,Webster County,Nebraska
31181,50-64,721,31,Webster County,Nebraska
31181,65+,762,31,Webster County,Nebraska
31183,0-4,75,31,Wheeler County,Nebraska
31183,18-49,185,31,Wheeler County,Nebraska
31183,5-17,55,31,Wheeler County,Nebraska
31183,50-64,217,31,Wheeler County,Nebraska
31183,65+,253,31,Wheeler County,Nebraska
31185,0-4,887,31,York County,Nebraska
31185,18-49,5421,31,York County,Nebraska
31185,5-17,2422,31,York County,Nebraska
31185,50-64,2637,31,York County,Nebraska
31185,65+,2864,31,York County,Nebraska
32001,0-4,1589,32,Churchill County,Nevada
32001,18-49,9731,32,Churchill County,Nevada
32001,5-17,4182,32,Churchill County,Nevada
32001,50-64,5114,32,Churchill County,Nevada
32001,65+,4998,32,Churchill County,Nevada
32003,0-4,132177,32,Clark County,Nevada
32003,18-49,992904,32,Clark County,Nevada
32003,5-17,384769,32,Clark County,Nevada
32003,50-64,426562,32,Clark County,Nevada
32003,65+,357352,32,Clark County,Nevada
32005,0-4,1732,32,Douglas County,Nevada
32005,18-49,14727,32,Douglas County,Nevada
32005,5-17,5903,32,Douglas County,Nevada
32005,50-64,11598,32,Douglas County,Nevada
32005,65+,15664,32,Douglas County,Nevada
32007,0-4,3673,32,Elko County,Nevada
32007,18-49,22891,32,Elko County,Nevada
32007,5-17,10745,32,Elko County,Nevada
32007,50-64,9693,32,Elko County,Nevada
32007,65+,6850,32,Elko County,Nevada
32009,0-4,26,32,Esmeralda County,Nevada
32009,18-49,202,32,Esmeralda County,Nevada
32009,5-17,62,32,Esmeralda County,Nevada
32009,50-64,417,32,Esmeralda County,Nevada
32009,65+,255,32,Esmeralda County,Nevada
32011,0-4,92,32,Eureka County,Nevada
32011,18-49,474,32,Eureka County,Nevada
32011,5-17,252,32,Eureka County,Nevada
32011,50-64,458,32,Eureka County,Nevada
32011,65+,384,32,Eureka County,Nevada
32013,0-4,1167,32,Humboldt County,Nevada
32013,18-49,6778,32,Humboldt County,Nevada
32013,5-17,3372,32,Humboldt County,Nevada
32013,50-64,3202,32,Humboldt County,Nevada
32013,65+,2780,32,Humboldt County,Nevada
32015,0-4,293,32,Lander County,Nevada
32015,18-49,2284,32,Lander County,Nevada
32015,5-17,1266,32,Lander County,Nevada
32015,50-64,1144,32,Lander County,Nevada
32015,65+,758,32,Lander County,Nevada
32017,0-4,165,32,Lincoln County,Nevada
32017,18-49,1771,32,Lincoln County,Nevada
32017,5-17,815,32,Lincoln County,Nevada
32017,50-64,860,32,Lincoln County,Nevada
32017,65+,841,32,Lincoln County,Nevada
32019,0-4,3139,32,Lyon County,Nevada
32019,18-49,22782,32,Lyon County,Nevada
32019,5-17,9449,32,Lyon County,Nevada
32019,50-64,12092,32,Lyon County,Nevada
32019,65+,13168,32,Lyon County,Nevada
32021,0-4,344,32,Mineral County,Nevada
32021,18-49,1492,32,Mineral County,Nevada
32021,5-17,692,32,Mineral County,Nevada
32021,50-64,798,32,Mineral County,Nevada
32021,65+,1231,32,Mineral County,Nevada
32023,0-4,2197,32,Nye County,Nevada
32023,18-49,16025,32,Nye County,Nevada
32023,5-17,6537,32,Nye County,Nevada
32023,50-64,11979,32,Nye County,Nevada
32023,65+,16469,32,Nye County,Nevada
32027,0-4,305,32,Pershing County,Nevada
32027,18-49,2854,32,Pershing County,Nevada
32027,5-17,791,32,Pershing County,Nevada
32027,50-64,1475,32,Pershing County,Nevada
32027,65+,1080,32,Pershing County,Nevada
32029,0-4,130,32,Storey County,Nevada
32029,18-49,1249,32,Storey County,Nevada
32029,5-17,350,32,Storey County,Nevada
32029,50-64,794,32,Storey County,Nevada
32029,65+,1616,32,Storey County,Nevada
32031,0-4,26640,32,Washoe County,Nevada
32031,18-49,209519,32,Washoe County,Nevada
32031,5-17,76600,32,Washoe County,Nevada
32031,50-64,93930,32,Washoe County,Nevada
32031,65+,85081,32,Washoe County,Nevada
32033,0-4,308,32,White Pine County,Nevada
32033,18-49,3766,32,White Pine County,Nevada
32033,5-17,1340,32,White Pine County,Nevada
32033,50-64,1680,32,White Pine County,Nevada
32033,65+,1762,32,White Pine County,Nevada
32510,0-4,2980,32,Carson City,Nevada
32510,18-49,22543,32,Carson City,Nevada
32510,5-17,8789,32,Carson City,Nevada
32510,50-64,11924,32,Carson City,Nevada
32510,65+,12128,32,Carson City,Nevada
33001,0-4,2576,33,Belknap County,New Hampshire
33001,18-49,22080,33,Belknap County,New Hampshire
33001,5-17,8801,33,Belknap County,New Hampshire
33001,50-64,15817,33,Belknap County,New Hampshire
33001,65+,15026,33,Belknap County,New Hampshire
33003,0-4,1748,33,Carroll County,New Hampshire
33003,18-49,15051,33,Carroll County,New Hampshire
33003,5-17,5985,33,Carroll County,New Hampshire
33003,50-64,13050,33,Carroll County,New Hampshire
33003,65+,15425,33,Carroll County,New Hampshire
33005,0-4,3460,33,Cheshire County,New Hampshire
33005,18-49,29758,33,Cheshire County,New Hampshire
33005,5-17,10350,33,Cheshire County,New Hampshire
33005,50-64,16735,33,Cheshire County,New Hampshire
33005,65+,16642,33,Cheshire County,New Hampshire
33007,0-4,1176,33,Coos County,New Hampshire
33007,18-49,10712,33,Coos County,New Hampshire
33007,5-17,3854,33,Coos County,New Hampshire
33007,50-64,7729,33,Coos County,New Hampshire
33007,65+,7915,33,Coos County,New Hampshire
33009,0-4,3512,33,Grafton County,New Hampshire
33009,18-49,37092,33,Grafton County,New Hampshire
33009,5-17,11039,33,Grafton County,New Hampshire
33009,50-64,19471,33,Grafton County,New Hampshire
33009,65+,20645,33,Grafton County,New Hampshire
33011,0-4,21538,33,Hillsborough County,New Hampshire
33011,18-49,175799,33,Hillsborough County,New Hampshire
33011,5-17,63010,33,Hillsborough County,New Hampshire
33011,50-64,93326,33,Hillsborough County,New Hampshire
33011,65+,71059,33,Hillsborough County,New Hampshire
33013,0-4,6964,33,Merrimack County,New Hampshire
33013,18-49,62370,33,Merrimack County,New Hampshire
33013,5-17,21865,33,Merrimack County,New Hampshire
33013,50-64,33844,33,Merrimack County,New Hampshire
33013,65+,29975,33,Merrimack County,New Hampshire
33015,0-4,14428,33,Rockingham County,New Hampshire
33015,18-49,119216,33,Rockingham County,New Hampshire
33015,5-17,45128,33,Rockingham County,New Hampshire
33015,50-64,76386,33,Rockingham County,New Hampshire
33015,65+,62005,33,Rockingham County,New Hampshire
33017,0-4,5865,33,Strafford County,New Hampshire
33017,18-49,59766,33,Strafford County,New Hampshire
33017,5-17,17756,33,Strafford County,New Hampshire
33017,50-64,26585,33,Strafford County,New Hampshire
33017,65+,21771,33,Strafford County,New Hampshire
33019,0-4,1938,33,Sullivan County,New Hampshire
33019,18-49,15215,33,Sullivan County,New Hampshire
33019,5-17,5913,33,Sullivan County,New Hampshire
33019,50-64,10401,33,Sullivan County,New Hampshire
33019,65+,10062,33,Sullivan County,New Hampshire
34001,0-4,14330,34,Atlantic County,New Jersey
34001,18-49,104216,34,Atlantic County,New Jersey
34001,5-17,43285,34,Atlantic County,New Jersey
34001,50-64,59984,34,Atlantic County,New Jersey
34001,65+,52889,34,Atlantic County,New Jersey
34003,0-4,48738,34,Bergen County,New Jersey
34003,18-49,378270,34,Bergen County,New Jersey
34003,5-17,152091,34,Bergen County,New Jersey
34003,50-64,205270,34,Bergen County,New Jersey
34003,65+,170348,34,Bergen County,New Jersey
34005,0-4,23548,34,Burlington County,New Jersey
34005,18-49,184023,34,Burlington County,New Jersey
34005,5-17,72498,34,Burlington County,New Jersey
34005,50-64,101032,34,Burlington County,New Jersey
34005,65+,83125,34,Burlington County,New Jersey
34007,0-4,31250,34,Camden County,New Jersey
34007,18-49,215874,34,Camden County,New Jersey
34007,5-17,88256,34,Camden County,New Jersey
34007,50-64,103691,34,Camden County,New Jersey
34007,65+,84971,34,Camden County,New Jersey
34009,0-4,4131,34,Cape May County,New Jersey
34009,18-49,29545,34,Cape May County,New Jersey
34009,5-17,12388,34,Cape May County,New Jersey
34009,50-64,21940,34,Cape May County,New Jersey
34009,65+,27232,34,Cape May County,New Jersey
34011,0-4,9425,34,Cumberland County,New Jersey
34011,18-49,63301,34,Cumberland County,New Jersey
34011,5-17,27838,34,Cumberland County,New Jersey
34011,50-64,28545,34,Cumberland County,New Jersey
34011,65+,23806,34,Cumberland County,New Jersey
34013,0-4,53778,34,Essex County,New Jersey
34013,18-49,370077,34,Essex County,New Jersey
34013,5-17,148541,34,Essex County,New Jersey
34013,50-64,162351,34,Essex County,New Jersey
34013,65+,119383,34,Essex County,New Jersey
34015,0-4,15345,34,Gloucester County,New Jersey
34015,18-49,125270,34,Gloucester County,New Jersey
34015,5-17,49832,34,Gloucester County,New Jersey
34015,50-64,63946,34,Gloucester County,New Jersey
34015,65+,50111,34,Gloucester County,New Jersey
34017,0-4,45876,34,Hudson County,New Jersey
34017,18-49,360954,34,Hudson County,New Jersey
34017,5-17,96422,34,Hudson County,New Jersey
34017,50-64,118809,34,Hudson County,New Jersey
34017,65+,88417,34,Hudson County,New Jersey
34019,0-4,5641,34,Hunterdon County,New Jersey
34019,18-49,45893,34,Hunterdon County,New Jersey
34019,5-17,19207,34,Hunterdon County,New Jersey
34019,50-64,32634,34,Hunterdon County,New Jersey
34019,65+,26073,34,Hunterdon County,New Jersey
34021,0-4,21529,34,Mercer County,New Jersey
34021,18-49,162545,34,Mercer County,New Jersey
34021,5-17,62515,34,Mercer County,New Jersey
34021,50-64,76685,34,Mercer County,New Jersey
34021,65+,60012,34,Mercer County,New Jersey
34023,0-4,46940,34,Middlesex County,New Jersey
34023,18-49,368702,34,Middlesex County,New Jersey
34023,5-17,139545,34,Middlesex County,New Jersey
34023,50-64,170460,34,Middlesex County,New Jersey
34023,65+,135888,34,Middlesex County,New Jersey
34025,0-4,32114,34,Monmouth County,New Jersey
34025,18-49,240086,34,Monmouth County,New Jersey
34025,5-17,103353,34,Monmouth County,New Jersey
34025,50-64,148574,34,Monmouth County,New Jersey
34025,65+,119488,34,Monmouth County,New Jersey
34027,0-4,25471,34,Morris County,New Jersey
34027,18-49,198210,34,Morris County,New Jersey
34027,5-17,80690,34,Morris County,New Jersey
34027,50-64,115245,34,Morris County,New Jersey
34027,65+,90759,34,Morris County,New Jersey
34029,0-4,47219,34,Ocean County,New Jersey
34029,18-49,217106,34,Ocean County,New Jersey
34029,5-17,113780,34,Ocean County,New Jersey
34029,50-64,123610,34,Ocean County,New Jersey
34029,65+,144719,34,Ocean County,New Jersey
34031,0-4,33069,34,Passaic County,New Jersey
34031,18-49,214506,34,Passaic County,New Jersey
34031,5-17,89785,34,Passaic County,New Jersey
34031,50-64,100542,34,Passaic County,New Jersey
34031,65+,80387,34,Passaic County,New Jersey
34033,0-4,3598,34,Salem County,New Jersey
34033,18-49,24686,34,Salem County,New Jersey
34033,5-17,10623,34,Salem County,New Jersey
34033,50-64,13772,34,Salem County,New Jersey
34033,65+,12294,34,Salem County,New Jersey
34035,0-4,17145,34,Somerset County,New Jersey
34035,18-49,136546,34,Somerset County,New Jersey
34035,5-17,56952,34,Somerset County,New Jersey
34035,50-64,78225,34,Somerset County,New Jersey
34035,65+,57335,34,Somerset County,New Jersey
34037,0-4,6812,34,Sussex County,New Jersey
34037,18-49,54508,34,Sussex County,New Jersey
34037,5-17,21582,34,Sussex County,New Jersey
34037,50-64,35441,34,Sussex County,New Jersey
34037,65+,26774,34,Sussex County,New Jersey
34039,0-4,35338,34,Union County,New Jersey
34039,18-49,237593,34,Union County,New Jersey
34039,5-17,99438,34,Union County,New Jersey
34039,50-64,115336,34,Union County,New Jersey
34039,65+,84844,34,Union County,New Jersey
34041,0-4,5103,34,Warren County,New Jersey
34041,18-49,41493,34,Warren County,New Jersey
34041,5-17,16301,34,Warren County,New Jersey
34041,50-64,26380,34,Warren County,New Jersey
34041,65+,20961,34,Warren County,New Jersey
35001,0-4,33888,35,Bernalillo County,New Mexico
35001,18-49,288953,35,Bernalillo County,New Mexico
35001,5-17,105437,35,Bernalillo County,New Mexico
35001,50-64,126194,35,Bernalillo County,New Mexico
35001,65+,119885,35,Bernalillo County,New Mexico
35003,0-4,17,35,Catron County,New Mexico
35003,18-49,898,35,Catron County,New Mexico
35003,5-17,335,35,Catron County,New Mexico
35003,50-64,796,35,Catron County,New Mexico
35003,65+,1639,35,Catron County,New Mexico
35005,0-4,3903,35,Chaves County,New Mexico
35005,18-49,26498,35,Chaves County,New Mexico
35005,5-17,12228,35,Chaves County,New Mexico
35005,50-64,11354,35,Chaves County,New Mexico
35005,65+,10463,35,Chaves County,New Mexico
35006,0-4,1557,35,Cibola County,New Mexico
35006,18-49,11093,35,Cibola County,New Mexico
35006,5-17,4753,35,Cibola County,New Mexico
35006,50-64,4911,35,Cibola County,New Mexico
35006,65+,4745,35,Cibola County,New Mexico
35007,0-4,493,35,Colfax County,New Mexico
35007,18-49,4126,35,Colfax County,New Mexico
35007,5-17,1700,35,Colfax County,New Mexico
35007,50-64,2512,35,Colfax County,New Mexico
35007,65+,3505,35,Colfax County,New Mexico
35009,0-4,3745,35,Curry County,New Mexico
35009,18-49,21734,35,Curry County,New Mexico
35009,5-17,9053,35,Curry County,New Mexico
35009,50-64,7242,35,Curry County,New Mexico
35009,65+,6158,35,Curry County,New Mexico
35011,0-4,162,35,De Baca County,New Mexico
35011,18-49,604,35,De Baca County,New Mexico
35011,5-17,220,35,De Baca County,New Mexico
35011,50-64,216,35,De Baca County,New Mexico
35011,65+,378,35,De Baca County,New Mexico
35013,0-4,12931,35,Doña Ana County,New Mexico
35013,18-49,97375,35,Doña Ana County,New Mexico
35013,5-17,39200,35,Doña Ana County,New Mexico
35013,50-64,35005,35,Doña Ana County,New Mexico
35013,65+,37154,35,Doña Ana County,New Mexico
35015,0-4,4278,35,Eddy County,New Mexico
35015,18-49,25631,35,Eddy County,New Mexico
35015,5-17,11642,35,Eddy County,New Mexico
35015,50-64,10629,35,Eddy County,New Mexico
35015,65+,8934,35,Eddy County,New Mexico
35017,0-4,1178,35,Grant County,New Mexico
35017,18-49,9169,35,Grant County,New Mexico
35017,5-17,3844,35,Grant County,New Mexico
35017,50-64,5436,35,Grant County,New Mexico
35017,65+,8229,35,Grant County,New Mexico
35019,0-4,148,35,Guadalupe County,New Mexico
35019,18-49,1705,35,Guadalupe County,New Mexico
35019,5-17,790,35,Guadalupe County,New Mexico
35019,50-64,836,35,Guadalupe County,New Mexico
35019,65+,900,35,Guadalupe County,New Mexico
35021,0-4,20,35,Harding County,New Mexico
35021,18-49,242,35,Harding County,New Mexico
35021,5-17,153,35,Harding County,New Mexico
35021,50-64,125,35,Harding County,New Mexico
35021,65+,208,35,Harding County,New Mexico
35023,0-4,230,35,Hidalgo County,New Mexico
35023,18-49,1455,35,Hidalgo County,New Mexico
35023,5-17,650,35,Hidalgo County,New Mexico
35023,50-64,845,35,Hidalgo County,New Mexico
35023,65+,917,35,Hidalgo County,New Mexico
35025,0-4,5882,35,Lea County,New Mexico
35025,18-49,31740,35,Lea County,New Mexico
35025,5-17,15936,35,Lea County,New Mexico
35025,50-64,11382,35,Lea County,New Mexico
35025,65+,8214,35,Lea County,New Mexico
35027,0-4,823,35,Lincoln County,New Mexico
35027,18-49,5859,35,Lincoln County,New Mexico
35027,5-17,2613,35,Lincoln County,New Mexico
35027,50-64,4754,35,Lincoln County,New Mexico
35027,65+,6178,35,Lincoln County,New Mexico
35028,0-4,874,35,Los Alamos County,New Mexico
35028,18-49,7751,35,Los Alamos County,New Mexico
35028,5-17,3277,35,Los Alamos County,New Mexico
35028,50-64,3953,35,Los Alamos County,New Mexico
35028,65+,3519,35,Los Alamos County,New Mexico
35029,0-4,1921,35,Luna County,New Mexico
35029,18-49,9369,35,Luna County,New Mexico
35029,5-17,4662,35,Luna County,New Mexico
35029,50-64,4200,35,Luna County,New Mexico
35029,65+,5268,35,Luna County,New Mexico
35031,0-4,4211,35,McKinley County,New Mexico
35031,18-49,29992,35,McKinley County,New Mexico
35031,5-17,15408,35,McKinley County,New Mexico
35031,50-64,12138,35,McKinley County,New Mexico
35031,65+,9423,35,McKinley County,New Mexico
35033,0-4,109,35,Mora County,New Mexico
35033,18-49,1222,35,Mora County,New Mexico
35033,5-17,466,35,Mora County,New Mexico
35033,50-64,1013,35,Mora County,New Mexico
35033,65+,1366,35,Mora County,New Mexico
35035,0-4,4155,35,Otero County,New Mexico
35035,18-49,29680,35,Otero County,New Mexico
35035,5-17,10942,35,Otero County,New Mexico
35035,50-64,11735,35,Otero County,New Mexico
35035,65+,11723,35,Otero County,New Mexico
35037,0-4,303,35,Quay County,New Mexico
35037,18-49,2721,35,Quay County,New Mexico
35037,5-17,1478,35,Quay County,New Mexico
35037,50-64,1889,35,Quay County,New Mexico
35037,65+,2225,35,Quay County,New Mexico
35039,0-4,2011,35,Rio Arriba County,New Mexico
35039,18-49,14445,35,Rio Arriba County,New Mexico
35039,5-17,7069,35,Rio Arriba County,New Mexico
35039,50-64,8134,35,Rio Arriba County,New Mexico
35039,65+,8506,35,Rio Arriba County,New Mexico
35041,0-4,1172,35,Roosevelt County,New Mexico
35041,18-49,8646,35,Roosevelt County,New Mexico
35041,5-17,3661,35,Roosevelt County,New Mexico
35041,50-64,2726,35,Roosevelt County,New Mexico
35041,65+,2797,35,Roosevelt County,New Mexico
35043,0-4,7375,35,Sandoval County,New Mexico
35043,18-49,59073,35,Sandoval County,New Mexico
35043,5-17,26237,35,Sandoval County,New Mexico
35043,50-64,29143,35,Sandoval County,New Mexico
35043,65+,29710,35,Sandoval County,New Mexico
35045,0-4,7019,35,San Juan County,New Mexico
35045,18-49,48605,35,San Juan County,New Mexico
35045,5-17,23731,35,San Juan County,New Mexico
35045,50-64,22063,35,San Juan County,New Mexico
35045,65+,19760,35,San Juan County,New Mexico
35047,0-4,1141,35,San Miguel County,New Mexico
35047,18-49,10056,35,San Miguel County,New Mexico
35047,5-17,3418,35,San Miguel County,New Mexico
35047,50-64,5817,35,San Miguel County,New Mexico
35047,65+,6604,35,San Miguel County,New Mexico
35049,0-4,5877,35,Santa Fe County,New Mexico
35049,18-49,54462,35,Santa Fe County,New Mexico
35049,5-17,19699,35,Santa Fe County,New Mexico
35049,50-64,32796,35,Santa Fe County,New Mexico
35049,65+,42341,35,Santa Fe County,New Mexico
35051,0-4,420,35,Sierra County,New Mexico
35051,18-49,3215,35,Sierra County,New Mexico
35051,5-17,1371,35,Sierra County,New Mexico
35051,50-64,2254,35,Sierra County,New Mexico
35051,65+,4251,35,Sierra County,New Mexico
35053,0-4,790,35,Socorro County,New Mexico
35053,18-49,6426,35,Socorro County,New Mexico
35053,5-17,2740,35,Socorro County,New Mexico
35053,50-64,3064,35,Socorro County,New Mexico
35053,65+,3288,35,Socorro County,New Mexico
35055,0-4,1024,35,Taos County,New Mexico
35055,18-49,11166,35,Taos County,New Mexico
35055,5-17,4512,35,Taos County,New Mexico
35055,50-64,7570,35,Taos County,New Mexico
35055,65+,10244,35,Taos County,New Mexico
35057,0-4,722,35,Torrance County,New Mexico
35057,18-49,5628,35,Torrance County,New Mexico
35057,5-17,2436,35,Torrance County,New Mexico
35057,50-64,3128,35,Torrance County,New Mexico
35057,65+,3376,35,Torrance County,New Mexico
35059,0-4,273,35,Union County,New Mexico
35059,18-49,1481,35,Union County,New Mexico
35059,5-17,603,35,Union County,New Mexico
35059,50-64,771,35,Union County,New Mexico
35059,65+,911,35,Union County,New Mexico
35061,0-4,4297,35,Valencia County,New Mexico
35061,18-49,30460,35,Valencia County,New Mexico
35061,5-17,13404,35,Valencia County,New Mexico
35061,50-64,14884,35,Valencia County,New Mexico
35061,65+,14337,35,Valencia County,New Mexico
36001,0-4,14928,36,Albany County,New York
36001,18-49,142150,36,Albany County,New York
36001,5-17,42505,36,Albany County,New York
36001,50-64,59659,36,Albany County,New York
36001,65+,56132,36,Albany County,New York
36003,0-4,2396,36,Allegany County,New York
36003,18-49,19410,36,Allegany County,New York
36003,5-17,6948,36,Allegany County,New York
36003,50-64,8994,36,Allegany County,New York
36003,65+,9279,36,Allegany County,New York
36005,0-4,95128,36,Bronx County,New York
36005,18-49,615851,36,Bronx County,New York
36005,5-17,252235,36,Bronx County,New York
36005,50-64,258334,36,Bronx County,New York
36005,65+,197702,36,Bronx County,New York
36007,0-4,9700,36,Broome County,New York
36007,18-49,81982,36,Broome County,New York
36007,5-17,28453,36,Broome County,New York
36007,50-64,38230,36,Broome County,New York
36007,65+,39373,36,Broome County,New York
36009,0-4,4235,36,Cattaraugus County,New York
36009,18-49,27874,36,Cattaraugus County,New York
36009,5-17,12601,36,Cattaraugus County,New York
36009,50-64,16267,36,Cattaraugus County,New York
36009,65+,15502,36,Cattaraugus County,New York
36011,0-4,3656,36,Cayuga County,New York
36011,18-49,28428,36,Cayuga County,New York
36011,5-17,11073,36,Cayuga County,New York
36011,50-64,16798,36,Cayuga County,New York
36011,65+,15509,36,Cayuga County,New York
36013,0-4,6686,36,Chautauqua County,New York
36013,18-49,47128,36,Chautauqua County,New York
36013,5-17,19434,36,Chautauqua County,New York
36013,50-64,26606,36,Chautauqua County,New York
36013,65+,26475,36,Chautauqua County,New York
36015,0-4,4336,36,Chemung County,New York
36015,18-49,31567,36,Chemung County,New York
36015,5-17,13196,36,Chemung County,New York
36015,50-64,17210,36,Chemung County,New York
36015,65+,16496,36,Chemung County,New York
36017,0-4,2408,36,Chenango County,New York
36017,18-49,16380,36,Chenango County,New York
36017,5-17,7259,36,Chenango County,New York
36017,50-64,10519,36,Chenango County,New York
36017,65+,10119,36,Chenango County,New York
36019,0-4,3545,36,Clinton County,New York
36019,18-49,33249,36,Clinton County,New York
36019,5-17,10835,36,Clinton County,New York
36019,50-64,16885,36,Clinton County,New York
36019,65+,14447,36,Clinton County,New York
36021,0-4,2400,36,Columbia County,New York
36021,18-49,21172,36,Columbia County,New York
36021,5-17,7574,36,Columbia County,New York
36021,50-64,14531,36,Columbia County,New York
36021,65+,15568,36,Columbia County,New York
36023,0-4,2183,36,Cortland County,New York
36023,18-49,21086,36,Cortland County,New York
36023,5-17,6504,36,Cortland County,New York
36023,50-64,8859,36,Cortland County,New York
36023,65+,7769,36,Cortland County,New York
36025,0-4,1807,36,Delaware County,New York
36025,18-49,15654,36,Delaware County,New York
36025,5-17,5421,36,Delaware County,New York
36025,50-64,10227,36,Delaware County,New York
36025,65+,11442,36,Delaware County,New York
36027,0-4,13613,36,Dutchess County,New York
36027,18-49,120244,36,Dutchess County,New York
36027,5-17,41729,36,Dutchess County,New York
36027,50-64,66195,36,Dutchess County,New York
36027,65+,55363,36,Dutchess County,New York
36029,0-4,50387,36,Erie County,New York
36029,18-49,384583,36,Erie County,New York
36029,5-17,142166,36,Erie County,New York
36029,50-64,194232,36,Erie County,New York
36029,65+,178676,36,Erie County,New York
36031,0-4,1399,36,Essex County,New York
36031,18-49,12907,36,Essex County,New York
36031,5-17,4478,36,Essex County,New York
36031,50-64,8768,36,Essex County,New York
36031,65+,9525,36,Essex County,New York
36033,0-4,2291,36,Franklin County,New York
36033,18-49,18514,36,Franklin County,New York
36033,5-17,7265,36,Franklin County,New York
36033,50-64,10094,36,Franklin County,New York
36033,65+,8902,36,Franklin County,New York
36035,0-4,2460,36,Fulton County,New York
36035,18-49,19612,36,Fulton County,New York
36035,5-17,8175,36,Fulton County,New York
36035,50-64,11794,36,Fulton County,New York
36035,65+,10746,36,Fulton County,New York
36037,0-4,3002,36,Genesee County,New York
36037,18-49,21890,36,Genesee County,New York
36037,5-17,8840,36,Genesee County,New York
36037,50-64,12842,36,Genesee County,New York
36037,65+,11369,36,Genesee County,New York
36039,0-4,2030,36,Greene County,New York
36039,18-49,17632,36,Greene County,New York
36039,5-17,5744,36,Greene County,New York
36039,50-64,10999,36,Greene County,New York
36039,65+,11149,36,Greene County,New York
36041,0-4,159,36,Hamilton County,New York
36041,18-49,1384,36,Hamilton County,New York
36041,5-17,507,36,Hamilton County,New York
36041,50-64,1381,36,Hamilton County,New York
36041,65+,1671,36,Hamilton County,New York
36043,0-4,2912,36,Herkimer County,New York
36043,18-49,21429,36,Herkimer County,New York
36043,5-17,9424,36,Herkimer County,New York
36043,50-64,13222,36,Herkimer County,New York
36043,65+,12945,36,Herkimer County,New York
36045,0-4,8543,36,Jefferson County,New York
36045,18-49,52288,36,Jefferson County,New York
36045,5-17,19298,36,Jefferson County,New York
36045,50-64,19003,36,Jefferson County,New York
36045,65+,16998,36,Jefferson County,New York
36047,0-4,175887,36,Kings County,New York
36047,18-49,1204333,36,Kings County,New York
36047,5-17,419150,36,Kings County,New York
36047,50-64,450866,36,Kings County,New York
36047,65+,396070,36,Kings County,New York
36049,0-4,1582,36,Lewis County,New York
36049,18-49,9458,36,Lewis County,New York
36049,5-17,4568,36,Lewis County,New York
36049,50-64,5723,36,Lewis County,New York
36049,65+,5287,36,Lewis County,New York
36051,0-4,2714,36,Livingston County,New York
36051,18-49,25248,36,Livingston County,New York
36051,5-17,8367,36,Livingston County,New York
36051,50-64,13269,36,Livingston County,New York
36051,65+,11990,36,Livingston County,New York
36053,0-4,3115,36,Madison County,New York
36053,18-49,26741,36,Madison County,New York
36053,5-17,9436,36,Madison County,New York
36053,50-64,14947,36,Madison County,New York
36053,65+,13333,36,Madison County,New York
36055,0-4,39828,36,Monroe County,New York
36055,18-49,310835,36,Monroe County,New York
36055,5-17,115158,36,Monroe County,New York
36055,50-64,150495,36,Monroe County,New York
36055,65+,137752,36,Monroe County,New York
36057,0-4,3049,36,Montgomery County,New York
36057,18-49,18712,36,Montgomery County,New York
36057,5-17,8374,36,Montgomery County,New York
36057,50-64,9950,36,Montgomery County,New York
36057,65+,9376,36,Montgomery County,New York
36059,0-4,74107,36,Nassau County,New York
36059,18-49,539037,36,Nassau County,New York
36059,5-17,226032,36,Nassau County,New York
36059,50-64,295674,36,Nassau County,New York
36059,65+,253288,36,Nassau County,New York
36061,0-4,69934,36,New York County,New York
36061,18-49,818044,36,New York County,New York
36061,5-17,159585,36,New York County,New York
36061,50-64,290885,36,New York County,New York
36061,65+,289340,36,New York County,New York
36063,0-4,10743,36,Niagara County,New York
36063,18-49,79673,36,Niagara County,New York
36063,5-17,31493,36,Niagara County,New York
36063,50-64,46819,36,Niagara County,New York
36063,65+,42613,36,Niagara County,New York
36065,0-4,12713,36,Oneida County,New York
36065,18-49,88731,36,Oneida County,New York
36065,5-17,36829,36,Oneida County,New York
36065,50-64,46836,36,Oneida County,New York
36065,65+,44536,36,Oneida County,New York
36067,0-4,25989,36,Onondaga County,New York
36067,18-49,191176,36,Onondaga County,New York
36067,5-17,73606,36,Onondaga County,New York
36067,50-64,95059,36,Onondaga County,New York
36067,65+,85781,36,Onondaga County,New York
36069,0-4,5215,36,Ontario County,New York
36069,18-49,41596,36,Ontario County,New York
36069,5-17,16687,36,Ontario County,New York
36069,50-64,24716,36,Ontario County,New York
36069,65+,24191,36,Ontario County,New York
36071,0-4,27143,36,Orange County,New York
36071,18-49,163699,36,Orange County,New York
36071,5-17,76597,36,Orange County,New York
36071,50-64,78456,36,Orange County,New York
36071,65+,57945,36,Orange County,New York
36073,0-4,1852,36,Orleans County,New York
36073,18-49,15086,36,Orleans County,New York
36073,5-17,5739,36,Orleans County,New York
36073,50-64,9467,36,Orleans County,New York
36073,65+,7542,36,Orleans County,New York
36075,0-4,6194,36,Oswego County,New York
36075,18-49,47025,36,Oswego County,New York
36075,5-17,18226,36,Oswego County,New York
36075,50-64,25925,36,Oswego County,New York
36075,65+,20575,36,Oswego County,New York
36077,0-4,2401,36,Otsego County,New York
36077,18-49,26068,36,Otsego County,New York
36077,5-17,6708,36,Otsego County,New York
36077,50-64,11861,36,Otsego County,New York
36077,65+,12700,36,Otsego County,New York
36079,0-4,4521,36,Putnam County,New York
36079,18-49,37305,36,Putnam County,New York
36079,5-17,14659,36,Putnam County,New York
36079,50-64,23182,36,Putnam County,New York
36079,65+,18321,36,Putnam County,New York
36081,0-4,130458,36,Queens County,New York
36081,18-49,993797,36,Queens County,New York
36081,5-17,330477,36,Queens County,New York
36081,50-64,475612,36,Queens County,New York
36081,65+,399780,36,Queens County,New York
36083,0-4,7895,36,Rensselaer County,New York
36083,18-49,67815,36,Rensselaer County,New York
36083,5-17,22947,36,Rensselaer County,New York
36083,50-64,33034,36,Rensselaer County,New York
36083,65+,28650,36,Rensselaer County,New York
36085,0-4,26826,36,Richmond County,New York
36085,18-49,199418,36,Richmond County,New York
36085,5-17,80517,36,Richmond County,New York
36085,50-64,103070,36,Richmond County,New York
36085,65+,82903,36,Richmond County,New York
36087,0-4,28957,36,Rockland County,New York
36087,18-49,126154,36,Rockland County,New York
36087,5-17,70776,36,Rockland County,New York
36087,50-64,60214,36,Rockland County,New York
36087,65+,52835,36,Rockland County,New York
36089,0-4,5287,36,St. Lawrence County,New York
36089,18-49,44635,36,St. Lawrence County,New York
36089,5-17,16401,36,St. Lawrence County,New York
36089,50-64,21659,36,St. Lawrence County,New York
36089,65+,19814,36,St. Lawrence County,New York
36091,0-4,11066,36,Saratoga County,New York
36091,18-49,92795,36,Saratoga County,New York
36091,5-17,34841,36,Saratoga County,New York
36091,50-64,52426,36,Saratoga County,New York
36091,65+,45947,36,Saratoga County,New York
36093,0-4,9253,36,Schenectady County,New York
36093,18-49,65632,36,Schenectady County,New York
36093,5-17,25191,36,Schenectady County,New York
36093,50-64,31436,36,Schenectady County,New York
36093,65+,28091,36,Schenectady County,New York
36095,0-4,1283,36,Schoharie County,New York
36095,18-49,11159,36,Schoharie County,New York
36095,5-17,3962,36,Schoharie County,New York
36095,50-64,6591,36,Schoharie County,New York
36095,65+,6984,36,Schoharie County,New York
36097,0-4,845,36,Schuyler County,New York
36097,18-49,6133,36,Schuyler County,New York
36097,5-17,2529,36,Schuyler County,New York
36097,50-64,4247,36,Schuyler County,New York
36097,65+,3995,36,Schuyler County,New York
36099,0-4,1819,36,Seneca County,New York
36099,18-49,12362,36,Seneca County,New York
36099,5-17,4960,36,Seneca County,New York
36099,50-64,7102,36,Seneca County,New York
36099,65+,6882,36,Seneca County,New York
36101,0-4,5080,36,Steuben County,New York
36101,18-49,33855,36,Steuben County,New York
36101,5-17,15020,36,Steuben County,New York
36101,50-64,20184,36,Steuben County,New York
36101,65+,18895,36,Steuben County,New York
36103,0-4,81002,36,Suffolk County,New York
36103,18-49,599848,36,Suffolk County,New York
36103,5-17,238322,36,Suffolk County,New York
36103,50-64,339975,36,Suffolk County,New York
36103,65+,266533,36,Suffolk County,New York
36105,0-4,4656,36,Sullivan County,New York
36105,18-49,30207,36,Sullivan County,New York
36105,5-17,12291,36,Sullivan County,New York
36105,50-64,16935,36,Sullivan County,New York
36105,65+,15058,36,Sullivan County,New York
36107,0-4,2479,36,Tioga County,New York
36107,18-49,17155,36,Tioga County,New York
36107,5-17,7362,36,Tioga County,New York
36107,50-64,10907,36,Tioga County,New York
36107,65+,10203,36,Tioga County,New York
36109,0-4,3712,36,Tompkins County,New York
36109,18-49,55106,36,Tompkins County,New York
36109,5-17,11276,36,Tompkins County,New York
36109,50-64,16291,36,Tompkins County,New York
36109,65+,16494,36,Tompkins County,New York
36111,0-4,7926,36,Ulster County,New York
36111,18-49,72335,36,Ulster County,New York
36111,5-17,23710,36,Ulster County,New York
36111,50-64,40331,36,Ulster County,New York
36111,65+,37807,36,Ulster County,New York
36113,0-4,2769,36,Warren County,New York
36113,18-49,23384,36,Warren County,New York
36113,5-17,8837,36,Warren County,New York
36113,50-64,15116,36,Warren County,New York
36113,65+,15454,36,Warren County,New York
36115,0-4,2771,36,Washington County,New York
36115,18-49,22852,36,Washington County,New York
36115,5-17,8532,36,Washington County,New York
36115,50-64,14010,36,Washington County,New York
36115,65+,12718,36,Washington County,New York
36117,0-4,4957,36,Wayne County,New York
36117,18-49,32607,36,Wayne County,New York
36117,5-17,14374,36,Wayne County,New York
36117,50-64,20800,36,Wayne County,New York
36117,65+,18390,36,Wayne County,New York
36119,0-4,53282,36,Westchester County,New York
36119,18-49,395845,36,Westchester County,New York
36119,5-17,161457,36,Westchester County,New York
36119,50-64,209676,36,Westchester County,New York
36119,65+,176628,36,Westchester County,New York
36121,0-4,1890,36,Wyoming County,New York
36121,18-49,15731,36,Wyoming County,New York
36121,5-17,5587,36,Wyoming County,New York
36121,50-64,8836,36,Wyoming County,New York
36121,65+,7936,36,Wyoming County,New York
36123,0-4,1557,36,Yates County,New York
36123,18-49,8565,36,Yates County,New York
36123,5-17,4069,36,Yates County,New York
36123,50-64,5054,36,Yates County,New York
36123,65+,5392,36,Yates County,New York
37001,0-4,9957,37,Alamance County,North Carolina
37001,18-49,71677,37,Alamance County,North Carolina
37001,5-17,28824,37,Alamance County,North Carolina
37001,50-64,34314,37,Alamance County,North Carolina
37001,65+,29514,37,Alamance County,North Carolina
37003,0-4,1781,37,Alexander County,North Carolina
37003,18-49,13904,37,Alexander County,North Carolina
37003,5-17,5358,37,Alexander County,North Carolina
37003,50-64,7897,37,Alexander County,North Carolina
37003,65+,7500,37,Alexander County,North Carolina
37005,0-4,465,37,Alleghany County,North Carolina
37005,18-49,3421,37,Alleghany County,North Carolina
37005,5-17,1373,37,Alleghany County,North Carolina
37005,50-64,2524,37,Alleghany County,North Carolina
37005,65+,3292,37,Alleghany County,North Carolina
37007,0-4,1145,37,Anson County,North Carolina
37007,18-49,8673,37,Anson County,North Carolina
37007,5-17,3292,37,Anson County,North Carolina
37007,50-64,4431,37,Anson County,North Carolina
37007,65+,4362,37,Anson County,North Carolina
37009,0-4,1034,37,Ashe County,North Carolina
37009,18-49,8949,37,Ashe County,North Carolina
37009,5-17,3518,37,Ashe County,North Carolina
37009,50-64,6094,37,Ashe County,North Carolina
37009,65+,7236,37,Ashe County,North Carolina
37011,0-4,674,37,Avery County,North Carolina
37011,18-49,7126,37,Avery County,North Carolina
37011,5-17,1896,37,Avery County,North Carolina
37011,50-64,3888,37,Avery County,North Carolina
37011,65+,4059,37,Avery County,North Carolina
37013,0-4,2111,37,Beaufort County,North Carolina
37013,18-49,15146,37,Beaufort County,North Carolina
37013,5-17,6538,37,Beaufort County,North Carolina
37013,50-64,9672,37,Beaufort County,North Carolina
37013,65+,11130,37,Beaufort County,North Carolina
37015,0-4,712,37,Bertie County,North Carolina
37015,18-49,6594,37,Bertie County,North Carolina
37015,5-17,2151,37,Bertie County,North Carolina
37015,50-64,3780,37,Bertie County,North Carolina
37015,65+,4245,37,Bertie County,North Carolina
37017,0-4,1440,37,Bladen County,North Carolina
37017,18-49,10501,37,Bladen County,North Carolina
37017,5-17,4666,37,Bladen County,North Carolina
37017,50-64,6126,37,Bladen County,North Carolina
37017,65+,6858,37,Bladen County,North Carolina
37019,0-4,5377,37,Brunswick County,North Carolina
37019,18-49,41629,37,Brunswick County,North Carolina
37019,5-17,15570,37,Brunswick County,North Carolina
37019,50-64,34796,37,Brunswick County,North Carolina
37019,65+,48517,37,Brunswick County,North Carolina
37021,0-4,12489,37,Buncombe County,North Carolina
37021,18-49,112887,37,Buncombe County,North Carolina
37021,5-17,36650,37,Buncombe County,North Carolina
37021,50-64,53192,37,Buncombe County,North Carolina
37021,65+,56572,37,Buncombe County,North Carolina
37023,0-4,4216,37,Burke County,North Carolina
37023,18-49,33240,37,Burke County,North Carolina
37023,5-17,12089,37,Burke County,North Carolina
37023,50-64,19659,37,Burke County,North Carolina
37023,65+,18659,37,Burke County,North Carolina
37025,0-4,14153,37,Cabarrus County,North Carolina
37025,18-49,98087,37,Cabarrus County,North Carolina
37025,5-17,44532,37,Cabarrus County,North Carolina
37025,50-64,43511,37,Cabarrus County,North Carolina
37025,65+,30979,37,Cabarrus County,North Carolina
37027,0-4,3959,37,Caldwell County,North Carolina
37027,18-49,29472,37,Caldwell County,North Carolina
37027,5-17,12080,37,Caldwell County,North Carolina
37027,50-64,18047,37,Caldwell County,North Carolina
37027,65+,17060,37,Caldwell County,North Carolina
37029,0-4,592,37,Camden County,North Carolina
37029,18-49,4225,37,Camden County,North Carolina
37029,5-17,2016,37,Camden County,North Carolina
37029,50-64,2196,37,Camden County,North Carolina
37029,65+,1714,37,Camden County,North Carolina
37031,0-4,2577,37,Carteret County,North Carolina
37031,18-49,22457,37,Carteret County,North Carolina
37031,5-17,9130,37,Carteret County,North Carolina
37031,50-64,16437,37,Carteret County,North Carolina
37031,65+,18051,37,Carteret County,North Carolina
37033,0-4,1054,37,Caswell County,North Carolina
37033,18-49,8415,37,Caswell County,North Carolina
37033,5-17,3102,37,Caswell County,North Carolina
37033,50-64,5022,37,Caswell County,North Carolina
37033,65+,5096,37,Caswell County,North Carolina
37035,0-4,8762,37,Catawba County,North Carolina
37035,18-49,62433,37,Catawba County,North Carolina
37035,5-17,26669,37,Catawba County,North Carolina
37035,50-64,34330,37,Catawba County,North Carolina
37035,65+,29857,37,Catawba County,North Carolina
37037,0-4,3568,37,Chatham County,North Carolina
37037,18-49,26179,37,Chatham County,North Carolina
37037,5-17,11846,37,Chatham County,North Carolina
37037,50-64,17195,37,Chatham County,North Carolina
37037,65+,19531,37,Chatham County,North Carolina
37039,0-4,1118,37,Cherokee County,North Carolina
37039,18-49,8557,37,Cherokee County,North Carolina
37039,5-17,3581,37,Cherokee County,North Carolina
37039,50-64,6813,37,Cherokee County,North Carolina
37039,65+,9128,37,Cherokee County,North Carolina
37041,0-4,630,37,Chowan County,North Carolina
37041,18-49,4477,37,Chowan County,North Carolina
37041,5-17,2065,37,Chowan County,North Carolina
37041,50-64,2872,37,Chowan County,North Carolina
37041,65+,3770,37,Chowan County,North Carolina
37043,0-4,510,37,Clay County,North Carolina
37043,18-49,3216,37,Clay County,North Carolina
37043,5-17,1338,37,Clay County,North Carolina
37043,50-64,2648,37,Clay County,North Carolina
37043,65+,3679,37,Clay County,North Carolina
37045,0-4,5807,37,Cleveland County,North Carolina
37045,18-49,38119,37,Cleveland County,North Carolina
37045,5-17,16559,37,Cleveland County,North Carolina
37045,50-64,20911,37,Cleveland County,North Carolina
37045,65+,18774,37,Cleveland County,North Carolina
37047,0-4,2645,37,Columbus County,North Carolina
37047,18-49,19273,37,Columbus County,North Carolina
37047,5-17,7797,37,Columbus County,North Carolina
37047,50-64,10428,37,Columbus County,North Carolina
37047,65+,10310,37,Columbus County,North Carolina
37049,0-4,6143,37,Craven County,North Carolina
37049,18-49,39850,37,Craven County,North Carolina
37049,5-17,15755,37,Craven County,North Carolina
37049,50-64,18651,37,Craven County,North Carolina
37049,65+,20675,37,Craven County,North Carolina
37051,0-4,24819,37,Cumberland County,North Carolina
37051,18-49,157135,37,Cumberland County,North Carolina
37051,5-17,59797,37,Cumberland County,North Carolina
37051,50-64,52254,37,Cumberland County,North Carolina
37051,65+,42744,37,Cumberland County,North Carolina
37053,0-4,1470,37,Currituck County,North Carolina
37053,18-49,10919,37,Currituck County,North Carolina
37053,5-17,5084,37,Currituck County,North Carolina
37053,50-64,7033,37,Currituck County,North Carolina
37053,65+,5106,37,Currituck County,North Carolina
37055,0-4,1543,37,Dare County,North Carolina
37055,18-49,12659,37,Dare County,North Carolina
37055,5-17,5259,37,Dare County,North Carolina
37055,50-64,8965,37,Dare County,North Carolina
37055,65+,9108,37,Dare County,North Carolina
37057,0-4,9159,37,Davidson County,North Carolina
37057,18-49,64449,37,Davidson County,North Carolina
37057,5-17,28121,37,Davidson County,North Carolina
37057,50-64,37494,37,Davidson County,North Carolina
37057,65+,31840,37,Davidson County,North Carolina
37059,0-4,2149,37,Davie County,North Carolina
37059,18-49,15274,37,Davie County,North Carolina
37059,5-17,7001,37,Davie County,North Carolina
37059,50-64,9632,37,Davie County,North Carolina
37059,65+,9470,37,Davie County,North Carolina
37061,0-4,3058,37,Duplin County,North Carolina
37061,18-49,18052,37,Duplin County,North Carolina
37061,5-17,8576,37,Duplin County,North Carolina
37061,50-64,9728,37,Duplin County,North Carolina
37061,65+,9639,37,Duplin County,North Carolina
37063,0-4,19813,37,Durham County,North Carolina
37063,18-49,160623,37,Durham County,North Carolina
37063,5-17,46537,37,Durham County,North Carolina
37063,50-64,56193,37,Durham County,North Carolina
37063,65+,46239,37,Durham County,North Carolina
37065,0-4,2817,37,Edgecombe County,North Carolina
37065,18-49,17635,37,Edgecombe County,North Carolina
37065,5-17,8367,37,Edgecombe County,North Carolina
37065,50-64,9976,37,Edgecombe County,North Carolina
37065,65+,9982,37,Edgecombe County,North Carolina
37067,0-4,22235,37,Forsyth County,North Carolina
37067,18-49,159477,37,Forsyth County,North Carolina
37067,5-17,65979,37,Forsyth County,North Carolina
37067,50-64,74815,37,Forsyth County,North Carolina
37067,65+,64234,37,Forsyth County,North Carolina
37069,0-4,4019,37,Franklin County,North Carolina
37069,18-49,28474,37,Franklin County,North Carolina
37069,5-17,11725,37,Franklin County,North Carolina
37069,50-64,15468,37,Franklin County,North Carolina
37069,65+,12276,37,Franklin County,North Carolina
37071,0-4,13413,37,Gaston County,North Carolina
37071,18-49,94151,37,Gaston County,North Carolina
37071,5-17,38814,37,Gaston County,North Carolina
37071,50-64,47349,37,Gaston County,North Carolina
37071,65+,37758,37,Gaston County,North Carolina
37073,0-4,370,37,Gates County,North Carolina
37073,18-49,3479,37,Gates County,North Carolina
37073,5-17,1665,37,Gates County,North Carolina
37073,50-64,2627,37,Gates County,North Carolina
37073,65+,2296,37,Gates County,North Carolina
37075,0-4,312,37,Graham County,North Carolina
37075,18-49,2925,37,Graham County,North Carolina
37075,5-17,1167,37,Graham County,North Carolina
37075,50-64,1641,37,Graham County,North Carolina
37075,65+,1996,37,Graham County,North Carolina
37077,0-4,3166,37,Granville County,North Carolina
37077,18-49,24368,37,Granville County,North Carolina
37077,5-17,9481,37,Granville County,North Carolina
37077,50-64,13810,37,Granville County,North Carolina
37077,65+,10614,37,Granville County,North Carolina
37079,0-4,975,37,Greene County,North Carolina
37079,18-49,9114,37,Greene County,North Carolina
37079,5-17,2889,37,Greene County,North Carolina
37079,50-64,3983,37,Greene County,North Carolina
37079,65+,3460,37,Greene County,North Carolina
37081,0-4,30540,37,Guilford County,North Carolina
37081,18-49,235601,37,Guilford County,North Carolina
37081,5-17,89785,37,Guilford County,North Carolina
37081,50-64,102228,37,Guilford County,North Carolina
37081,65+,84833,37,Guilford County,North Carolina
37083,0-4,2634,37,Halifax County,North Carolina
37083,18-49,17369,37,Halifax County,North Carolina
37083,5-17,7617,37,Halifax County,North Carolina
37083,50-64,10173,37,Halifax County,North Carolina
37083,65+,10426,37,Halifax County,North Carolina
37085,0-4,9624,37,Harnett County,North Carolina
37085,18-49,59751,37,Harnett County,North Carolina
37085,5-17,25367,37,Harnett County,North Carolina
37085,50-64,23461,37,Harnett County,North Carolina
37085,65+,18300,37,Harnett County,North Carolina
37087,0-4,2630,37,Haywood County,North Carolina
37087,18-49,21674,37,Haywood County,North Carolina
37087,5-17,8505,37,Haywood County,North Carolina
37087,50-64,13796,37,Haywood County,North Carolina
37087,65+,15827,37,Haywood County,North Carolina
37089,0-4,5429,37,Henderson County,North Carolina
37089,18-49,40092,37,Henderson County,North Carolina
37089,5-17,16849,37,Henderson County,North Carolina
37089,50-64,24465,37,Henderson County,North Carolina
37089,65+,30552,37,Henderson County,North Carolina
37091,0-4,939,37,Hertford County,North Carolina
37091,18-49,8051,37,Hertford County,North Carolina
37091,5-17,2939,37,Hertford County,North Carolina
37091,50-64,4197,37,Hertford County,North Carolina
37091,65+,4366,37,Hertford County,North Carolina
37093,0-4,4290,37,Hoke County,North Carolina
37093,18-49,23722,37,Hoke County,North Carolina
37093,5-17,10142,37,Hoke County,North Carolina
37093,50-64,8894,37,Hoke County,North Carolina
37093,65+,6054,37,Hoke County,North Carolina
37095,0-4,124,37,Hyde County,North Carolina
37095,18-49,1563,37,Hyde County,North Carolina
37095,5-17,721,37,Hyde County,North Carolina
37095,50-64,1163,37,Hyde County,North Carolina
37095,65+,1054,37,Hyde County,North Carolina
37097,0-4,10242,37,Iredell County,North Carolina
37097,18-49,75888,37,Iredell County,North Carolina
37097,5-17,32906,37,Iredell County,North Carolina
37097,50-64,41219,37,Iredell County,North Carolina
37097,65+,31545,37,Iredell County,North Carolina
37099,0-4,1625,37,Jackson County,North Carolina
37099,18-49,19318,37,Jackson County,North Carolina
37099,5-17,5561,37,Jackson County,North Carolina
37099,50-64,7786,37,Jackson County,North Carolina
37099,65+,8799,37,Jackson County,North Carolina
37101,0-4,13793,37,Johnston County,North Carolina
37101,18-49,94244,37,Johnston County,North Carolina
37101,5-17,43159,37,Johnston County,North Carolina
37101,50-64,44812,37,Johnston County,North Carolina
37101,65+,30615,37,Johnston County,North Carolina
37103,0-4,470,37,Jones County,North Carolina
37103,18-49,3195,37,Jones County,North Carolina
37103,5-17,1230,37,Jones County,North Carolina
37103,50-64,2148,37,Jones County,North Carolina
37103,65+,2202,37,Jones County,North Carolina
37105,0-4,3987,37,Lee County,North Carolina
37105,18-49,25368,37,Lee County,North Carolina
37105,5-17,11435,37,Lee County,North Carolina
37105,50-64,12878,37,Lee County,North Carolina
37105,65+,10897,37,Lee County,North Carolina
37107,0-4,3138,37,Lenoir County,North Carolina
37107,18-49,19593,37,Lenoir County,North Carolina
37107,5-17,9322,37,Lenoir County,North Carolina
37107,50-64,11288,37,Lenoir County,North Carolina
37107,65+,11576,37,Lenoir County,North Carolina
37109,0-4,4557,37,Lincoln County,North Carolina
37109,18-49,33956,37,Lincoln County,North Carolina
37109,5-17,14212,37,Lincoln County,North Carolina
37109,50-64,20466,37,Lincoln County,North Carolina
37109,65+,17168,37,Lincoln County,North Carolina
37111,0-4,2056,37,McDowell County,North Carolina
37111,18-49,16914,37,McDowell County,North Carolina
37111,5-17,6762,37,McDowell County,North Carolina
37111,50-64,9690,37,McDowell County,North Carolina
37111,65+,9257,37,McDowell County,North Carolina
37113,0-4,1660,37,Macon County,North Carolina
37113,18-49,11974,37,Macon County,North Carolina
37113,5-17,5117,37,Macon County,North Carolina
37113,50-64,7950,37,Macon County,North Carolina
37113,65+,10832,37,Macon County,North Carolina
37115,0-4,965,37,Madison County,North Carolina
37115,18-49,8396,37,Madison County,North Carolina
37115,5-17,2829,37,Madison County,North Carolina
37115,50-64,4445,37,Madison County,North Carolina
37115,65+,5005,37,Madison County,North Carolina
37117,0-4,1070,37,Martin County,North Carolina
37117,18-49,7313,37,Martin County,North Carolina
37117,5-17,3352,37,Martin County,North Carolina
37117,50-64,4594,37,Martin County,North Carolina
37117,65+,5444,37,Martin County,North Carolina
37119,0-4,72625,37,Mecklenburg County,North Carolina
37119,18-49,538584,37,Mecklenburg County,North Carolina
37119,5-17,188238,37,Mecklenburg County,North Carolina
37119,50-64,199178,37,Mecklenburg County,North Carolina
37119,65+,132281,37,Mecklenburg County,North Carolina
37121,0-4,669,37,Mitchell County,North Carolina
37121,18-49,5140,37,Mitchell County,North Carolina
37121,5-17,2009,37,Mitchell County,North Carolina
37121,50-64,3343,37,Mitchell County,North Carolina
37121,65+,3812,37,Mitchell County,North Carolina
37123,0-4,1311,37,Montgomery County,North Carolina
37123,18-49,9379,37,Montgomery County,North Carolina
37123,5-17,4082,37,Montgomery County,North Carolina
37123,50-64,5457,37,Montgomery County,North Carolina
37123,65+,5645,37,Montgomery County,North Carolina
37125,0-4,6003,37,Moore County,North Carolina
37125,18-49,36846,37,Moore County,North Carolina
37125,5-17,16372,37,Moore County,North Carolina
37125,50-64,18888,37,Moore County,North Carolina
37125,65+,24731,37,Moore County,North Carolina
37127,0-4,5372,37,Nash County,North Carolina
37127,18-49,36487,37,Nash County,North Carolina
37127,5-17,15717,37,Nash County,North Carolina
37127,50-64,19785,37,Nash County,North Carolina
37127,65+,18090,37,Nash County,North Carolina
37129,0-4,10780,37,New Hanover County,North Carolina
37129,18-49,101378,37,New Hanover County,North Carolina
37129,5-17,31392,37,New Hanover County,North Carolina
37129,50-64,44424,37,New Hanover County,North Carolina
37129,65+,43240,37,New Hanover County,North Carolina
37131,0-4,832,37,Northampton County,North Carolina
37131,18-49,5225,37,Northampton County,North Carolina
37131,5-17,2253,37,Northampton County,North Carolina
37131,50-64,3993,37,Northampton County,North Carolina
37131,65+,4909,37,Northampton County,North Carolina
37133,0-4,16720,37,Onslow County,North Carolina
37133,18-49,112771,37,Onslow County,North Carolina
37133,5-17,34051,37,Onslow County,North Carolina
37133,50-64,24688,37,Onslow County,North Carolina
37133,65+,20307,37,Onslow County,North Carolina
37135,0-4,6168,37,Orange County,North Carolina
37135,18-49,68913,37,Orange County,North Carolina
37135,5-17,22343,37,Orange County,North Carolina
37135,50-64,26767,37,Orange County,North Carolina
37135,65+,23101,37,Orange County,North Carolina
37137,0-4,420,37,Pamlico County,North Carolina
37137,18-49,3755,37,Pamlico County,North Carolina
37137,5-17,1332,37,Pamlico County,North Carolina
37137,50-64,3033,37,Pamlico County,North Carolina
37137,65+,3775,37,Pamlico County,North Carolina
37139,0-4,2483,37,Pasquotank County,North Carolina
37139,18-49,16937,37,Pasquotank County,North Carolina
37139,5-17,6339,37,Pasquotank County,North Carolina
37139,50-64,7689,37,Pasquotank County,North Carolina
37139,65+,7382,37,Pasquotank County,North Carolina
37141,0-4,3461,37,Pender County,North Carolina
37141,18-49,24366,37,Pender County,North Carolina
37141,5-17,10808,37,Pender County,North Carolina
37141,50-64,13391,37,Pender County,North Carolina
37141,65+,11449,37,Pender County,North Carolina
37143,0-4,598,37,Perquimans County,North Carolina
37143,18-49,4010,37,Perquimans County,North Carolina
37143,5-17,1871,37,Perquimans County,North Carolina
37143,50-64,2935,37,Perquimans County,North Carolina
37143,65+,3732,37,Perquimans County,North Carolina
37145,0-4,2070,37,Person County,North Carolina
37145,18-49,14254,37,Person County,North Carolina
37145,5-17,6063,37,Person County,North Carolina
37145,50-64,8638,37,Person County,North Carolina
37145,65+,8250,37,Person County,North Carolina
37147,0-4,9709,37,Pitt County,North Carolina
37147,18-49,82164,37,Pitt County,North Carolina
37147,5-17,27341,37,Pitt County,North Carolina
37147,50-64,28453,37,Pitt County,North Carolina
37147,65+,24612,37,Pitt County,North Carolina
37149,0-4,700,37,Polk County,North Carolina
37149,18-49,5782,37,Polk County,North Carolina
37149,5-17,2366,37,Polk County,North Carolina
37149,50-64,4529,37,Polk County,North Carolina
37149,65+,6312,37,Polk County,North Carolina
37151,0-4,8177,37,Randolph County,North Carolina
37151,18-49,55159,37,Randolph County,North Carolina
37151,5-17,24387,37,Randolph County,North Carolina
37151,50-64,31230,37,Randolph County,North Carolina
37151,65+,26369,37,Randolph County,North Carolina
37153,0-4,2601,37,Richmond County,North Carolina
37153,18-49,16609,37,Richmond County,North Carolina
37153,5-17,7510,37,Richmond County,North Carolina
37153,50-64,8452,37,Richmond County,North Carolina
37153,65+,7646,37,Richmond County,North Carolina
37155,0-4,7975,37,Robeson County,North Carolina
37155,18-49,46922,37,Robeson County,North Carolina
37155,5-17,21863,37,Robeson County,North Carolina
37155,50-64,21608,37,Robeson County,North Carolina
37155,65+,18490,37,Robeson County,North Carolina
37157,0-4,4582,37,Rockingham County,North Carolina
37157,18-49,33253,37,Rockingham County,North Carolina
37157,5-17,14150,37,Rockingham County,North Carolina
37157,50-64,20592,37,Rockingham County,North Carolina
37157,65+,19008,37,Rockingham County,North Carolina
37159,0-4,8352,37,Rowan County,North Carolina
37159,18-49,58495,37,Rowan County,North Carolina
37159,5-17,24748,37,Rowan County,North Carolina
37159,50-64,30886,37,Rowan County,North Carolina
37159,65+,26006,37,Rowan County,North Carolina
37161,0-4,3241,37,Rutherford County,North Carolina
37161,18-49,23013,37,Rutherford County,North Carolina
37161,5-17,9897,37,Rutherford County,North Carolina
37161,50-64,14365,37,Rutherford County,North Carolina
37161,65+,14334,37,Rutherford County,North Carolina
37163,0-4,3755,37,Sampson County,North Carolina
37163,18-49,22498,37,Sampson County,North Carolina
37163,5-17,10735,37,Sampson County,North Carolina
37163,50-64,11621,37,Sampson County,North Carolina
37163,65+,10636,37,Sampson County,North Carolina
37165,0-4,2189,37,Scotland County,North Carolina
37165,18-49,14006,37,Scotland County,North Carolina
37165,5-17,5545,37,Scotland County,North Carolina
37165,50-64,6479,37,Scotland County,North Carolina
37165,65+,6134,37,Scotland County,North Carolina
37167,0-4,3568,37,Stanly County,North Carolina
37167,18-49,24651,37,Stanly County,North Carolina
37167,5-17,10235,37,Stanly County,North Carolina
37167,50-64,13001,37,Stanly County,North Carolina
37167,65+,12102,37,Stanly County,North Carolina
37169,0-4,1872,37,Stokes County,North Carolina
37169,18-49,15717,37,Stokes County,North Carolina
37169,5-17,6495,37,Stokes County,North Carolina
37169,50-64,10706,37,Stokes County,North Carolina
37169,65+,10099,37,Stokes County,North Carolina
37171,0-4,3736,37,Surry County,North Carolina
37171,18-49,26101,37,Surry County,North Carolina
37171,5-17,11365,37,Surry County,North Carolina
37171,50-64,15486,37,Surry County,North Carolina
37171,65+,14719,37,Surry County,North Carolina
37173,0-4,683,37,Swain County,North Carolina
37173,18-49,5436,37,Swain County,North Carolina
37173,5-17,2417,37,Swain County,North Carolina
37173,50-64,2758,37,Swain County,North Carolina
37173,65+,2771,37,Swain County,North Carolina
37175,0-4,1324,37,Transylvania County,North Carolina
37175,18-49,10740,37,Transylvania County,North Carolina
37175,5-17,3936,37,Transylvania County,North Carolina
37175,50-64,6996,37,Transylvania County,North Carolina
37175,65+,10247,37,Transylvania County,North Carolina
37177,0-4,170,37,Tyrrell County,North Carolina
37177,18-49,1403,37,Tyrrell County,North Carolina
37177,5-17,390,37,Tyrrell County,North Carolina
37177,50-64,551,37,Tyrrell County,North Carolina
37177,65+,862,37,Tyrrell County,North Carolina
37179,0-4,13362,37,Union County,North Carolina
37179,18-49,98829,37,Union County,North Carolina
37179,5-17,50347,37,Union County,North Carolina
37179,50-64,50036,37,Union County,North Carolina
37179,65+,32401,37,Union County,North Carolina
37181,0-4,2777,37,Vance County,North Carolina
37181,18-49,15749,37,Vance County,North Carolina
37181,5-17,7411,37,Vance County,North Carolina
37181,50-64,8466,37,Vance County,North Carolina
37181,65+,7958,37,Vance County,North Carolina
37183,0-4,67090,37,Wake County,North Carolina
37183,18-49,524764,37,Wake County,North Carolina
37183,5-17,202173,37,Wake County,North Carolina
37183,50-64,212928,37,Wake County,North Carolina
37183,65+,144054,37,Wake County,North Carolina
37185,0-4,822,37,Warren County,North Carolina
37185,18-49,6193,37,Warren County,North Carolina
37185,5-17,2569,37,Warren County,North Carolina
37185,50-64,4120,37,Warren County,North Carolina
37185,65+,5047,37,Warren County,North Carolina
37187,0-4,241,37,Washington County,North Carolina
37187,18-49,3523,37,Washington County,North Carolina
37187,5-17,1777,37,Washington County,North Carolina
37187,50-64,2380,37,Washington County,North Carolina
37187,65+,2984,37,Washington County,North Carolina
37189,0-4,1623,37,Watauga County,North Carolina
37189,18-49,29899,37,Watauga County,North Carolina
37189,5-17,5146,37,Watauga County,North Carolina
37189,50-64,8801,37,Watauga County,North Carolina
37189,65+,9138,37,Watauga County,North Carolina
37191,0-4,7523,37,Wayne County,North Carolina
37191,18-49,47682,37,Wayne County,North Carolina
37191,5-17,20382,37,Wayne County,North Carolina
37191,50-64,22328,37,Wayne County,North Carolina
37191,65+,19691,37,Wayne County,North Carolina
37193,0-4,3270,37,Wilkes County,North Carolina
37193,18-49,23763,37,Wilkes County,North Carolina
37193,5-17,9933,37,Wilkes County,North Carolina
37193,50-64,14036,37,Wilkes County,North Carolina
37193,65+,14981,37,Wilkes County,North Carolina
37195,0-4,4639,37,Wilson County,North Carolina
37195,18-49,30000,37,Wilson County,North Carolina
37195,5-17,13467,37,Wilson County,North Carolina
37195,50-64,15604,37,Wilson County,North Carolina
37195,65+,14938,37,Wilson County,North Carolina
37197,0-4,1857,37,Yadkin County,North Carolina
37197,18-49,13456,37,Yadkin County,North Carolina
37197,5-17,5897,37,Yadkin County,North Carolina
37197,50-64,8453,37,Yadkin County,North Carolina
37197,65+,7756,37,Yadkin County,North Carolina
37199,0-4,953,37,Yancey County,North Carolina
37199,18-49,6268,37,Yancey County,North Carolina
37199,5-17,2491,37,Yancey County,North Carolina
37199,50-64,4018,37,Yancey County,North Carolina
37199,65+,4946,37,Yancey County,North Carolina
38001,0-4,133,38,Adams County,North Dakota
38001,18-49,613,38,Adams County,North Dakota
38001,5-17,342,38,Adams County,North Dakota
38001,50-64,478,38,Adams County,North Dakota
38001,65+,613,38,Adams County,North Dakota
38003,0-4,475,38,Barnes County,North Dakota
38003,18-49,4067,38,Barnes County,North Dakota
38003,5-17,1657,38,Barnes County,North Dakota
38003,50-64,2139,38,Barnes County,North Dakota
38003,65+,2456,38,Barnes County,North Dakota
38005,0-4,560,38,Benson County,North Dakota
38005,18-49,1995,38,Benson County,North Dakota
38005,5-17,1422,38,Benson County,North Dakota
38005,50-64,982,38,Benson County,North Dakota
38005,65+,902,38,Benson County,North Dakota
38007,0-4,62,38,Billings County,North Dakota
38007,18-49,344,38,Billings County,North Dakota
38007,5-17,105,38,Billings County,North Dakota
38007,50-64,181,38,Billings County,North Dakota
38007,65+,256,38,Billings County,North Dakota
38009,0-4,374,38,Bottineau County,North Dakota
38009,18-49,2128,38,Bottineau County,North Dakota
38009,5-17,1050,38,Bottineau County,North Dakota
38009,50-64,1253,38,Bottineau County,North Dakota
38009,65+,1585,38,Bottineau County,North Dakota
38011,0-4,195,38,Bowman County,North Dakota
38011,18-49,981,38,Bowman County,North Dakota
38011,5-17,520,38,Bowman County,North Dakota
38011,50-64,540,38,Bowman County,North Dakota
38011,65+,699,38,Bowman County,North Dakota
38013,0-4,113,38,Burke County,North Dakota
38013,18-49,699,38,Burke County,North Dakota
38013,5-17,458,38,Burke County,North Dakota
38013,50-64,434,38,Burke County,North Dakota
38013,65+,459,38,Burke County,North Dakota
38015,0-4,6077,38,Burleigh County,North Dakota
38015,18-49,41051,38,Burleigh County,North Dakota
38015,5-17,17176,38,Burleigh County,North Dakota
38015,50-64,17474,38,Burleigh County,North Dakota
38015,65+,17208,38,Burleigh County,North Dakota
38017,0-4,12178,38,Cass County,North Dakota
38017,18-49,94791,38,Cass County,North Dakota
38017,5-17,30188,38,Cass County,North Dakota
38017,50-64,27975,38,Cass County,North Dakota
38017,65+,24154,38,Cass County,North Dakota
38019,0-4,245,38,Cavalier County,North Dakota
38019,18-49,1043,38,Cavalier County,North Dakota
38019,5-17,604,38,Cavalier County,North Dakota
38019,50-64,771,38,Cavalier County,North Dakota
38019,65+,1000,38,Cavalier County,North Dakota
38021,0-4,284,38,Dickey County,North Dakota
38021,18-49,1862,38,Dickey County,North Dakota
38021,5-17,897,38,Dickey County,North Dakota
38021,50-64,944,38,Dickey County,North Dakota
38021,65+,972,38,Dickey County,North Dakota
38023,0-4,153,38,Divide County,North Dakota
38023,18-49,665,38,Divide County,North Dakota
38023,5-17,342,38,Divide County,North Dakota
38023,50-64,480,38,Divide County,North Dakota
38023,65+,534,38,Divide County,North Dakota
38025,0-4,349,38,Dunn County,North Dakota
38025,18-49,1446,38,Dunn County,North Dakota
38025,5-17,681,38,Dunn County,North Dakota
38025,50-64,813,38,Dunn County,North Dakota
38025,65+,754,38,Dunn County,North Dakota
38027,0-4,105,38,Eddy County,North Dakota
38027,18-49,751,38,Eddy County,North Dakota
38027,5-17,359,38,Eddy County,North Dakota
38027,50-64,482,38,Eddy County,North Dakota
38027,65+,622,38,Eddy County,North Dakota
38029,0-4,166,38,Emmons County,North Dakota
38029,18-49,985,38,Emmons County,North Dakota
38029,5-17,444,38,Emmons County,North Dakota
38029,50-64,731,38,Emmons County,North Dakota
38029,65+,943,38,Emmons County,North Dakota
38031,0-4,186,38,Foster County,North Dakota
38031,18-49,1138,38,Foster County,North Dakota
38031,5-17,551,38,Foster County,North Dakota
38031,50-64,719,38,Foster County,North Dakota
38031,65+,778,38,Foster County,North Dakota
38033,0-4,110,38,Golden Valley County,North Dakota
38033,18-49,523,38,Golden Valley County,North Dakota
38033,5-17,260,38,Golden Valley County,North Dakota
38033,50-64,362,38,Golden Valley County,North Dakota
38033,65+,424,38,Golden Valley County,North Dakota
38035,0-4,4581,38,Grand Forks County,North Dakota
38035,18-49,36606,38,Grand Forks County,North Dakota
38035,5-17,10875,38,Grand Forks County,North Dakota
38035,50-64,10507,38,Grand Forks County,North Dakota
38035,65+,10195,38,Grand Forks County,North Dakota
38037,0-4,107,38,Grant County,North Dakota
38037,18-49,659,38,Grant County,North Dakota
38037,5-17,397,38,Grant County,North Dakota
38037,50-64,456,38,Grant County,North Dakota
38037,65+,657,38,Grant County,North Dakota
38039,0-4,124,38,Griggs County,North Dakota
38039,18-49,616,38,Griggs County,North Dakota
38039,5-17,414,38,Griggs County,North Dakota
38039,50-64,512,38,Griggs County,North Dakota
38039,65+,674,38,Griggs County,North Dakota
38041,0-4,150,38,Hettinger County,North Dakota
38041,18-49,875,38,Hettinger County,North Dakota
38041,5-17,314,38,Hettinger County,North Dakota
38041,50-64,471,38,Hettinger County,North Dakota
38041,65+,643,38,Hettinger County,North Dakota
38043,0-4,160,38,Kidder County,North Dakota
38043,18-49,678,38,Kidder County,North Dakota
38043,5-17,405,38,Kidder County,North Dakota
38043,50-64,492,38,Kidder County,North Dakota
38043,65+,639,38,Kidder County,North Dakota
38045,0-4,263,38,LaMoure County,North Dakota
38045,18-49,1245,38,LaMoure County,North Dakota
38045,5-17,695,38,LaMoure County,North Dakota
38045,50-64,798,38,LaMoure County,North Dakota
38045,65+,1106,38,LaMoure County,North Dakota
38047,0-4,126,38,Logan County,North Dakota
38047,18-49,550,38,Logan County,North Dakota
38047,5-17,249,38,Logan County,North Dakota
38047,50-64,410,38,Logan County,North Dakota
38047,65+,513,38,Logan County,North Dakota
38049,0-4,273,38,McHenry County,North Dakota
38049,18-49,1748,38,McHenry County,North Dakota
38049,5-17,980,38,McHenry County,North Dakota
38049,50-64,1115,38,McHenry County,North Dakota
38049,65+,1148,38,McHenry County,North Dakota
38051,0-4,118,38,McIntosh County,North Dakota
38051,18-49,717,38,McIntosh County,North Dakota
38051,5-17,343,38,McIntosh County,North Dakota
38051,50-64,555,38,McIntosh County,North Dakota
38051,65+,779,38,McIntosh County,North Dakota
38053,0-4,1356,38,McKenzie County,North Dakota
38053,18-49,6188,38,McKenzie County,North Dakota
38053,5-17,3105,38,McKenzie County,North Dakota
38053,50-64,2326,38,McKenzie County,North Dakota
38053,65+,1305,38,McKenzie County,North Dakota
38055,0-4,495,38,McLean County,North Dakota
38055,18-49,3119,38,McLean County,North Dakota
38055,5-17,1613,38,McLean County,North Dakota
38055,50-64,2069,38,McLean County,North Dakota
38055,65+,2511,38,McLean County,North Dakota
38057,0-4,481,38,Mercer County,North Dakota
38057,18-49,2825,38,Mercer County,North Dakota
38057,5-17,1454,38,Mercer County,North Dakota
38057,50-64,1757,38,Mercer County,North Dakota
38057,65+,1824,38,Mercer County,North Dakota
38059,0-4,1987,38,Morton County,North Dakota
38059,18-49,13882,38,Morton County,North Dakota
38059,5-17,5926,38,Morton County,North Dakota
38059,50-64,6056,38,Morton County,North Dakota
38059,65+,5628,38,Morton County,North Dakota
38061,0-4,771,38,Mountrail County,North Dakota
38061,18-49,3899,38,Mountrail County,North Dakota
38061,5-17,1960,38,Mountrail County,North Dakota
38061,50-64,1688,38,Mountrail County,North Dakota
38061,65+,1249,38,Mountrail County,North Dakota
38063,0-4,142,38,Nelson County,North Dakota
38063,18-49,869,38,Nelson County,North Dakota
38063,5-17,477,38,Nelson County,North Dakota
38063,50-64,687,38,Nelson County,North Dakota
38063,65+,840,38,Nelson County,North Dakota
38065,0-4,129,38,Oliver County,North Dakota
38065,18-49,492,38,Oliver County,North Dakota
38065,5-17,347,38,Oliver County,North Dakota
38065,50-64,383,38,Oliver County,North Dakota
38065,65+,470,38,Oliver County,North Dakota
38067,0-4,364,38,Pembina County,North Dakota
38067,18-49,2224,38,Pembina County,North Dakota
38067,5-17,1090,38,Pembina County,North Dakota
38067,50-64,1376,38,Pembina County,North Dakota
38067,65+,1733,38,Pembina County,North Dakota
38069,0-4,205,38,Pierce County,North Dakota
38069,18-49,1363,38,Pierce County,North Dakota
38069,5-17,647,38,Pierce County,North Dakota
38069,50-64,770,38,Pierce County,North Dakota
38069,65+,976,38,Pierce County,North Dakota
38071,0-4,773,38,Ramsey County,North Dakota
38071,18-49,4140,38,Ramsey County,North Dakota
38071,5-17,1928,38,Ramsey County,North Dakota
38071,50-64,2212,38,Ramsey County,North Dakota
38071,65+,2510,38,Ramsey County,North Dakota
38073,0-4,315,38,Ransom County,North Dakota
38073,18-49,2013,38,Ransom County,North Dakota
38073,5-17,967,38,Ransom County,North Dakota
38073,50-64,1145,38,Ransom County,North Dakota
38073,65+,1222,38,Ransom County,North Dakota
38075,0-4,104,38,Renville County,North Dakota
38075,18-49,809,38,Renville County,North Dakota
38075,5-17,413,38,Renville County,North Dakota
38075,50-64,495,38,Renville County,North Dakota
38075,65+,456,38,Renville County,North Dakota
38077,0-4,908,38,Richland County,North Dakota
38077,18-49,6607,38,Richland County,North Dakota
38077,5-17,2715,38,Richland County,North Dakota
38077,50-64,3081,38,Richland County,North Dakota
38077,65+,3239,38,Richland County,North Dakota
38079,0-4,936,38,Rolette County,North Dakota
38079,18-49,4478,38,Rolette County,North Dakota
38079,5-17,3015,38,Rolette County,North Dakota
38079,50-64,2066,38,Rolette County,North Dakota
38079,65+,1570,38,Rolette County,North Dakota
38081,0-4,222,38,Sargent County,North Dakota
38081,18-49,1378,38,Sargent County,North Dakota
38081,5-17,559,38,Sargent County,North Dakota
38081,50-64,796,38,Sargent County,North Dakota
38081,65+,867,38,Sargent County,North Dakota
38083,0-4,60,38,Sheridan County,North Dakota
38083,18-49,414,38,Sheridan County,North Dakota
38083,5-17,163,38,Sheridan County,North Dakota
38083,50-64,270,38,Sheridan County,North Dakota
38083,65+,420,38,Sheridan County,North Dakota
38085,0-4,316,38,Sioux County,North Dakota
38085,18-49,1470,38,Sioux County,North Dakota
38085,5-17,995,38,Sioux County,North Dakota
38085,50-64,659,38,Sioux County,North Dakota
38085,65+,349,38,Sioux County,North Dakota
38087,0-4,14,38,Slope County,North Dakota
38087,18-49,229,38,Slope County,North Dakota
38087,5-17,127,38,Slope County,North Dakota
38087,50-64,206,38,Slope County,North Dakota
38087,65+,219,38,Slope County,North Dakota
38089,0-4,2734,38,Stark County,North Dakota
38089,18-49,14078,38,Stark County,North Dakota
38089,5-17,6443,38,Stark County,North Dakota
38089,50-64,5406,38,Stark County,North Dakota
38089,65+,4455,38,Stark County,North Dakota
38091,0-4,105,38,Steele County,North Dakota
38091,18-49,554,38,Steele County,North Dakota
38091,5-17,259,38,Steele County,North Dakota
38091,50-64,314,38,Steele County,North Dakota
38091,65+,499,38,Steele County,North Dakota
38093,0-4,1256,38,Stutsman County,North Dakota
38093,18-49,8453,38,Stutsman County,North Dakota
38093,5-17,3267,38,Stutsman County,North Dakota
38093,50-64,4220,38,Stutsman County,North Dakota
38093,65+,4329,38,Stutsman County,North Dakota
38095,0-4,117,38,Towner County,North Dakota
38095,18-49,515,38,Towner County,North Dakota
38095,5-17,411,38,Towner County,North Dakota
38095,50-64,543,38,Towner County,North Dakota
38095,65+,527,38,Towner County,North Dakota
38097,0-4,472,38,Traill County,North Dakota
38097,18-49,3008,38,Traill County,North Dakota
38097,5-17,1305,38,Traill County,North Dakota
38097,50-64,1596,38,Traill County,North Dakota
38097,65+,1599,38,Traill County,North Dakota
38099,0-4,625,38,Walsh County,North Dakota
38099,18-49,3390,38,Walsh County,North Dakota
38099,5-17,1838,38,Walsh County,North Dakota
38099,50-64,2375,38,Walsh County,North Dakota
38099,65+,2260,38,Walsh County,North Dakota
38101,0-4,4946,38,Ward County,North Dakota
38101,18-49,32346,38,Ward County,North Dakota
38101,5-17,11802,38,Ward County,North Dakota
38101,50-64,10683,38,Ward County,North Dakota
38101,65+,9455,38,Ward County,North Dakota
38103,0-4,255,38,Wells County,North Dakota
38103,18-49,1129,38,Wells County,North Dakota
38103,5-17,668,38,Wells County,North Dakota
38103,50-64,881,38,Wells County,North Dakota
38103,65+,1009,38,Wells County,North Dakota
38105,0-4,3617,38,Williams County,North Dakota
38105,18-49,17938,38,Williams County,North Dakota
38105,5-17,8198,38,Williams County,North Dakota
38105,50-64,5729,38,Williams County,North Dakota
38105,65+,3886,38,Williams County,North Dakota
39001,0-4,1628,39,Adams County,Ohio
39001,18-49,10012,39,Adams County,Ohio
39001,5-17,4973,39,Adams County,Ohio
39001,50-64,5796,39,Adams County,Ohio
39001,65+,5101,39,Adams County,Ohio
39003,0-4,6171,39,Allen County,Ohio
39003,18-49,39408,39,Allen County,Ohio
39003,5-17,17822,39,Allen County,Ohio
39003,50-64,19296,39,Allen County,Ohio
39003,65+,18988,39,Allen County,Ohio
39005,0-4,2795,39,Ashland County,Ohio
39005,18-49,19376,39,Ashland County,Ohio
39005,5-17,9014,39,Ashland County,Ohio
39005,50-64,10630,39,Ashland County,Ohio
39005,65+,10481,39,Ashland County,Ohio
39007,0-4,5478,39,Ashtabula County,Ohio
39007,18-49,36087,39,Ashtabula County,Ohio
39007,5-17,15881,39,Ashtabula County,Ohio
39007,50-64,20556,39,Ashtabula County,Ohio
39007,65+,19341,39,Ashtabula County,Ohio
39009,0-4,2300,39,Athens County,Ohio
39009,18-49,32995,39,Athens County,Ohio
39009,5-17,6860,39,Athens County,Ohio
39009,50-64,10365,39,Athens County,Ohio
39009,65+,9053,39,Athens County,Ohio
39011,0-4,2795,39,Auglaize County,Ohio
39011,18-49,16978,39,Auglaize County,Ohio
39011,5-17,8218,39,Auglaize County,Ohio
39011,50-64,9365,39,Auglaize County,Ohio
39011,65+,8853,39,Auglaize County,Ohio
39013,0-4,3080,39,Belmont County,Ohio
39013,18-49,25273,39,Belmont County,Ohio
39013,5-17,9341,39,Belmont County,Ohio
39013,50-64,14178,39,Belmont County,Ohio
39013,65+,14110,39,Belmont County,Ohio
39015,0-4,2507,39,Brown County,Ohio
39015,18-49,16172,39,Brown County,Ohio
39015,5-17,7505,39,Brown County,Ohio
39015,50-64,9321,39,Brown County,Ohio
39015,65+,8205,39,Brown County,Ohio
39017,0-4,22831,39,Butler County,Ohio
39017,18-49,163706,39,Butler County,Ohio
39017,5-17,69031,39,Butler County,Ohio
39017,50-64,73807,39,Butler County,Ohio
39017,65+,60535,39,Butler County,Ohio
39019,0-4,1378,39,Carroll County,Ohio
39019,18-49,9327,39,Carroll County,Ohio
39019,5-17,4123,39,Carroll County,Ohio
39019,50-64,6051,39,Carroll County,Ohio
39019,65+,5852,39,Carroll County,Ohio
39021,0-4,2152,39,Champaign County,Ohio
39021,18-49,14397,39,Champaign County,Ohio
39021,5-17,6459,39,Champaign County,Ohio
39021,50-64,8423,39,Champaign County,Ohio
39021,65+,7341,39,Champaign County,Ohio
39023,0-4,7888,39,Clark County,Ohio
39023,18-49,50407,39,Clark County,Ohio
39023,5-17,22735,39,Clark County,Ohio
39023,50-64,27300,39,Clark County,Ohio
39023,65+,27115,39,Clark County,Ohio
39025,0-4,11643,39,Clermont County,Ohio
39025,18-49,82017,39,Clermont County,Ohio
39025,5-17,35387,39,Clermont County,Ohio
39025,50-64,43341,39,Clermont County,Ohio
39025,65+,37474,39,Clermont County,Ohio
39027,0-4,2454,39,Clinton County,Ohio
39027,18-49,16201,39,Clinton County,Ohio
39027,5-17,7161,39,Clinton County,Ohio
39027,50-64,8590,39,Clinton County,Ohio
39027,65+,7608,39,Clinton County,Ohio
39029,0-4,4998,39,Columbiana County,Ohio
39029,18-49,36494,39,Columbiana County,Ohio
39029,5-17,15511,39,Columbiana County,Ohio
39029,50-64,22529,39,Columbiana County,Ohio
39029,65+,21671,39,Columbiana County,Ohio
39031,0-4,2333,39,Coshocton County,Ohio
39031,18-49,13099,39,Coshocton County,Ohio
39031,5-17,6527,39,Coshocton County,Ohio
39031,50-64,7502,39,Coshocton County,Ohio
39031,65+,7218,39,Coshocton County,Ohio
39033,0-4,2361,39,Crawford County,Ohio
39033,18-49,15215,39,Crawford County,Ohio
39033,5-17,6807,39,Crawford County,Ohio
39033,50-64,8688,39,Crawford County,Ohio
39033,65+,8696,39,Crawford County,Ohio
39035,0-4,68182,39,Cuyahoga County,Ohio
39035,18-49,504240,39,Cuyahoga County,Ohio
39035,5-17,189445,39,Cuyahoga County,Ohio
39035,50-64,249883,39,Cuyahoga County,Ohio
39035,65+,237668,39,Cuyahoga County,Ohio
39037,0-4,3080,39,Darke County,Ohio
39037,18-49,18449,39,Darke County,Ohio
39037,5-17,9183,39,Darke County,Ohio
39037,50-64,10514,39,Darke County,Ohio
39037,65+,10429,39,Darke County,Ohio
39039,0-4,2237,39,Defiance County,Ohio
39039,18-49,14816,39,Defiance County,Ohio
39039,5-17,6452,39,Defiance County,Ohio
39039,50-64,7292,39,Defiance County,Ohio
39039,65+,7461,39,Defiance County,Ohio
39041,0-4,12534,39,Delaware County,Ohio
39041,18-49,89964,39,Delaware County,Ohio
39041,5-17,43340,39,Delaware County,Ohio
39041,50-64,42815,39,Delaware County,Ohio
39041,65+,32507,39,Delaware County,Ohio
39043,0-4,3789,39,Erie County,Ohio
39043,18-49,26442,39,Erie County,Ohio
39043,5-17,11192,39,Erie County,Ohio
39043,50-64,16250,39,Erie County,Ohio
39043,65+,17265,39,Erie County,Ohio
39045,0-4,9301,39,Fairfield County,Ohio
39045,18-49,64397,39,Fairfield County,Ohio
39045,5-17,29297,39,Fairfield County,Ohio
39045,50-64,31847,39,Fairfield County,Ohio
39045,65+,26447,39,Fairfield County,Ohio
39047,0-4,1618,39,Fayette County,Ohio
39047,18-49,10938,39,Fayette County,Ohio
39047,5-17,5225,39,Fayette County,Ohio
39047,50-64,5924,39,Fayette County,Ohio
39047,65+,5175,39,Fayette County,Ohio
39049,0-4,88142,39,Franklin County,Ohio
39049,18-49,621797,39,Franklin County,Ohio
39049,5-17,220782,39,Franklin County,Ohio
39049,50-64,222928,39,Franklin County,Ohio
39049,65+,167986,39,Franklin County,Ohio
39051,0-4,2434,39,Fulton County,Ohio
39051,18-49,15658,39,Fulton County,Ohio
39051,5-17,7415,39,Fulton County,Ohio
39051,50-64,8890,39,Fulton County,Ohio
39051,65+,8037,39,Fulton County,Ohio
39053,0-4,1803,39,Gallia County,Ohio
39053,18-49,10804,39,Gallia County,Ohio
39053,5-17,5092,39,Gallia County,Ohio
39053,50-64,5816,39,Gallia County,Ohio
39053,65+,5647,39,Gallia County,Ohio
39055,0-4,4975,39,Geauga County,Ohio
39055,18-49,31946,39,Geauga County,Ohio
39055,5-17,16438,39,Geauga County,Ohio
39055,50-64,21385,39,Geauga County,Ohio
39055,65+,20735,39,Geauga County,Ohio
39057,0-4,8957,39,Greene County,Ohio
39057,18-49,70624,39,Greene County,Ohio
39057,5-17,25937,39,Greene County,Ohio
39057,50-64,32348,39,Greene County,Ohio
39057,65+,30665,39,Greene County,Ohio
39059,0-4,2198,39,Guernsey County,Ohio
39059,18-49,14066,39,Guernsey County,Ohio
39059,5-17,6296,39,Guernsey County,Ohio
39059,50-64,8090,39,Guernsey County,Ohio
39059,65+,7633,39,Guernsey County,Ohio
39061,0-4,52296,39,Hamilton County,Ohio
39061,18-49,349116,39,Hamilton County,Ohio
39061,5-17,138884,39,Hamilton County,Ohio
39061,50-64,153431,39,Hamilton County,Ohio
39061,65+,134151,39,Hamilton County,Ohio
39063,0-4,4449,39,Hancock County,Ohio
39063,18-49,30343,39,Hancock County,Ohio
39063,5-17,11941,39,Hancock County,Ohio
39063,50-64,14426,39,Hancock County,Ohio
39063,65+,13726,39,Hancock County,Ohio
39065,0-4,1808,39,Hardin County,Ohio
39065,18-49,13007,39,Hardin County,Ohio
39065,5-17,5278,39,Hardin County,Ohio
39065,50-64,5528,39,Hardin County,Ohio
39065,65+,4906,39,Hardin County,Ohio
39067,0-4,677,39,Harrison County,Ohio
39067,18-49,4783,39,Harrison County,Ohio
39067,5-17,2350,39,Harrison County,Ohio
39067,50-64,3353,39,Harrison County,Ohio
39067,65+,3245,39,Harrison County,Ohio
39069,0-4,1619,39,Henry County,Ohio
39069,18-49,10078,39,Henry County,Ohio
39069,5-17,4859,39,Henry County,Ohio
39069,50-64,5647,39,Henry County,Ohio
39069,65+,5378,39,Henry County,Ohio
39071,0-4,2737,39,Highland County,Ohio
39071,18-49,16021,39,Highland County,Ohio
39071,5-17,7656,39,Highland County,Ohio
39071,50-64,8904,39,Highland County,Ohio
39071,65+,8085,39,Highland County,Ohio
39073,0-4,1511,39,Hocking County,Ohio
39073,18-49,10202,39,Hocking County,Ohio
39073,5-17,4541,39,Hocking County,Ohio
39073,50-64,6224,39,Hocking County,Ohio
39073,65+,5460,39,Hocking County,Ohio
39075,0-4,3688,39,Holmes County,Ohio
39075,18-49,17238,39,Holmes County,Ohio
39075,5-17,9825,39,Holmes County,Ohio
39075,50-64,7248,39,Holmes County,Ohio
39075,65+,6313,39,Holmes County,Ohio
39077,0-4,3403,39,Huron County,Ohio
39077,18-49,22020,39,Huron County,Ohio
39077,5-17,10525,39,Huron County,Ohio
39077,50-64,11841,39,Huron County,Ohio
39077,65+,10623,39,Huron County,Ohio
39079,0-4,2077,39,Jackson County,Ohio
39079,18-49,12549,39,Jackson County,Ohio
39079,5-17,5573,39,Jackson County,Ohio
39079,50-64,6593,39,Jackson County,Ohio
39079,65+,5796,39,Jackson County,Ohio
39081,0-4,3266,39,Jefferson County,Ohio
39081,18-49,24079,39,Jefferson County,Ohio
39081,5-17,9337,39,Jefferson County,Ohio
39081,50-64,13832,39,Jefferson County,Ohio
39081,65+,14341,39,Jefferson County,Ohio
39083,0-4,3725,39,Knox County,Ohio
39083,18-49,24355,39,Knox County,Ohio
39083,5-17,10723,39,Knox County,Ohio
39083,50-64,12335,39,Knox County,Ohio
39083,65+,11750,39,Knox County,Ohio
39085,0-4,11048,39,Lake County,Ohio
39085,18-49,86932,39,Lake County,Ohio
39085,5-17,34329,39,Lake County,Ohio
39085,50-64,50896,39,Lake County,Ohio
39085,65+,48896,39,Lake County,Ohio
39087,0-4,2982,39,Lawrence County,Ohio
39087,18-49,21764,39,Lawrence County,Ohio
39087,5-17,9557,39,Lawrence County,Ohio
39087,50-64,12278,39,Lawrence County,Ohio
39087,65+,10804,39,Lawrence County,Ohio
39089,0-4,10414,39,Licking County,Ohio
39089,18-49,71032,39,Licking County,Ohio
39089,5-17,31046,39,Licking County,Ohio
39089,50-64,36968,39,Licking County,Ohio
39089,65+,30851,39,Licking County,Ohio
39091,0-4,2654,39,Logan County,Ohio
39091,18-49,16975,39,Logan County,Ohio
39091,5-17,7938,39,Logan County,Ohio
39091,50-64,9813,39,Logan County,Ohio
39091,65+,8760,39,Logan County,Ohio
39093,0-4,17062,39,Lorain County,Ohio
39093,18-49,119921,39,Lorain County,Ohio
39093,5-17,51329,39,Lorain County,Ohio
39093,50-64,65284,39,Lorain County,Ohio
39093,65+,60992,39,Lorain County,Ohio
39095,0-4,26072,39,Lucas County,Ohio
39095,18-49,174226,39,Lucas County,Ohio
39095,5-17,72237,39,Lucas County,Ohio
39095,50-64,82899,39,Lucas County,Ohio
39095,65+,73314,39,Lucas County,Ohio
39097,0-4,2205,39,Madison County,Ohio
39097,18-49,18615,39,Madison County,Ohio
39097,5-17,6661,39,Madison County,Ohio
39097,50-64,9556,39,Madison County,Ohio
39097,65+,7089,39,Madison County,Ohio
39099,0-4,12087,39,Mahoning County,Ohio
39099,18-49,84098,39,Mahoning County,Ohio
39099,5-17,34066,39,Mahoning County,Ohio
39099,50-64,46810,39,Mahoning County,Ohio
39099,65+,50002,39,Mahoning County,Ohio
39101,0-4,3623,39,Marion County,Ohio
39101,18-49,26180,39,Marion County,Ohio
39101,5-17,10250,39,Marion County,Ohio
39101,50-64,13134,39,Marion County,Ohio
39101,65+,11958,39,Marion County,Ohio
39103,0-4,9125,39,Medina County,Ohio
39103,18-49,68254,39,Medina County,Ohio
39103,5-17,30530,39,Medina County,Ohio
39103,50-64,39940,39,Medina County,Ohio
39103,65+,35200,39,Medina County,Ohio
39105,0-4,1061,39,Meigs County,Ohio
39105,18-49,8042,39,Meigs County,Ohio
39105,5-17,3530,39,Meigs County,Ohio
39105,50-64,4864,39,Meigs County,Ohio
39105,65+,4575,39,Meigs County,Ohio
39107,0-4,3062,39,Mercer County,Ohio
39107,18-49,15264,39,Mercer County,Ohio
39107,5-17,8039,39,Mercer County,Ohio
39107,50-64,8170,39,Mercer County,Ohio
39107,65+,7903,39,Mercer County,Ohio
39109,0-4,6270,39,Miami County,Ohio
39109,18-49,41371,39,Miami County,Ohio
39109,5-17,18971,39,Miami County,Ohio
39109,50-64,21959,39,Miami County,Ohio
39109,65+,20978,39,Miami County,Ohio
39111,0-4,640,39,Monroe County,Ohio
39111,18-49,4587,39,Monroe County,Ohio
39111,5-17,2094,39,Monroe County,Ohio
39111,50-64,2870,39,Monroe County,Ohio
39111,65+,3117,39,Monroe County,Ohio
39113,0-4,31845,39,Montgomery County,Ohio
39113,18-49,216072,39,Montgomery County,Ohio
39113,5-17,87266,39,Montgomery County,Ohio
39113,50-64,102320,39,Montgomery County,Ohio
39113,65+,98025,39,Montgomery County,Ohio
39115,0-4,700,39,Morgan County,Ohio
39115,18-49,4805,39,Morgan County,Ohio
39115,5-17,2216,39,Morgan County,Ohio
39115,50-64,3005,39,Morgan County,Ohio
39115,65+,3032,39,Morgan County,Ohio
39117,0-4,1957,39,Morrow County,Ohio
39117,18-49,13050,39,Morrow County,Ohio
39117,5-17,5816,39,Morrow County,Ohio
39117,50-64,7789,39,Morrow County,Ohio
39117,65+,6602,39,Morrow County,Ohio
39119,0-4,5088,39,Muskingum County,Ohio
39119,18-49,33449,39,Muskingum County,Ohio
39119,5-17,14529,39,Muskingum County,Ohio
39119,50-64,17522,39,Muskingum County,Ohio
39119,65+,15794,39,Muskingum County,Ohio
39121,0-4,694,39,Noble County,Ohio
39121,18-49,4362,39,Noble County,Ohio
39121,5-17,1914,39,Noble County,Ohio
39121,50-64,3394,39,Noble County,Ohio
39121,65+,3888,39,Noble County,Ohio
39123,0-4,1553,39,Ottawa County,Ohio
39123,18-49,12813,39,Ottawa County,Ohio
39123,5-17,5561,39,Ottawa County,Ohio
39123,50-64,9382,39,Ottawa County,Ohio
39123,65+,10852,39,Ottawa County,Ohio
39125,0-4,1048,39,Paulding County,Ohio
39125,18-49,6789,39,Paulding County,Ohio
39125,5-17,3420,39,Paulding County,Ohio
39125,50-64,3971,39,Paulding County,Ohio
39125,65+,3572,39,Paulding County,Ohio
39127,0-4,2101,39,Perry County,Ohio
39127,18-49,13310,39,Perry County,Ohio
39127,5-17,6272,39,Perry County,Ohio
39127,50-64,7436,39,Perry County,Ohio
39127,65+,6355,39,Perry County,Ohio
39129,0-4,3174,39,Pickaway County,Ohio
39129,18-49,25280,39,Pickaway County,Ohio
39129,5-17,9560,39,Pickaway County,Ohio
39129,50-64,11855,39,Pickaway County,Ohio
39129,65+,9538,39,Pickaway County,Ohio
39131,0-4,1730,39,Pike County,Ohio
39131,18-49,10265,39,Pike County,Ohio
39131,5-17,4668,39,Pike County,Ohio
39131,50-64,5443,39,Pike County,Ohio
39131,65+,4974,39,Pike County,Ohio
39133,0-4,7018,39,Portage County,Ohio
39133,18-49,70094,39,Portage County,Ohio
39133,5-17,22653,39,Portage County,Ohio
39133,50-64,32958,39,Portage County,Ohio
39133,65+,28698,39,Portage County,Ohio
39135,0-4,2130,39,Preble County,Ohio
39135,18-49,14855,39,Preble County,Ohio
39135,5-17,6994,39,Preble County,Ohio
39135,50-64,8738,39,Preble County,Ohio
39135,65+,8085,39,Preble County,Ohio
39137,0-4,2155,39,Putnam County,Ohio
39137,18-49,12324,39,Putnam County,Ohio
39137,5-17,6583,39,Putnam County,Ohio
39137,50-64,7003,39,Putnam County,Ohio
39137,65+,6287,39,Putnam County,Ohio
39139,0-4,7185,39,Richland County,Ohio
39139,18-49,49143,39,Richland County,Ohio
39139,5-17,20167,39,Richland County,Ohio
39139,50-64,23880,39,Richland County,Ohio
39139,65+,24763,39,Richland County,Ohio
39141,0-4,4272,39,Ross County,Ohio
39141,18-49,30880,39,Ross County,Ohio
39141,5-17,12016,39,Ross County,Ohio
39141,50-64,16148,39,Ross County,Ohio
39141,65+,13432,39,Ross County,Ohio
39143,0-4,3137,39,Sandusky County,Ohio
39143,18-49,22052,39,Sandusky County,Ohio
39143,5-17,9671,39,Sandusky County,Ohio
39143,50-64,12241,39,Sandusky County,Ohio
39143,65+,11669,39,Sandusky County,Ohio
39145,0-4,3943,39,Scioto County,Ohio
39145,18-49,29120,39,Scioto County,Ohio
39145,5-17,11950,39,Scioto County,Ohio
39145,50-64,14576,39,Scioto County,Ohio
39145,65+,13529,39,Scioto County,Ohio
39147,0-4,2964,39,Seneca County,Ohio
39147,18-49,21828,39,Seneca County,Ohio
39147,5-17,8899,39,Seneca County,Ohio
39147,50-64,10935,39,Seneca County,Ohio
39147,65+,10235,39,Seneca County,Ohio
39149,0-4,3073,39,Shelby County,Ohio
39149,18-49,17934,39,Shelby County,Ohio
39149,5-17,8769,39,Shelby County,Ohio
39149,50-64,9791,39,Shelby County,Ohio
39149,65+,8440,39,Shelby County,Ohio
39151,0-4,20621,39,Stark County,Ohio
39151,18-49,141610,39,Stark County,Ohio
39151,5-17,60254,39,Stark County,Ohio
39151,50-64,76179,39,Stark County,Ohio
39151,65+,75100,39,Stark County,Ohio
39153,0-4,28963,39,Summit County,Ohio
39153,18-49,212637,39,Summit County,Ohio
39153,5-17,83083,39,Summit County,Ohio
39153,50-64,111291,39,Summit County,Ohio
39153,65+,102113,39,Summit County,Ohio
39155,0-4,10582,39,Trumbull County,Ohio
39155,18-49,73230,39,Trumbull County,Ohio
39155,5-17,30948,39,Trumbull County,Ohio
39155,50-64,42244,39,Trumbull County,Ohio
39155,65+,44363,39,Trumbull County,Ohio
39157,0-4,5897,39,Tuscarawas County,Ohio
39157,18-49,34178,39,Tuscarawas County,Ohio
39157,5-17,15625,39,Tuscarawas County,Ohio
39157,50-64,18482,39,Tuscarawas County,Ohio
39157,65+,18403,39,Tuscarawas County,Ohio
39159,0-4,4037,39,Union County,Ohio
39159,18-49,28389,39,Union County,Ohio
39159,5-17,11810,39,Union County,Ohio
39159,50-64,12607,39,Union County,Ohio
39159,65+,8450,39,Union County,Ohio
39161,0-4,1770,39,Van Wert County,Ohio
39161,18-49,10733,39,Van Wert County,Ohio
39161,5-17,4912,39,Van Wert County,Ohio
39161,50-64,5790,39,Van Wert County,Ohio
39161,65+,5619,39,Van Wert County,Ohio
39163,0-4,708,39,Vinton County,Ohio
39163,18-49,4707,39,Vinton County,Ohio
39163,5-17,2051,39,Vinton County,Ohio
39163,50-64,2839,39,Vinton County,Ohio
39163,65+,2381,39,Vinton County,Ohio
39165,0-4,13573,39,Warren County,Ohio
39165,18-49,98886,39,Warren County,Ohio
39165,5-17,45632,39,Warren County,Ohio
39165,50-64,50502,39,Warren County,Ohio
39165,65+,37771,39,Warren County,Ohio
39167,0-4,2857,39,Washington County,Ohio
39167,18-49,21878,39,Washington County,Ohio
39167,5-17,8933,39,Washington County,Ohio
39167,50-64,12784,39,Washington County,Ohio
39167,65+,12866,39,Washington County,Ohio
39169,0-4,7283,39,Wayne County,Ohio
39169,18-49,44660,39,Wayne County,Ohio
39169,5-17,20817,39,Wayne County,Ohio
39169,50-64,22165,39,Wayne County,Ohio
39169,65+,21693,39,Wayne County,Ohio
39171,0-4,2102,39,Williams County,Ohio
39171,18-49,13777,39,Williams County,Ohio
39171,5-17,6114,39,Williams County,Ohio
39171,50-64,7657,39,Williams County,Ohio
39171,65+,7212,39,Williams County,Ohio
39173,0-4,6674,39,Wood County,Ohio
39173,18-49,60499,39,Wood County,Ohio
39173,5-17,20208,39,Wood County,Ohio
39173,50-64,23024,39,Wood County,Ohio
39173,65+,21390,39,Wood County,Ohio
39175,0-4,1179,39,Wyandot County,Ohio
39175,18-49,7961,39,Wyandot County,Ohio
39175,5-17,3734,39,Wyandot County,Ohio
39175,50-64,4423,39,Wyandot County,Ohio
39175,65+,4402,39,Wyandot County,Ohio
40001,0-4,1343,40,Adair County,Oklahoma
40001,18-49,7494,40,Adair County,Oklahoma
40001,5-17,3829,40,Adair County,Oklahoma
40001,50-64,3830,40,Adair County,Oklahoma
40001,65+,3099,40,Adair County,Oklahoma
40003,0-4,244,40,Alfalfa County,Oklahoma
40003,18-49,2254,40,Alfalfa County,Oklahoma
40003,5-17,843,40,Alfalfa County,Oklahoma
40003,50-64,1209,40,Alfalfa County,Oklahoma
40003,65+,1135,40,Alfalfa County,Oklahoma
40005,0-4,695,40,Atoka County,Oklahoma
40005,18-49,5890,40,Atoka County,Oklahoma
40005,5-17,2383,40,Atoka County,Oklahoma
40005,50-64,2614,40,Atoka County,Oklahoma
40005,65+,2673,40,Atoka County,Oklahoma
40007,0-4,292,40,Beaver County,Oklahoma
40007,18-49,1827,40,Beaver County,Oklahoma
40007,5-17,983,40,Beaver County,Oklahoma
40007,50-64,961,40,Beaver County,Oklahoma
40007,65+,978,40,Beaver County,Oklahoma
40009,0-4,1342,40,Beckham County,Oklahoma
40009,18-49,9795,40,Beckham County,Oklahoma
40009,5-17,3911,40,Beckham County,Oklahoma
40009,50-64,3920,40,Beckham County,Oklahoma
40009,65+,3234,40,Beckham County,Oklahoma
40011,0-4,490,40,Blaine County,Oklahoma
40011,18-49,3084,40,Blaine County,Oklahoma
40011,5-17,1601,40,Blaine County,Oklahoma
40011,50-64,1743,40,Blaine County,Oklahoma
40011,65+,1685,40,Blaine County,Oklahoma
40013,0-4,3019,40,Bryan County,Oklahoma
40013,18-49,19511,40,Bryan County,Oklahoma
40013,5-17,8107,40,Bryan County,Oklahoma
40013,50-64,8400,40,Bryan County,Oklahoma
40013,65+,8200,40,Bryan County,Oklahoma
40015,0-4,1588,40,Caddo County,Oklahoma
40015,18-49,11509,40,Caddo County,Oklahoma
40015,5-17,4581,40,Caddo County,Oklahoma
40015,50-64,4782,40,Caddo County,Oklahoma
40015,65+,4166,40,Caddo County,Oklahoma
40017,0-4,10508,40,Canadian County,Oklahoma
40017,18-49,71460,40,Canadian County,Oklahoma
40017,5-17,31597,40,Canadian County,Oklahoma
40017,50-64,27167,40,Canadian County,Oklahoma
40017,65+,21889,40,Canadian County,Oklahoma
40019,0-4,3193,40,Carter County,Oklahoma
40019,18-49,19008,40,Carter County,Oklahoma
40019,5-17,8926,40,Carter County,Oklahoma
40019,50-64,8963,40,Carter County,Oklahoma
40019,65+,8165,40,Carter County,Oklahoma
40021,0-4,2579,40,Cherokee County,Oklahoma
40021,18-49,20651,40,Cherokee County,Oklahoma
40021,5-17,7516,40,Cherokee County,Oklahoma
40021,50-64,8540,40,Cherokee County,Oklahoma
40021,65+,8335,40,Cherokee County,Oklahoma
40023,0-4,994,40,Choctaw County,Oklahoma
40023,18-49,4980,40,Choctaw County,Oklahoma
40023,5-17,2533,40,Choctaw County,Oklahoma
40023,50-64,2829,40,Choctaw County,Oklahoma
40023,65+,2963,40,Choctaw County,Oklahoma
40025,0-4,162,40,Cimarron County,Oklahoma
40025,18-49,801,40,Cimarron County,Oklahoma
40025,5-17,391,40,Cimarron County,Oklahoma
40025,50-64,330,40,Cimarron County,Oklahoma
40025,65+,563,40,Cimarron County,Oklahoma
40027,0-4,14563,40,Cleveland County,Oklahoma
40027,18-49,143499,40,Cleveland County,Oklahoma
40027,5-17,47216,40,Cleveland County,Oklahoma
40027,50-64,49253,40,Cleveland County,Oklahoma
40027,65+,43014,40,Cleveland County,Oklahoma
40029,0-4,371,40,Coal County,Oklahoma
40029,18-49,1903,40,Coal County,Oklahoma
40029,5-17,897,40,Coal County,Oklahoma
40029,50-64,997,40,Coal County,Oklahoma
40029,65+,1107,40,Coal County,Oklahoma
40031,0-4,8050,40,Comanche County,Oklahoma
40031,18-49,56473,40,Comanche County,Oklahoma
40031,5-17,21033,40,Comanche County,Oklahoma
40031,50-64,19855,40,Comanche County,Oklahoma
40031,65+,16288,40,Comanche County,Oklahoma
40033,0-4,259,40,Cotton County,Oklahoma
40033,18-49,1878,40,Cotton County,Oklahoma
40033,5-17,983,40,Cotton County,Oklahoma
40033,50-64,1313,40,Cotton County,Oklahoma
40033,65+,1042,40,Cotton County,Oklahoma
40035,0-4,724,40,Craig County,Oklahoma
40035,18-49,5412,40,Craig County,Oklahoma
40035,5-17,2479,40,Craig County,Oklahoma
40035,50-64,2899,40,Craig County,Oklahoma
40035,65+,2701,40,Craig County,Oklahoma
40037,0-4,4213,40,Creek County,Oklahoma
40037,18-49,27595,40,Creek County,Oklahoma
40037,5-17,12723,40,Creek County,Oklahoma
40037,50-64,14590,40,Creek County,Oklahoma
40037,65+,13232,40,Creek County,Oklahoma
40039,0-4,1798,40,Custer County,Oklahoma
40039,18-49,12862,40,Custer County,Oklahoma
40039,5-17,5296,40,Custer County,Oklahoma
40039,50-64,4337,40,Custer County,Oklahoma
40039,65+,4039,40,Custer County,Oklahoma
40041,0-4,1972,40,Delaware County,Oklahoma
40041,18-49,13669,40,Delaware County,Oklahoma
40041,5-17,6198,40,Delaware County,Oklahoma
40041,50-64,8821,40,Delaware County,Oklahoma
40041,65+,10357,40,Delaware County,Oklahoma
40043,0-4,280,40,Dewey County,Oklahoma
40043,18-49,1530,40,Dewey County,Oklahoma
40043,5-17,941,40,Dewey County,Oklahoma
40043,50-64,840,40,Dewey County,Oklahoma
40043,65+,842,40,Dewey County,Oklahoma
40045,0-4,195,40,Ellis County,Oklahoma
40045,18-49,1309,40,Ellis County,Oklahoma
40045,5-17,645,40,Ellis County,Oklahoma
40045,50-64,699,40,Ellis County,Oklahoma
40045,65+,869,40,Ellis County,Oklahoma
40047,0-4,4251,40,Garfield County,Oklahoma
40047,18-49,25500,40,Garfield County,Oklahoma
40047,5-17,11965,40,Garfield County,Oklahoma
40047,50-64,10243,40,Garfield County,Oklahoma
40047,65+,10363,40,Garfield County,Oklahoma
40049,0-4,1537,40,Garvin County,Oklahoma
40049,18-49,9907,40,Garvin County,Oklahoma
40049,5-17,4914,40,Garvin County,Oklahoma
40049,50-64,4793,40,Garvin County,Oklahoma
40049,65+,4628,40,Garvin County,Oklahoma
40051,0-4,3031,40,Grady County,Oklahoma
40051,18-49,22363,40,Grady County,Oklahoma
40051,5-17,10075,40,Grady County,Oklahoma
40051,50-64,11044,40,Grady County,Oklahoma
40051,65+,9355,40,Grady County,Oklahoma
40053,0-4,244,40,Grant County,Oklahoma
40053,18-49,1426,40,Grant County,Oklahoma
40053,5-17,722,40,Grant County,Oklahoma
40053,50-64,812,40,Grant County,Oklahoma
40053,65+,933,40,Grant County,Oklahoma
40055,0-4,284,40,Greer County,Oklahoma
40055,18-49,2289,40,Greer County,Oklahoma
40055,5-17,833,40,Greer County,Oklahoma
40055,50-64,1135,40,Greer County,Oklahoma
40055,65+,957,40,Greer County,Oklahoma
40057,0-4,119,40,Harmon County,Oklahoma
40057,18-49,926,40,Harmon County,Oklahoma
40057,5-17,455,40,Harmon County,Oklahoma
40057,50-64,456,40,Harmon County,Oklahoma
40057,65+,496,40,Harmon County,Oklahoma
40059,0-4,208,40,Harper County,Oklahoma
40059,18-49,1102,40,Harper County,Oklahoma
40059,5-17,570,40,Harper County,Oklahoma
40059,50-64,693,40,Harper County,Oklahoma
40059,65+,658,40,Harper County,Oklahoma
40061,0-4,689,40,Haskell County,Oklahoma
40061,18-49,4286,40,Haskell County,Oklahoma
40061,5-17,2058,40,Haskell County,Oklahoma
40061,50-64,2269,40,Haskell County,Oklahoma
40061,65+,2365,40,Haskell County,Oklahoma
40063,0-4,781,40,Hughes County,Oklahoma
40063,18-49,5614,40,Hughes County,Oklahoma
40063,5-17,2119,40,Hughes County,Oklahoma
40063,50-64,2391,40,Hughes County,Oklahoma
40063,65+,2506,40,Hughes County,Oklahoma
40065,0-4,1743,40,Jackson County,Oklahoma
40065,18-49,10605,40,Jackson County,Oklahoma
40065,5-17,4461,40,Jackson County,Oklahoma
40065,50-64,4103,40,Jackson County,Oklahoma
40065,65+,3818,40,Jackson County,Oklahoma
40067,0-4,298,40,Jefferson County,Oklahoma
40067,18-49,1844,40,Jefferson County,Oklahoma
40067,5-17,1049,40,Jefferson County,Oklahoma
40067,50-64,1066,40,Jefferson County,Oklahoma
40067,65+,1120,40,Jefferson County,Oklahoma
40069,0-4,603,40,Johnston County,Oklahoma
40069,18-49,4009,40,Johnston County,Oklahoma
40069,5-17,1839,40,Johnston County,Oklahoma
40069,50-64,1971,40,Johnston County,Oklahoma
40069,65+,1912,40,Johnston County,Oklahoma
40071,0-4,2746,40,Kay County,Oklahoma
40071,18-49,16591,40,Kay County,Oklahoma
40071,5-17,8155,40,Kay County,Oklahoma
40071,50-64,7855,40,Kay County,Oklahoma
40071,65+,8384,40,Kay County,Oklahoma
40073,0-4,938,40,Kingfisher County,Oklahoma
40073,18-49,5967,40,Kingfisher County,Oklahoma
40073,5-17,3154,40,Kingfisher County,Oklahoma
40073,50-64,2637,40,Kingfisher County,Oklahoma
40073,65+,2592,40,Kingfisher County,Oklahoma
40075,0-4,562,40,Kiowa County,Oklahoma
40075,18-49,2811,40,Kiowa County,Oklahoma
40075,5-17,1512,40,Kiowa County,Oklahoma
40075,50-64,1807,40,Kiowa County,Oklahoma
40075,65+,1766,40,Kiowa County,Oklahoma
40077,0-4,568,40,Latimer County,Oklahoma
40077,18-49,3532,40,Latimer County,Oklahoma
40077,5-17,1524,40,Latimer County,Oklahoma
40077,50-64,1846,40,Latimer County,Oklahoma
40077,65+,2025,40,Latimer County,Oklahoma
40079,0-4,3068,40,Le Flore County,Oklahoma
40079,18-49,18930,40,Le Flore County,Oklahoma
40079,5-17,8803,40,Le Flore County,Oklahoma
40079,50-64,9248,40,Le Flore County,Oklahoma
40079,65+,8679,40,Le Flore County,Oklahoma
40081,0-4,1822,40,Lincoln County,Oklahoma
40081,18-49,12456,40,Lincoln County,Oklahoma
40081,5-17,6160,40,Lincoln County,Oklahoma
40081,50-64,7009,40,Lincoln County,Oklahoma
40081,65+,6470,40,Lincoln County,Oklahoma
40083,0-4,2707,40,Logan County,Oklahoma
40083,18-49,20891,40,Logan County,Oklahoma
40083,5-17,8663,40,Logan County,Oklahoma
40083,50-64,10061,40,Logan County,Oklahoma
40083,65+,8583,40,Logan County,Oklahoma
40085,0-4,607,40,Love County,Oklahoma
40085,18-49,3934,40,Love County,Oklahoma
40085,5-17,1869,40,Love County,Oklahoma
40085,50-64,1932,40,Love County,Oklahoma
40085,65+,1854,40,Love County,Oklahoma
40087,0-4,2389,40,McClain County,Oklahoma
40087,18-49,17646,40,McClain County,Oklahoma
40087,5-17,8695,40,McClain County,Oklahoma
40087,50-64,8299,40,McClain County,Oklahoma
40087,65+,6750,40,McClain County,Oklahoma
40089,0-4,2122,40,McCurtain County,Oklahoma
40089,18-49,11603,40,McCurtain County,Oklahoma
40089,5-17,5937,40,McCurtain County,Oklahoma
40089,50-64,5669,40,McCurtain County,Oklahoma
40089,65+,5494,40,McCurtain County,Oklahoma
40091,0-4,974,40,McIntosh County,Oklahoma
40091,18-49,6344,40,McIntosh County,Oklahoma
40091,5-17,2854,40,McIntosh County,Oklahoma
40091,50-64,4225,40,McIntosh County,Oklahoma
40091,65+,4840,40,McIntosh County,Oklahoma
40093,0-4,452,40,Major County,Oklahoma
40093,18-49,2660,40,Major County,Oklahoma
40093,5-17,1502,40,Major County,Oklahoma
40093,50-64,1428,40,Major County,Oklahoma
40093,65+,1614,40,Major County,Oklahoma
40095,0-4,1008,40,Marshall County,Oklahoma
40095,18-49,5480,40,Marshall County,Oklahoma
40095,5-17,2608,40,Marshall County,Oklahoma
40095,50-64,3083,40,Marshall County,Oklahoma
40095,65+,3449,40,Marshall County,Oklahoma
40097,0-4,2271,40,Mayes County,Oklahoma
40097,18-49,14978,40,Mayes County,Oklahoma
40097,5-17,6959,40,Mayes County,Oklahoma
40097,50-64,7830,40,Mayes County,Oklahoma
40097,65+,7368,40,Mayes County,Oklahoma
40099,0-4,791,40,Murray County,Oklahoma
40099,18-49,5110,40,Murray County,Oklahoma
40099,5-17,2353,40,Murray County,Oklahoma
40099,50-64,2759,40,Murray County,Oklahoma
40099,65+,2794,40,Murray County,Oklahoma
40101,0-4,4207,40,Muskogee County,Oklahoma
40101,18-49,26891,40,Muskogee County,Oklahoma
40101,5-17,12040,40,Muskogee County,Oklahoma
40101,50-64,12013,40,Muskogee County,Oklahoma
40101,65+,11320,40,Muskogee County,Oklahoma
40103,0-4,591,40,Noble County,Oklahoma
40103,18-49,3855,40,Noble County,Oklahoma
40103,5-17,1931,40,Noble County,Oklahoma
40103,50-64,2175,40,Noble County,Oklahoma
40103,65+,2357,40,Noble County,Oklahoma
40105,0-4,641,40,Nowata County,Oklahoma
40105,18-49,3401,40,Nowata County,Oklahoma
40105,5-17,1515,40,Nowata County,Oklahoma
40105,50-64,1962,40,Nowata County,Oklahoma
40105,65+,1873,40,Nowata County,Oklahoma
40107,0-4,609,40,Okfuskee County,Oklahoma
40107,18-49,4375,40,Okfuskee County,Oklahoma
40107,5-17,1936,40,Okfuskee County,Oklahoma
40107,50-64,2321,40,Okfuskee County,Oklahoma
40107,65+,2063,40,Okfuskee County,Oklahoma
40109,0-4,55349,40,Oklahoma County,Oklahoma
40109,18-49,347817,40,Oklahoma County,Oklahoma
40109,5-17,148907,40,Oklahoma County,Oklahoma
40109,50-64,134938,40,Oklahoma County,Oklahoma
40109,65+,113476,40,Oklahoma County,Oklahoma
40111,0-4,2114,40,Okmulgee County,Oklahoma
40111,18-49,14397,40,Okmulgee County,Oklahoma
40111,5-17,6623,40,Okmulgee County,Oklahoma
40111,50-64,6999,40,Okmulgee County,Oklahoma
40111,65+,6789,40,Okmulgee County,Oklahoma
40113,0-4,2201,40,Osage County,Oklahoma
40113,18-49,16895,40,Osage County,Oklahoma
40113,5-17,7568,40,Osage County,Oklahoma
40113,50-64,9696,40,Osage County,Oklahoma
40113,65+,9603,40,Osage County,Oklahoma
40115,0-4,1998,40,Ottawa County,Oklahoma
40115,18-49,11711,40,Ottawa County,Oklahoma
40115,5-17,5676,40,Ottawa County,Oklahoma
40115,50-64,5486,40,Ottawa County,Oklahoma
40115,65+,5489,40,Ottawa County,Oklahoma
40117,0-4,909,40,Pawnee County,Oklahoma
40117,18-49,5728,40,Pawnee County,Oklahoma
40117,5-17,2762,40,Pawnee County,Oklahoma
40117,50-64,3192,40,Pawnee County,Oklahoma
40117,65+,3098,40,Pawnee County,Oklahoma
40119,0-4,3944,40,Payne County,Oklahoma
40119,18-49,45732,40,Payne County,Oklahoma
40119,5-17,11392,40,Payne County,Oklahoma
40119,50-64,10479,40,Payne County,Oklahoma
40119,65+,10743,40,Payne County,Oklahoma
40121,0-4,2528,40,Pittsburg County,Oklahoma
40121,18-49,16643,40,Pittsburg County,Oklahoma
40121,5-17,7446,40,Pittsburg County,Oklahoma
40121,50-64,8316,40,Pittsburg County,Oklahoma
40121,65+,8696,40,Pittsburg County,Oklahoma
40123,0-4,2479,40,Pontotoc County,Oklahoma
40123,18-49,15484,40,Pontotoc County,Oklahoma
40123,5-17,7032,40,Pontotoc County,Oklahoma
40123,50-64,6684,40,Pontotoc County,Oklahoma
40123,65+,6479,40,Pontotoc County,Oklahoma
40125,0-4,4212,40,Pottawatomie County,Oklahoma
40125,18-49,30273,40,Pottawatomie County,Oklahoma
40125,5-17,12791,40,Pottawatomie County,Oklahoma
40125,50-64,13700,40,Pottawatomie County,Oklahoma
40125,65+,12035,40,Pottawatomie County,Oklahoma
40127,0-4,568,40,Pushmataha County,Oklahoma
40127,18-49,3693,40,Pushmataha County,Oklahoma
40127,5-17,1761,40,Pushmataha County,Oklahoma
40127,50-64,2326,40,Pushmataha County,Oklahoma
40127,65+,2439,40,Pushmataha County,Oklahoma
40129,0-4,168,40,Roger Mills County,Oklahoma
40129,18-49,1155,40,Roger Mills County,Oklahoma
40129,5-17,659,40,Roger Mills County,Oklahoma
40129,50-64,653,40,Roger Mills County,Oklahoma
40129,65+,743,40,Roger Mills County,Oklahoma
40131,0-4,5525,40,Rogers County,Oklahoma
40131,18-49,38633,40,Rogers County,Oklahoma
40131,5-17,17041,40,Rogers County,Oklahoma
40131,50-64,19592,40,Rogers County,Oklahoma
40131,65+,16444,40,Rogers County,Oklahoma
40133,0-4,1428,40,Seminole County,Oklahoma
40133,18-49,8997,40,Seminole County,Oklahoma
40133,5-17,4309,40,Seminole County,Oklahoma
40133,50-64,4519,40,Seminole County,Oklahoma
40133,65+,4297,40,Seminole County,Oklahoma
40135,0-4,2514,40,Sequoyah County,Oklahoma
40135,18-49,14835,40,Sequoyah County,Oklahoma
40135,5-17,6968,40,Sequoyah County,Oklahoma
40135,50-64,8012,40,Sequoyah County,Oklahoma
40135,65+,7347,40,Sequoyah County,Oklahoma
40137,0-4,2473,40,Stephens County,Oklahoma
40137,18-49,15859,40,Stephens County,Oklahoma
40137,5-17,7503,40,Stephens County,Oklahoma
40137,50-64,8646,40,Stephens County,Oklahoma
40137,65+,8833,40,Stephens County,Oklahoma
40139,0-4,1604,40,Texas County,Oklahoma
40139,18-49,8901,40,Texas County,Oklahoma
40139,5-17,4481,40,Texas County,Oklahoma
40139,50-64,3374,40,Texas County,Oklahoma
40139,65+,2520,40,Texas County,Oklahoma
40141,0-4,404,40,Tillman County,Oklahoma
40141,18-49,2443,40,Tillman County,Oklahoma
40141,5-17,1278,40,Tillman County,Oklahoma
40141,50-64,1444,40,Tillman County,Oklahoma
40141,65+,1398,40,Tillman County,Oklahoma
40143,0-4,45237,40,Tulsa County,Oklahoma
40143,18-49,287344,40,Tulsa County,Oklahoma
40143,5-17,124687,40,Tulsa County,Oklahoma
40143,50-64,116350,40,Tulsa County,Oklahoma
40143,65+,100090,40,Tulsa County,Oklahoma
40145,0-4,4782,40,Wagoner County,Oklahoma
40145,18-49,34204,40,Wagoner County,Oklahoma
40145,5-17,15312,40,Wagoner County,Oklahoma
40145,50-64,15788,40,Wagoner County,Oklahoma
40145,65+,14253,40,Wagoner County,Oklahoma
40147,0-4,3154,40,Washington County,Oklahoma
40147,18-49,20023,40,Washington County,Oklahoma
40147,5-17,9543,40,Washington County,Oklahoma
40147,50-64,9583,40,Washington County,Oklahoma
40147,65+,10592,40,Washington County,Oklahoma
40149,0-4,618,40,Washita County,Oklahoma
40149,18-49,3914,40,Washita County,Oklahoma
40149,5-17,1997,40,Washita County,Oklahoma
40149,50-64,2258,40,Washita County,Oklahoma
40149,65+,2070,40,Washita County,Oklahoma
40151,0-4,423,40,Woods County,Oklahoma
40151,18-49,4047,40,Woods County,Oklahoma
40151,5-17,1372,40,Woods County,Oklahoma
40151,50-64,1276,40,Woods County,Oklahoma
40151,65+,1501,40,Woods County,Oklahoma
40153,0-4,1279,40,Woodward County,Oklahoma
40153,18-49,8510,40,Woodward County,Oklahoma
40153,5-17,3787,40,Woodward County,Oklahoma
40153,50-64,3407,40,Woodward County,Oklahoma
40153,65+,3277,40,Woodward County,Oklahoma
41001,0-4,765,41,Baker County,Oregon
41001,18-49,5419,41,Baker County,Oregon
41001,5-17,2634,41,Baker County,Oregon
41001,50-64,3335,41,Baker County,Oregon
41001,65+,4643,41,Baker County,Oregon
41003,0-4,3583,41,Benton County,Oregon
41003,18-49,49455,41,Benton County,Oregon
41003,5-17,11592,41,Benton County,Oregon
41003,50-64,15180,41,Benton County,Oregon
41003,65+,16549,41,Benton County,Oregon
41005,0-4,20832,41,Clackamas County,Oregon
41005,18-49,167881,41,Clackamas County,Oregon
41005,5-17,68182,41,Clackamas County,Oregon
41005,50-64,83730,41,Clackamas County,Oregon
41005,65+,81683,41,Clackamas County,Oregon
41007,0-4,1908,41,Clatsop County,Oregon
41007,18-49,15356,41,Clatsop County,Oregon
41007,5-17,5613,41,Clatsop County,Oregon
41007,50-64,8420,41,Clatsop County,Oregon
41007,65+,10046,41,Clatsop County,Oregon
41009,0-4,2678,41,Columbia County,Oregon
41009,18-49,20312,41,Columbia County,Oregon
41009,5-17,8200,41,Columbia County,Oregon
41009,50-64,11548,41,Columbia County,Oregon
41009,65+,10440,41,Columbia County,Oregon
41011,0-4,2843,41,Coos County,Oregon
41011,18-49,21723,41,Coos County,Oregon
41011,5-17,8756,41,Coos County,Oregon
41011,50-64,13760,41,Coos County,Oregon
41011,65+,17750,41,Coos County,Oregon
41013,0-4,1303,41,Crook County,Oregon
41013,18-49,8802,41,Crook County,Oregon
41013,5-17,3706,41,Crook County,Oregon
41013,50-64,5403,41,Crook County,Oregon
41013,65+,6437,41,Crook County,Oregon
41015,0-4,782,41,Curry County,Oregon
41015,18-49,6234,41,Curry County,Oregon
41015,5-17,2560,41,Curry County,Oregon
41015,50-64,5542,41,Curry County,Oregon
41015,65+,8345,41,Curry County,Oregon
41017,0-4,9632,41,Deschutes County,Oregon
41017,18-49,81579,41,Deschutes County,Oregon
41017,5-17,29644,41,Deschutes County,Oregon
41017,50-64,39844,41,Deschutes County,Oregon
41017,65+,42327,41,Deschutes County,Oregon
41019,0-4,5304,41,Douglas County,Oregon
41019,18-49,38307,41,Douglas County,Oregon
41019,5-17,16111,41,Douglas County,Oregon
41019,50-64,22755,41,Douglas County,Oregon
41019,65+,29330,41,Douglas County,Oregon
41021,0-4,56,41,Gilliam County,Oregon
41021,18-49,612,41,Gilliam County,Oregon
41021,5-17,324,41,Gilliam County,Oregon
41021,50-64,374,41,Gilliam County,Oregon
41021,65+,636,41,Gilliam County,Oregon
41023,0-4,312,41,Grant County,Oregon
41023,18-49,2285,41,Grant County,Oregon
41023,5-17,928,41,Grant County,Oregon
41023,50-64,1423,41,Grant County,Oregon
41023,65+,2290,41,Grant County,Oregon
41025,0-4,345,41,Harney County,Oregon
41025,18-49,2661,41,Harney County,Oregon
41025,5-17,1032,41,Harney County,Oregon
41025,50-64,1544,41,Harney County,Oregon
41025,65+,1933,41,Harney County,Oregon
41027,0-4,1290,41,Hood River County,Oregon
41027,18-49,9599,41,Hood River County,Oregon
41027,5-17,4022,41,Hood River County,Oregon
41027,50-64,4799,41,Hood River County,Oregon
41027,65+,4248,41,Hood River County,Oregon
41029,0-4,11203,41,Jackson County,Oregon
41029,18-49,84074,41,Jackson County,Oregon
41029,5-17,34251,41,Jackson County,Oregon
41029,50-64,42000,41,Jackson County,Oregon
41029,65+,51035,41,Jackson County,Oregon
41031,0-4,1513,41,Jefferson County,Oregon
41031,18-49,9661,41,Jefferson County,Oregon
41031,5-17,4192,41,Jefferson County,Oregon
41031,50-64,4672,41,Jefferson County,Oregon
41031,65+,4935,41,Jefferson County,Oregon
41033,0-4,4184,41,Josephine County,Oregon
41033,18-49,29337,41,Josephine County,Oregon
41033,5-17,12804,41,Josephine County,Oregon
41033,50-64,18145,41,Josephine County,Oregon
41033,65+,23599,41,Josephine County,Oregon
41035,0-4,3962,41,Klamath County,Oregon
41035,18-49,26094,41,Klamath County,Oregon
41035,5-17,11185,41,Klamath County,Oregon
41035,50-64,13160,41,Klamath County,Oregon
41035,65+,15411,41,Klamath County,Oregon
41037,0-4,367,41,Lake County,Oregon
41037,18-49,3016,41,Lake County,Oregon
41037,5-17,1191,41,Lake County,Oregon
41037,50-64,1629,41,Lake County,Oregon
41037,65+,2051,41,Lake County,Oregon
41039,0-4,16664,41,Lane County,Oregon
41039,18-49,167166,41,Lane County,Oregon
41039,5-17,51371,41,Lane County,Oregon
41039,50-64,69176,41,Lane County,Oregon
41039,65+,78251,41,Lane County,Oregon
41041,0-4,1907,41,Lincoln County,Oregon
41041,18-49,15705,41,Lincoln County,Oregon
41041,5-17,6186,41,Lincoln County,Oregon
41041,50-64,11069,41,Lincoln County,Oregon
41041,65+,15765,41,Lincoln County,Oregon
41043,0-4,7389,41,Linn County,Oregon
41043,18-49,51475,41,Linn County,Oregon
41043,5-17,21406,41,Linn County,Oregon
41043,50-64,24646,41,Linn County,Oregon
41043,65+,24878,41,Linn County,Oregon
41045,0-4,2004,41,Malheur County,Oregon
41045,18-49,13061,41,Malheur County,Oregon
41045,5-17,5978,41,Malheur County,Oregon
41045,50-64,5253,41,Malheur County,Oregon
41045,65+,5405,41,Malheur County,Oregon
41047,0-4,20896,41,Marion County,Oregon
41047,18-49,146058,41,Marion County,Oregon
41047,5-17,61974,41,Marion County,Oregon
41047,50-64,60747,41,Marion County,Oregon
41047,65+,56857,41,Marion County,Oregon
41049,0-4,867,41,Morrow County,Oregon
41049,18-49,4770,41,Morrow County,Oregon
41049,5-17,2532,41,Morrow County,Oregon
41049,50-64,2092,41,Morrow County,Oregon
41049,65+,1988,41,Morrow County,Oregon
41051,0-4,37913,41,Multnomah County,Oregon
41051,18-49,402573,41,Multnomah County,Oregon
41051,5-17,106176,41,Multnomah County,Oregon
41051,50-64,141540,41,Multnomah County,Oregon
41051,65+,115661,41,Multnomah County,Oregon
41053,0-4,4672,41,Polk County,Oregon
41053,18-49,37469,41,Polk County,Oregon
41053,5-17,14890,41,Polk County,Oregon
41053,50-64,14894,41,Polk County,Oregon
41053,65+,16628,41,Polk County,Oregon
41055,0-4,109,41,Sherman County,Oregon
41055,18-49,679,41,Sherman County,Oregon
41055,5-17,250,41,Sherman County,Oregon
41055,50-64,437,41,Sherman County,Oregon
41055,65+,433,41,Sherman County,Oregon
41057,0-4,1127,41,Tillamook County,Oregon
41057,18-49,8965,41,Tillamook County,Oregon
41057,5-17,3843,41,Tillamook County,Oregon
41057,50-64,6009,41,Tillamook County,Oregon
41057,65+,7527,41,Tillamook County,Oregon
41059,0-4,4959,41,Umatilla County,Oregon
41059,18-49,33652,41,Umatilla County,Oregon
41059,5-17,14937,41,Umatilla County,Oregon
41059,50-64,13593,41,Umatilla County,Oregon
41059,65+,12946,41,Umatilla County,Oregon
41061,0-4,1287,41,Union County,Oregon
41061,18-49,10414,41,Union County,Oregon
41061,5-17,4508,41,Union County,Oregon
41061,50-64,4483,41,Union County,Oregon
41061,65+,5500,41,Union County,Oregon
41063,0-4,365,41,Wallowa County,Oregon
41063,18-49,2241,41,Wallowa County,Oregon
41063,5-17,1145,41,Wallowa County,Oregon
41063,50-64,1594,41,Wallowa County,Oregon
41063,65+,2187,41,Wallowa County,Oregon
41065,0-4,1453,41,Wasco County,Oregon
41065,18-49,10296,41,Wasco County,Oregon
41065,5-17,4300,41,Wasco County,Oregon
41065,50-64,4994,41,Wasco County,Oregon
41065,65+,5560,41,Wasco County,Oregon
41067,0-4,32410,41,Washington County,Oregon
41067,18-49,275731,41,Washington County,Oregon
41067,5-17,99616,41,Washington County,Oregon
41067,50-64,106504,41,Washington County,Oregon
41067,65+,86005,41,Washington County,Oregon
41069,0-4,75,41,Wheeler County,Oregon
41069,18-49,366,41,Wheeler County,Oregon
41069,5-17,142,41,Wheeler County,Oregon
41069,50-64,331,41,Wheeler County,Oregon
41069,65+,520,41,Wheeler County,Oregon
41071,0-4,5526,41,Yamhill County,Oregon
41071,18-49,45264,41,Yamhill County,Oregon
41071,5-17,17628,41,Yamhill County,Oregon
41071,50-64,19893,41,Yamhill County,Oregon
41071,65+,19811,41,Yamhill County,Oregon
42001,0-4,4933,42,Adams County,Pennsylvania
42001,18-49,39067,42,Adams County,Pennsylvania
42001,5-17,15826,42,Adams County,Pennsylvania
42001,50-64,22953,42,Adams County,Pennsylvania
42001,65+,22404,42,Adams County,Pennsylvania
42003,0-4,63079,42,Allegheny County,Pennsylvania
42003,18-49,520531,42,Allegheny County,Pennsylvania
42003,5-17,169211,42,Allegheny County,Pennsylvania
42003,50-64,242774,42,Allegheny County,Pennsylvania
42003,65+,244881,42,Allegheny County,Pennsylvania
42005,0-4,2924,42,Armstrong County,Pennsylvania
42005,18-49,22483,42,Armstrong County,Pennsylvania
42005,5-17,9461,42,Armstrong County,Pennsylvania
42005,50-64,14959,42,Armstrong County,Pennsylvania
42005,65+,15242,42,Armstrong County,Pennsylvania
42007,0-4,8088,42,Beaver County,Pennsylvania
42007,18-49,60605,42,Beaver County,Pennsylvania
42007,5-17,24447,42,Beaver County,Pennsylvania
42007,50-64,36730,42,Beaver County,Pennsylvania
42007,65+,37123,42,Beaver County,Pennsylvania
42009,0-4,2390,42,Bedford County,Pennsylvania
42009,18-49,16186,42,Bedford County,Pennsylvania
42009,5-17,6868,42,Bedford County,Pennsylvania
42009,50-64,10914,42,Bedford County,Pennsylvania
42009,65+,11145,42,Bedford County,Pennsylvania
42011,0-4,23694,42,Berks County,Pennsylvania
42011,18-49,171322,42,Berks County,Pennsylvania
42011,5-17,71427,42,Berks County,Pennsylvania
42011,50-64,87365,42,Berks County,Pennsylvania
42011,65+,76181,42,Berks County,Pennsylvania
42013,0-4,6073,42,Blair County,Pennsylvania
42013,18-49,46290,42,Blair County,Pennsylvania
42013,5-17,18617,42,Blair County,Pennsylvania
42013,50-64,25110,42,Blair County,Pennsylvania
42013,65+,25764,42,Blair County,Pennsylvania
42015,0-4,3345,42,Bradford County,Pennsylvania
42015,18-49,20525,42,Bradford County,Pennsylvania
42015,5-17,9945,42,Bradford County,Pennsylvania
42015,50-64,12904,42,Bradford County,Pennsylvania
42015,65+,13252,42,Bradford County,Pennsylvania
42017,0-4,30436,42,Bucks County,Pennsylvania
42017,18-49,239475,42,Bucks County,Pennsylvania
42017,5-17,99442,42,Bucks County,Pennsylvania
42017,50-64,147719,42,Bucks County,Pennsylvania
42017,65+,128921,42,Bucks County,Pennsylvania
42019,0-4,9461,42,Butler County,Pennsylvania
42019,18-49,74827,42,Butler County,Pennsylvania
42019,5-17,28694,42,Butler County,Pennsylvania
42019,50-64,43561,42,Butler County,Pennsylvania
42019,65+,39327,42,Butler County,Pennsylvania
42021,0-4,6297,42,Cambria County,Pennsylvania
42021,18-49,47534,42,Cambria County,Pennsylvania
42021,5-17,19187,42,Cambria County,Pennsylvania
42021,50-64,28228,42,Cambria County,Pennsylvania
42021,65+,31109,42,Cambria County,Pennsylvania
42023,0-4,172,42,Cameron County,Pennsylvania
42023,18-49,1365,42,Cameron County,Pennsylvania
42023,5-17,556,42,Cameron County,Pennsylvania
42023,50-64,1062,42,Cameron County,Pennsylvania
42023,65+,1320,42,Cameron County,Pennsylvania
42025,0-4,3033,42,Carbon County,Pennsylvania
42025,18-49,23304,42,Carbon County,Pennsylvania
42025,5-17,9421,42,Carbon County,Pennsylvania
42025,50-64,15030,42,Carbon County,Pennsylvania
42025,65+,14403,42,Carbon County,Pennsylvania
42027,0-4,5726,42,Centre County,Pennsylvania
42027,18-49,83201,42,Centre County,Pennsylvania
42027,5-17,17613,42,Centre County,Pennsylvania
42027,50-64,26952,42,Centre County,Pennsylvania
42027,65+,24549,42,Centre County,Pennsylvania
42029,0-4,29052,42,Chester County,Pennsylvania
42029,18-49,214171,42,Chester County,Pennsylvania
42029,5-17,91648,42,Chester County,Pennsylvania
42029,50-64,112383,42,Chester County,Pennsylvania
42029,65+,93642,42,Chester County,Pennsylvania
42031,0-4,1849,42,Clarion County,Pennsylvania
42031,18-49,15088,42,Clarion County,Pennsylvania
42031,5-17,5215,42,Clarion County,Pennsylvania
42031,50-64,7615,42,Clarion County,Pennsylvania
42031,65+,7530,42,Clarion County,Pennsylvania
42033,0-4,3625,42,Clearfield County,Pennsylvania
42033,18-49,29451,42,Clearfield County,Pennsylvania
42033,5-17,10893,42,Clearfield County,Pennsylvania
42033,50-64,17943,42,Clearfield County,Pennsylvania
42033,65+,16990,42,Clearfield County,Pennsylvania
42035,0-4,2003,42,Clinton County,Pennsylvania
42035,18-49,15448,42,Clinton County,Pennsylvania
42035,5-17,5616,42,Clinton County,Pennsylvania
42035,50-64,7226,42,Clinton County,Pennsylvania
42035,65+,7414,42,Clinton County,Pennsylvania
42037,0-4,2739,42,Columbia County,Pennsylvania
42037,18-49,27535,42,Columbia County,Pennsylvania
42037,5-17,8754,42,Columbia County,Pennsylvania
42037,50-64,12869,42,Columbia County,Pennsylvania
42037,65+,13158,42,Columbia County,Pennsylvania
42039,0-4,4423,42,Crawford County,Pennsylvania
42039,18-49,30038,42,Crawford County,Pennsylvania
42039,5-17,12739,42,Crawford County,Pennsylvania
42039,50-64,17586,42,Crawford County,Pennsylvania
42039,65+,18403,42,Crawford County,Pennsylvania
42041,0-4,13888,42,Cumberland County,Pennsylvania
42041,18-49,109980,42,Cumberland County,Pennsylvania
42041,5-17,40240,42,Cumberland County,Pennsylvania
42041,50-64,50590,42,Cumberland County,Pennsylvania
42041,65+,49724,42,Cumberland County,Pennsylvania
42043,0-4,17211,42,Dauphin County,Pennsylvania
42043,18-49,115910,42,Dauphin County,Pennsylvania
42043,5-17,47322,42,Dauphin County,Pennsylvania
42043,50-64,56152,42,Dauphin County,Pennsylvania
42043,65+,50889,42,Dauphin County,Pennsylvania
42045,0-4,33040,42,Delaware County,Pennsylvania
42045,18-49,237064,42,Delaware County,Pennsylvania
42045,5-17,94319,42,Delaware County,Pennsylvania
42045,50-64,113682,42,Delaware County,Pennsylvania
42045,65+,98090,42,Delaware County,Pennsylvania
42047,0-4,1387,42,Elk County,Pennsylvania
42047,18-49,10213,42,Elk County,Pennsylvania
42047,5-17,4441,42,Elk County,Pennsylvania
42047,50-64,7474,42,Elk County,Pennsylvania
42047,65+,7188,42,Elk County,Pennsylvania
42049,0-4,14127,42,Erie County,Pennsylvania
42049,18-49,107745,42,Erie County,Pennsylvania
42049,5-17,42211,42,Erie County,Pennsylvania
42049,50-64,53669,42,Erie County,Pennsylvania
42049,65+,51792,42,Erie County,Pennsylvania
42051,0-4,6213,42,Fayette County,Pennsylvania
42051,18-49,46074,42,Fayette County,Pennsylvania
42051,5-17,18342,42,Fayette County,Pennsylvania
42051,50-64,28192,42,Fayette County,Pennsylvania
42051,65+,28146,42,Fayette County,Pennsylvania
42053,0-4,35,42,Forest County,Pennsylvania
42053,18-49,3314,42,Forest County,Pennsylvania
42053,5-17,212,42,Forest County,Pennsylvania
42053,50-64,1596,42,Forest County,Pennsylvania
42053,65+,1628,42,Forest County,Pennsylvania
42055,0-4,8827,42,Franklin County,Pennsylvania
42055,18-49,58692,42,Franklin County,Pennsylvania
42055,5-17,25812,42,Franklin County,Pennsylvania
42055,50-64,32008,42,Franklin County,Pennsylvania
42055,65+,31287,42,Franklin County,Pennsylvania
42057,0-4,691,42,Fulton County,Pennsylvania
42057,18-49,5171,42,Fulton County,Pennsylvania
42057,5-17,2191,42,Fulton County,Pennsylvania
42057,50-64,3264,42,Fulton County,Pennsylvania
42057,65+,3228,42,Fulton County,Pennsylvania
42059,0-4,1638,42,Greene County,Pennsylvania
42059,18-49,14019,42,Greene County,Pennsylvania
42059,5-17,5102,42,Greene County,Pennsylvania
42059,50-64,7449,42,Greene County,Pennsylvania
42059,65+,7057,42,Greene County,Pennsylvania
42061,0-4,1954,42,Huntingdon County,Pennsylvania
42061,18-49,17540,42,Huntingdon County,Pennsylvania
42061,5-17,5885,42,Huntingdon County,Pennsylvania
42061,50-64,9019,42,Huntingdon County,Pennsylvania
42061,65+,9446,42,Huntingdon County,Pennsylvania
42063,0-4,3746,42,Indiana County,Pennsylvania
42063,18-49,35207,42,Indiana County,Pennsylvania
42063,5-17,11298,42,Indiana County,Pennsylvania
42063,50-64,16280,42,Indiana County,Pennsylvania
42063,65+,16682,42,Indiana County,Pennsylvania
42065,0-4,2406,42,Jefferson County,Pennsylvania
42065,18-49,15588,42,Jefferson County,Pennsylvania
42065,5-17,7041,42,Jefferson County,Pennsylvania
42065,50-64,9494,42,Jefferson County,Pennsylvania
42065,65+,9570,42,Jefferson County,Pennsylvania
42067,0-4,1394,42,Juniata County,Pennsylvania
42067,18-49,8356,42,Juniata County,Pennsylvania
42067,5-17,3820,42,Juniata County,Pennsylvania
42067,50-64,4945,42,Juniata County,Pennsylvania
42067,65+,4904,42,Juniata County,Pennsylvania
42069,0-4,10990,42,Lackawanna County,Pennsylvania
42069,18-49,83806,42,Lackawanna County,Pennsylvania
42069,5-17,33309,42,Lackawanna County,Pennsylvania
42069,50-64,44013,42,Lackawanna County,Pennsylvania
42069,65+,43716,42,Lackawanna County,Pennsylvania
42071,0-4,34742,42,Lancaster County,Pennsylvania
42071,18-49,215988,42,Lancaster County,Pennsylvania
42071,5-17,94351,42,Lancaster County,Pennsylvania
42071,50-64,103490,42,Lancaster County,Pennsylvania
42071,65+,106580,42,Lancaster County,Pennsylvania
42073,0-4,4334,42,Lawrence County,Pennsylvania
42073,18-49,30448,42,Lawrence County,Pennsylvania
42073,5-17,12823,42,Lawrence County,Pennsylvania
42073,50-64,18210,42,Lawrence County,Pennsylvania
42073,65+,19608,42,Lawrence County,Pennsylvania
42075,0-4,8103,42,Lebanon County,Pennsylvania
42075,18-49,54053,42,Lebanon County,Pennsylvania
42075,5-17,24470,42,Lebanon County,Pennsylvania
42075,50-64,28051,42,Lebanon County,Pennsylvania
42075,65+,28915,42,Lebanon County,Pennsylvania
42077,0-4,21721,42,Lehigh County,Pennsylvania
42077,18-49,153140,42,Lehigh County,Pennsylvania
42077,5-17,62823,42,Lehigh County,Pennsylvania
42077,50-64,72598,42,Lehigh County,Pennsylvania
42077,65+,65126,42,Lehigh County,Pennsylvania
42079,0-4,17194,42,Luzerne County,Pennsylvania
42079,18-49,127345,42,Luzerne County,Pennsylvania
42079,5-17,48857,42,Luzerne County,Pennsylvania
42079,50-64,67575,42,Luzerne County,Pennsylvania
42079,65+,65007,42,Luzerne County,Pennsylvania
42081,0-4,5905,42,Lycoming County,Pennsylvania
42081,18-49,44052,42,Lycoming County,Pennsylvania
42081,5-17,17518,42,Lycoming County,Pennsylvania
42081,50-64,23141,42,Lycoming County,Pennsylvania
42081,65+,22954,42,Lycoming County,Pennsylvania
42083,0-4,1810,42,McKean County,Pennsylvania
42083,18-49,15269,42,McKean County,Pennsylvania
42083,5-17,6048,42,McKean County,Pennsylvania
42083,50-64,8787,42,McKean County,Pennsylvania
42083,65+,8235,42,McKean County,Pennsylvania
42085,0-4,5273,42,Mercer County,Pennsylvania
42085,18-49,40173,42,Mercer County,Pennsylvania
42085,5-17,15668,42,Mercer County,Pennsylvania
42085,50-64,23811,42,Mercer County,Pennsylvania
42085,65+,24927,42,Mercer County,Pennsylvania
42087,0-4,2984,42,Mifflin County,Pennsylvania
42087,18-49,15991,42,Mifflin County,Pennsylvania
42087,5-17,7481,42,Mifflin County,Pennsylvania
42087,50-64,9593,42,Mifflin County,Pennsylvania
42087,65+,10025,42,Mifflin County,Pennsylvania
42089,0-4,7806,42,Monroe County,Pennsylvania
42089,18-49,63976,42,Monroe County,Pennsylvania
42089,5-17,24645,42,Monroe County,Pennsylvania
42089,50-64,39627,42,Monroe County,Pennsylvania
42089,65+,31730,42,Monroe County,Pennsylvania
42091,0-4,45608,42,Montgomery County,Pennsylvania
42091,18-49,341443,42,Montgomery County,Pennsylvania
42091,5-17,139368,42,Montgomery County,Pennsylvania
42091,50-64,176505,42,Montgomery County,Pennsylvania
42091,65+,158301,42,Montgomery County,Pennsylvania
42093,0-4,989,42,Montour County,Pennsylvania
42093,18-49,6753,42,Montour County,Pennsylvania
42093,5-17,2673,42,Montour County,Pennsylvania
42093,50-64,3787,42,Montour County,Pennsylvania
42093,65+,3877,42,Montour County,Pennsylvania
42095,0-4,14867,42,Northampton County,Pennsylvania
42095,18-49,126384,42,Northampton County,Pennsylvania
42095,5-17,46635,42,Northampton County,Pennsylvania
42095,50-64,65172,42,Northampton County,Pennsylvania
42095,65+,62869,42,Northampton County,Pennsylvania
42097,0-4,4635,42,Northumberland County,Pennsylvania
42097,18-49,33642,42,Northumberland County,Pennsylvania
42097,5-17,13359,42,Northumberland County,Pennsylvania
42097,50-64,19533,42,Northumberland County,Pennsylvania
42097,65+,19756,42,Northumberland County,Pennsylvania
42099,0-4,2465,42,Perry County,Pennsylvania
42099,18-49,16747,42,Perry County,Pennsylvania
42099,5-17,7221,42,Perry County,Pennsylvania
42099,50-64,10411,42,Perry County,Pennsylvania
42099,65+,9144,42,Perry County,Pennsylvania
42101,0-4,96502,42,Philadelphia County,Pennsylvania
42101,18-49,746036,42,Philadelphia County,Pennsylvania
42101,5-17,242220,42,Philadelphia County,Pennsylvania
42101,50-64,270545,42,Philadelphia County,Pennsylvania
42101,65+,227129,42,Philadelphia County,Pennsylvania
42103,0-4,2206,42,Pike County,Pennsylvania
42103,18-49,19995,42,Pike County,Pennsylvania
42103,5-17,8119,42,Pike County,Pennsylvania
42103,50-64,15216,42,Pike County,Pennsylvania
42103,65+,14155,42,Pike County,Pennsylvania
42105,0-4,794,42,Potter County,Pennsylvania
42105,18-49,5206,42,Potter County,Pennsylvania
42105,5-17,2500,42,Potter County,Pennsylvania
42105,50-64,3663,42,Potter County,Pennsylvania
42105,65+,4113,42,Potter County,Pennsylvania
42107,0-4,6772,42,Schuylkill County,Pennsylvania
42107,18-49,53935,42,Schuylkill County,Pennsylvania
42107,5-17,21756,42,Schuylkill County,Pennsylvania
42107,50-64,30958,42,Schuylkill County,Pennsylvania
42107,65+,29838,42,Schuylkill County,Pennsylvania
42109,0-4,2078,42,Snyder County,Pennsylvania
42109,18-49,15755,42,Snyder County,Pennsylvania
42109,5-17,6116,42,Snyder County,Pennsylvania
42109,50-64,7819,42,Snyder County,Pennsylvania
42109,65+,7943,42,Snyder County,Pennsylvania
42111,0-4,3360,42,Somerset County,Pennsylvania
42111,18-49,26295,42,Somerset County,Pennsylvania
42111,5-17,9993,42,Somerset County,Pennsylvania
42111,50-64,16419,42,Somerset County,Pennsylvania
42111,65+,17188,42,Somerset County,Pennsylvania
42113,0-4,158,42,Sullivan County,Pennsylvania
42113,18-49,1875,42,Sullivan County,Pennsylvania
42113,5-17,437,42,Sullivan County,Pennsylvania
42113,50-64,1598,42,Sullivan County,Pennsylvania
42113,65+,1781,42,Sullivan County,Pennsylvania
42115,0-4,1822,42,Susquehanna County,Pennsylvania
42115,18-49,12616,42,Susquehanna County,Pennsylvania
42115,5-17,5390,42,Susquehanna County,Pennsylvania
42115,50-64,9039,42,Susquehanna County,Pennsylvania
42115,65+,9482,42,Susquehanna County,Pennsylvania
42117,0-4,2037,42,Tioga County,Pennsylvania
42117,18-49,14661,42,Tioga County,Pennsylvania
42117,5-17,6074,42,Tioga County,Pennsylvania
42117,50-64,8864,42,Tioga County,Pennsylvania
42117,65+,9442,42,Tioga County,Pennsylvania
42119,0-4,1851,42,Union County,Pennsylvania
42119,18-49,18879,42,Union County,Pennsylvania
42119,5-17,5600,42,Union County,Pennsylvania
42119,50-64,7958,42,Union County,Pennsylvania
42119,65+,8282,42,Union County,Pennsylvania
42121,0-4,2434,42,Venango County,Pennsylvania
42121,18-49,16787,42,Venango County,Pennsylvania
42121,5-17,7148,42,Venango County,Pennsylvania
42121,50-64,11592,42,Venango County,Pennsylvania
42121,65+,12135,42,Venango County,Pennsylvania
42123,0-4,1979,42,Warren County,Pennsylvania
42123,18-49,12641,42,Warren County,Pennsylvania
42123,5-17,5506,42,Warren County,Pennsylvania
42123,50-64,8808,42,Warren County,Pennsylvania
42123,65+,9240,42,Warren County,Pennsylvania
42125,0-4,10442,42,Washington County,Pennsylvania
42125,18-49,77893,42,Washington County,Pennsylvania
42125,5-17,30813,42,Washington County,Pennsylvania
42125,50-64,45493,42,Washington County,Pennsylvania
42125,65+,45137,42,Washington County,Pennsylvania
42127,0-4,2081,42,Wayne County,Pennsylvania
42127,18-49,17778,42,Wayne County,Pennsylvania
42127,5-17,6434,42,Wayne County,Pennsylvania
42127,50-64,12090,42,Wayne County,Pennsylvania
42127,65+,12806,42,Wayne County,Pennsylvania
42129,0-4,15319,42,Westmoreland County,Pennsylvania
42129,18-49,124100,42,Westmoreland County,Pennsylvania
42129,5-17,49412,42,Westmoreland County,Pennsylvania
42129,50-64,80601,42,Westmoreland County,Pennsylvania
42129,65+,83913,42,Westmoreland County,Pennsylvania
42131,0-4,1208,42,Wyoming County,Pennsylvania
42131,18-49,9494,42,Wyoming County,Pennsylvania
42131,5-17,3830,42,Wyoming County,Pennsylvania
42131,50-64,5697,42,Wyoming County,Pennsylvania
42131,65+,5846,42,Wyoming County,Pennsylvania
42133,0-4,25011,42,York County,Pennsylvania
42133,18-49,177942,42,York County,Pennsylvania
42133,5-17,76019,42,York County,Pennsylvania
42133,50-64,95688,42,York County,Pennsylvania
42133,65+,84652,42,York County,Pennsylvania
44001,0-4,1813,44,Bristol County,Rhode Island
44001,18-49,19695,44,Bristol County,Rhode Island
44001,5-17,7350,44,Bristol County,Rhode Island
44001,50-64,11359,44,Bristol County,Rhode Island
44001,65+,10351,44,Bristol County,Rhode Island
44003,0-4,7870,44,Kent County,Rhode Island
44003,18-49,67178,44,Kent County,Rhode Island
44003,5-17,23365,44,Kent County,Rhode Island
44003,50-64,38256,44,Kent County,Rhode Island
44003,65+,33989,44,Kent County,Rhode Island
44005,0-4,3407,44,Newport County,Rhode Island
44005,18-49,31994,44,Newport County,Rhode Island
44005,5-17,10492,44,Newport County,Rhode Island
44005,50-64,18423,44,Newport County,Rhode Island
44005,65+,20779,44,Newport County,Rhode Island
44007,0-4,36064,44,Providence County,Rhode Island
44007,18-49,291754,44,Providence County,Rhode Island
44007,5-17,97754,44,Providence County,Rhode Island
44007,50-64,128006,44,Providence County,Rhode Island
44007,65+,105399,44,Providence County,Rhode Island
44009,0-4,4659,44,Washington County,Rhode Island
44009,18-49,50955,44,Washington County,Rhode Island
44009,5-17,15706,44,Washington County,Rhode Island
44009,50-64,29350,44,Washington County,Rhode Island
44009,65+,29403,44,Washington County,Rhode Island
45001,0-4,1148,45,Abbeville County,South Carolina
45001,18-49,8895,45,Abbeville County,South Carolina
45001,5-17,3632,45,Abbeville County,South Carolina
45001,50-64,5181,45,Abbeville County,South Carolina
45001,65+,5496,45,Abbeville County,South Carolina
45003,0-4,9776,45,Aiken County,South Carolina
45003,18-49,65025,45,Aiken County,South Carolina
45003,5-17,27288,45,Aiken County,South Carolina
45003,50-64,34851,45,Aiken County,South Carolina
45003,65+,35009,45,Aiken County,South Carolina
45005,0-4,365,45,Allendale County,South Carolina
45005,18-49,3149,45,Allendale County,South Carolina
45005,5-17,1082,45,Allendale County,South Carolina
45005,50-64,1462,45,Allendale County,South Carolina
45005,65+,1680,45,Allendale County,South Carolina
45007,0-4,11609,45,Anderson County,South Carolina
45007,18-49,80720,45,Anderson County,South Carolina
45007,5-17,35509,45,Anderson County,South Carolina
45007,50-64,41700,45,Anderson County,South Carolina
45007,65+,37680,45,Anderson County,South Carolina
45009,0-4,616,45,Bamberg County,South Carolina
45009,18-49,5034,45,Bamberg County,South Carolina
45009,5-17,1828,45,Bamberg County,South Carolina
45009,50-64,2597,45,Bamberg County,South Carolina
45009,65+,3089,45,Bamberg County,South Carolina
45011,0-4,1357,45,Barnwell County,South Carolina
45011,18-49,7739,45,Barnwell County,South Carolina
45011,5-17,3509,45,Barnwell County,South Carolina
45011,50-64,4068,45,Barnwell County,South Carolina
45011,65+,3892,45,Barnwell County,South Carolina
45013,0-4,9141,45,Beaufort County,South Carolina
45013,18-49,67287,45,Beaufort County,South Carolina
45013,5-17,25055,45,Beaufort County,South Carolina
45013,50-64,37024,45,Beaufort County,South Carolina
45013,65+,53616,45,Beaufort County,South Carolina
45015,0-4,14798,45,Berkeley County,South Carolina
45015,18-49,103692,45,Berkeley County,South Carolina
45015,5-17,42019,45,Berkeley County,South Carolina
45015,50-64,43495,45,Berkeley County,South Carolina
45015,65+,34719,45,Berkeley County,South Carolina
45017,0-4,660,45,Calhoun County,South Carolina
45017,18-49,4932,45,Calhoun County,South Carolina
45017,5-17,1992,45,Calhoun County,South Carolina
45017,50-64,3149,45,Calhoun County,South Carolina
45017,65+,3417,45,Calhoun County,South Carolina
45019,0-4,23500,45,Charleston County,South Carolina
45019,18-49,182491,45,Charleston County,South Carolina
45019,5-17,57998,45,Charleston County,South Carolina
45019,50-64,78244,45,Charleston County,South Carolina
45019,65+,72478,45,Charleston County,South Carolina
45021,0-4,3318,45,Cherokee County,South Carolina
45021,18-49,22332,45,Cherokee County,South Carolina
45021,5-17,9609,45,Cherokee County,South Carolina
45021,50-64,11410,45,Cherokee County,South Carolina
45021,65+,9630,45,Cherokee County,South Carolina
45023,0-4,1737,45,Chester County,South Carolina
45023,18-49,11969,45,Chester County,South Carolina
45023,5-17,5475,45,Chester County,South Carolina
45023,50-64,6917,45,Chester County,South Carolina
45023,65+,6079,45,Chester County,South Carolina
45025,0-4,2413,45,Chesterfield County,South Carolina
45025,18-49,16157,45,Chesterfield County,South Carolina
45025,5-17,7250,45,Chesterfield County,South Carolina
45025,50-64,9502,45,Chesterfield County,South Carolina
45025,65+,8253,45,Chesterfield County,South Carolina
45027,0-4,1388,45,Clarendon County,South Carolina
45027,18-49,11035,45,Clarendon County,South Carolina
45027,5-17,4368,45,Clarendon County,South Carolina
45027,50-64,6672,45,Clarendon County,South Carolina
45027,65+,7574,45,Clarendon County,South Carolina
45029,0-4,2144,45,Colleton County,South Carolina
45029,18-49,14009,45,Colleton County,South Carolina
45029,5-17,6619,45,Colleton County,South Carolina
45029,50-64,8080,45,Colleton County,South Carolina
45029,65+,7771,45,Colleton County,South Carolina
45031,0-4,3464,45,Darlington County,South Carolina
45031,18-49,23835,45,Darlington County,South Carolina
45031,5-17,10588,45,Darlington County,South Carolina
45031,50-64,12640,45,Darlington County,South Carolina
45031,65+,12227,45,Darlington County,South Carolina
45033,0-4,1982,45,Dillon County,South Carolina
45033,18-49,10747,45,Dillon County,South Carolina
45033,5-17,5142,45,Dillon County,South Carolina
45033,50-64,5308,45,Dillon County,South Carolina
45033,65+,4852,45,Dillon County,South Carolina
45035,0-4,9560,45,Dorchester County,South Carolina
45035,18-49,68948,45,Dorchester County,South Carolina
45035,5-17,30189,45,Dorchester County,South Carolina
45035,50-64,31278,45,Dorchester County,South Carolina
45035,65+,24347,45,Dorchester County,South Carolina
45037,0-4,1064,45,Edgefield County,South Carolina
45037,18-49,10978,45,Edgefield County,South Carolina
45037,5-17,3509,45,Edgefield County,South Carolina
45037,50-64,5765,45,Edgefield County,South Carolina
45037,65+,5192,45,Edgefield County,South Carolina
45039,0-4,940,45,Fairfield County,South Carolina
45039,18-49,7126,45,Fairfield County,South Carolina
45039,5-17,2879,45,Fairfield County,South Carolina
45039,50-64,5008,45,Fairfield County,South Carolina
45039,65+,4788,45,Fairfield County,South Carolina
45041,0-4,7970,45,Florence County,South Carolina
45041,18-49,54052,45,Florence County,South Carolina
45041,5-17,24469,45,Florence County,South Carolina
45041,50-64,26154,45,Florence County,South Carolina
45041,65+,24276,45,Florence County,South Carolina
45043,0-4,2609,45,Georgetown County,South Carolina
45043,18-49,19729,45,Georgetown County,South Carolina
45043,5-17,8490,45,Georgetown County,South Carolina
45043,50-64,14220,45,Georgetown County,South Carolina
45043,65+,19152,45,Georgetown County,South Carolina
45045,0-4,32495,45,Greenville County,South Carolina
45045,18-49,224023,45,Greenville County,South Carolina
45045,5-17,91625,45,Greenville County,South Carolina
45045,50-64,101268,45,Greenville County,South Carolina
45045,65+,88164,45,Greenville County,South Carolina
45047,0-4,4088,45,Greenwood County,South Carolina
45047,18-49,27188,45,Greenwood County,South Carolina
45047,5-17,11539,45,Greenwood County,South Carolina
45047,50-64,13271,45,Greenwood County,South Carolina
45047,65+,13243,45,Greenwood County,South Carolina
45049,0-4,976,45,Hampton County,South Carolina
45049,18-49,7593,45,Hampton County,South Carolina
45049,5-17,2857,45,Hampton County,South Carolina
45049,50-64,3624,45,Hampton County,South Carolina
45049,65+,3505,45,Hampton County,South Carolina
45051,0-4,15769,45,Horry County,South Carolina
45051,18-49,128133,45,Horry County,South Carolina
45051,5-17,47849,45,Horry County,South Carolina
45051,50-64,82319,45,Horry County,South Carolina
45051,65+,94867,45,Horry County,South Carolina
45053,0-4,1731,45,Jasper County,South Carolina
45053,18-49,11388,45,Jasper County,South Carolina
45053,5-17,4107,45,Jasper County,South Carolina
45053,50-64,6701,45,Jasper County,South Carolina
45053,65+,6731,45,Jasper County,South Carolina
45055,0-4,3766,45,Kershaw County,South Carolina
45055,18-49,25193,45,Kershaw County,South Carolina
45055,5-17,11791,45,Kershaw County,South Carolina
45055,50-64,13533,45,Kershaw County,South Carolina
45055,65+,12641,45,Kershaw County,South Carolina
45057,0-4,5673,45,Lancaster County,South Carolina
45057,18-49,38331,45,Lancaster County,South Carolina
45057,5-17,16134,45,Lancaster County,South Carolina
45057,50-64,19068,45,Lancaster County,South Carolina
45057,65+,21699,45,Lancaster County,South Carolina
45059,0-4,3859,45,Laurens County,South Carolina
45059,18-49,26171,45,Laurens County,South Carolina
45059,5-17,11088,45,Laurens County,South Carolina
45059,50-64,13983,45,Laurens County,South Carolina
45059,65+,12803,45,Laurens County,South Carolina
45061,0-4,793,45,Lee County,South Carolina
45061,18-49,6588,45,Lee County,South Carolina
45061,5-17,2286,45,Lee County,South Carolina
45061,50-64,3381,45,Lee County,South Carolina
45061,65+,3282,45,Lee County,South Carolina
45063,0-4,16975,45,Lexington County,South Carolina
45063,18-49,120838,45,Lexington County,South Carolina
45063,5-17,52485,45,Lexington County,South Carolina
45063,50-64,59868,45,Lexington County,South Carolina
45063,65+,50204,45,Lexington County,South Carolina
45065,0-4,243,45,McCormick County,South Carolina
45065,18-49,2729,45,McCormick County,South Carolina
45065,5-17,771,45,McCormick County,South Carolina
45065,50-64,2288,45,McCormick County,South Carolina
45065,65+,3670,45,McCormick County,South Carolina
45067,0-4,1517,45,Marion County,South Carolina
45067,18-49,10519,45,Marion County,South Carolina
45067,5-17,4977,45,Marion County,South Carolina
45067,50-64,5783,45,Marion County,South Carolina
45067,65+,6104,45,Marion County,South Carolina
45069,0-4,1380,45,Marlboro County,South Carolina
45069,18-49,10640,45,Marlboro County,South Carolina
45069,5-17,3898,45,Marlboro County,South Carolina
45069,50-64,5466,45,Marlboro County,South Carolina
45069,65+,4901,45,Marlboro County,South Carolina
45071,0-4,2086,45,Newberry County,South Carolina
45071,18-49,14434,45,Newberry County,South Carolina
45071,5-17,6188,45,Newberry County,South Carolina
45071,50-64,7820,45,Newberry County,South Carolina
45071,65+,7593,45,Newberry County,South Carolina
45073,0-4,3544,45,Oconee County,South Carolina
45073,18-49,27374,45,Oconee County,South Carolina
45073,5-17,11858,45,Oconee County,South Carolina
45073,50-64,17526,45,Oconee County,South Carolina
45073,65+,19264,45,Oconee County,South Carolina
45075,0-4,4387,45,Orangeburg County,South Carolina
45075,18-49,31608,45,Orangeburg County,South Carolina
45075,5-17,13667,45,Orangeburg County,South Carolina
45075,50-64,16642,45,Orangeburg County,South Carolina
45075,65+,17227,45,Orangeburg County,South Carolina
45077,0-4,6239,45,Pickens County,South Carolina
45077,18-49,60978,45,Pickens County,South Carolina
45077,5-17,18611,45,Pickens County,South Carolina
45077,50-64,24182,45,Pickens County,South Carolina
45077,65+,22594,45,Pickens County,South Carolina
45079,0-4,23473,45,Richland County,South Carolina
45079,18-49,199068,45,Richland County,South Carolina
45079,5-17,67340,45,Richland County,South Carolina
45079,50-64,71443,45,Richland County,South Carolina
45079,65+,57401,45,Richland County,South Carolina
45081,0-4,1104,45,Saluda County,South Carolina
45081,18-49,6885,45,Saluda County,South Carolina
45081,5-17,3042,45,Saluda County,South Carolina
45081,50-64,4108,45,Saluda County,South Carolina
45081,65+,3819,45,Saluda County,South Carolina
45083,0-4,20449,45,Spartanburg County,South Carolina
45083,18-49,139596,45,Spartanburg County,South Carolina
45083,5-17,58679,45,Spartanburg County,South Carolina
45083,50-64,64630,45,Spartanburg County,South Carolina
45083,65+,54742,45,Spartanburg County,South Carolina
45085,0-4,6803,45,Sumter County,South Carolina
45085,18-49,42248,45,Sumter County,South Carolina
45085,5-17,18252,45,Sumter County,South Carolina
45085,50-64,19326,45,Sumter County,South Carolina
45085,65+,18224,45,Sumter County,South Carolina
45087,0-4,1461,45,Union County,South Carolina
45087,18-49,9725,45,Union County,South Carolina
45087,5-17,4225,45,Union County,South Carolina
45087,50-64,5928,45,Union County,South Carolina
45087,65+,5651,45,Union County,South Carolina
45089,0-4,1448,45,Williamsburg County,South Carolina
45089,18-49,11447,45,Williamsburg County,South Carolina
45089,5-17,4556,45,Williamsburg County,South Carolina
45089,50-64,6357,45,Williamsburg County,South Carolina
45089,65+,6709,45,Williamsburg County,South Carolina
45091,0-4,16050,45,York County,South Carolina
45091,18-49,119979,45,York County,South Carolina
45091,5-17,52870,45,York County,South Carolina
45091,50-64,56346,45,York County,South Carolina
45091,65+,43314,45,York County,South Carolina
46003,0-4,164,46,Aurora County,South Dakota
46003,18-49,926,46,Aurora County,South Dakota
46003,5-17,466,46,Aurora County,South Dakota
46003,50-64,478,46,Aurora County,South Dakota
46003,65+,539,46,Aurora County,South Dakota
46005,0-4,1558,46,Beadle County,South Dakota
46005,18-49,6878,46,Beadle County,South Dakota
46005,5-17,3924,46,Beadle County,South Dakota
46005,50-64,3396,46,Beadle County,South Dakota
46005,65+,3523,46,Beadle County,South Dakota
46007,0-4,287,46,Bennett County,South Dakota
46007,18-49,1305,46,Bennett County,South Dakota
46007,5-17,867,46,Bennett County,South Dakota
46007,50-64,383,46,Bennett County,South Dakota
46007,65+,512,46,Bennett County,South Dakota
46009,0-4,336,46,Bon Homme County,South Dakota
46009,18-49,2852,46,Bon Homme County,South Dakota
46009,5-17,962,46,Bon Homme County,South Dakota
46009,50-64,1379,46,Bon Homme County,South Dakota
46009,65+,1495,46,Bon Homme County,South Dakota
46011,0-4,2010,46,Brookings County,South Dakota
46011,18-49,18341,46,Brookings County,South Dakota
46011,5-17,5369,46,Brookings County,South Dakota
46011,50-64,4601,46,Brookings County,South Dakota
46011,65+,4647,46,Brookings County,South Dakota
46013,0-4,2222,46,Brown County,South Dakota
46013,18-49,15089,46,Brown County,South Dakota
46013,5-17,6867,46,Brown County,South Dakota
46013,50-64,7193,46,Brown County,South Dakota
46013,65+,6708,46,Brown County,South Dakota
46015,0-4,300,46,Brule County,South Dakota
46015,18-49,1834,46,Brule County,South Dakota
46015,5-17,983,46,Brule County,South Dakota
46015,50-64,1078,46,Brule County,South Dakota
46015,65+,1066,46,Brule County,South Dakota
46017,0-4,213,46,Buffalo County,South Dakota
46017,18-49,699,46,Buffalo County,South Dakota
46017,5-17,424,46,Buffalo County,South Dakota
46017,50-64,257,46,Buffalo County,South Dakota
46017,65+,164,46,Buffalo County,South Dakota
46019,0-4,663,46,Butte County,South Dakota
46019,18-49,3732,46,Butte County,South Dakota
46019,5-17,1888,46,Butte County,South Dakota
46019,50-64,2175,46,Butte County,South Dakota
46019,65+,2080,46,Butte County,South Dakota
46021,0-4,84,46,Campbell County,South Dakota
46021,18-49,374,46,Campbell County,South Dakota
46021,5-17,226,46,Campbell County,South Dakota
46021,50-64,377,46,Campbell County,South Dakota
46021,65+,420,46,Campbell County,South Dakota
46023,0-4,786,46,Charles Mix County,South Dakota
46023,18-49,3105,46,Charles Mix County,South Dakota
46023,5-17,2073,46,Charles Mix County,South Dakota
46023,50-64,1604,46,Charles Mix County,South Dakota
46023,65+,1713,46,Charles Mix County,South Dakota
46025,0-4,339,46,Clark County,South Dakota
46025,18-49,1158,46,Clark County,South Dakota
46025,5-17,791,46,Clark County,South Dakota
46025,50-64,682,46,Clark County,South Dakota
46025,65+,906,46,Clark County,South Dakota
46027,0-4,758,46,Clay County,South Dakota
46027,18-49,8679,46,Clay County,South Dakota
46027,5-17,1908,46,Clay County,South Dakota
46027,50-64,1945,46,Clay County,South Dakota
46027,65+,1843,46,Clay County,South Dakota
46029,0-4,1564,46,Codington County,South Dakota
46029,18-49,10955,46,Codington County,South Dakota
46029,5-17,5111,46,Codington County,South Dakota
46029,50-64,5496,46,Codington County,South Dakota
46029,65+,5430,46,Codington County,South Dakota
46031,0-4,393,46,Corson County,South Dakota
46031,18-49,1359,46,Corson County,South Dakota
46031,5-17,979,46,Corson County,South Dakota
46031,50-64,631,46,Corson County,South Dakota
46031,65+,497,46,Corson County,South Dakota
46033,0-4,334,46,Custer County,South Dakota
46033,18-49,2394,46,Custer County,South Dakota
46033,5-17,868,46,Custer County,South Dakota
46033,50-64,2263,46,Custer County,South Dakota
46033,65+,2827,46,Custer County,South Dakota
46035,0-4,1353,46,Davison County,South Dakota
46035,18-49,7632,46,Davison County,South Dakota
46035,5-17,3369,46,Davison County,South Dakota
46035,50-64,3538,46,Davison County,South Dakota
46035,65+,4044,46,Davison County,South Dakota
46037,0-4,281,46,Day County,South Dakota
46037,18-49,1646,46,Day County,South Dakota
46037,5-17,970,46,Day County,South Dakota
46037,50-64,1128,46,Day County,South Dakota
46037,65+,1435,46,Day County,South Dakota
46039,0-4,255,46,Deuel County,South Dakota
46039,18-49,1483,46,Deuel County,South Dakota
46039,5-17,793,46,Deuel County,South Dakota
46039,50-64,841,46,Deuel County,South Dakota
46039,65+,946,46,Deuel County,South Dakota
46041,0-4,577,46,Dewey County,South Dakota
46041,18-49,1935,46,Dewey County,South Dakota
46041,5-17,1391,46,Dewey County,South Dakota
46041,50-64,809,46,Dewey County,South Dakota
46041,65+,518,46,Dewey County,South Dakota
46043,0-4,225,46,Douglas County,South Dakota
46043,18-49,849,46,Douglas County,South Dakota
46043,5-17,514,46,Douglas County,South Dakota
46043,50-64,574,46,Douglas County,South Dakota
46043,65+,661,46,Douglas County,South Dakota
46045,0-4,354,46,Edmunds County,South Dakota
46045,18-49,1259,46,Edmunds County,South Dakota
46045,5-17,620,46,Edmunds County,South Dakota
46045,50-64,896,46,Edmunds County,South Dakota
46045,65+,904,46,Edmunds County,South Dakota
46047,0-4,303,46,Fall River County,South Dakota
46047,18-49,2013,46,Fall River County,South Dakota
46047,5-17,910,46,Fall River County,South Dakota
46047,50-64,1733,46,Fall River County,South Dakota
46047,65+,2220,46,Fall River County,South Dakota
46049,0-4,92,46,Faulk County,South Dakota
46049,18-49,712,46,Faulk County,South Dakota
46049,5-17,438,46,Faulk County,South Dakota
46049,50-64,373,46,Faulk County,South Dakota
46049,65+,522,46,Faulk County,South Dakota
46051,0-4,410,46,Grant County,South Dakota
46051,18-49,2643,46,Grant County,South Dakota
46051,5-17,1240,46,Grant County,South Dakota
46051,50-64,1512,46,Grant County,South Dakota
46051,65+,1739,46,Grant County,South Dakota
46053,0-4,234,46,Gregory County,South Dakota
46053,18-49,1226,46,Gregory County,South Dakota
46053,5-17,741,46,Gregory County,South Dakota
46053,50-64,763,46,Gregory County,South Dakota
46053,65+,1029,46,Gregory County,South Dakota
46055,0-4,103,46,Haakon County,South Dakota
46055,18-49,545,46,Haakon County,South Dakota
46055,5-17,271,46,Haakon County,South Dakota
46055,50-64,304,46,Haakon County,South Dakota
46055,65+,485,46,Haakon County,South Dakota
46057,0-4,628,46,Hamlin County,South Dakota
46057,18-49,2291,46,Hamlin County,South Dakota
46057,5-17,1459,46,Hamlin County,South Dakota
46057,50-64,1019,46,Hamlin County,South Dakota
46057,65+,891,46,Hamlin County,South Dakota
46059,0-4,181,46,Hand County,South Dakota
46059,18-49,1011,46,Hand County,South Dakota
46059,5-17,561,46,Hand County,South Dakota
46059,50-64,541,46,Hand County,South Dakota
46059,65+,751,46,Hand County,South Dakota
46061,0-4,267,46,Hanson County,South Dakota
46061,18-49,1214,46,Hanson County,South Dakota
46061,5-17,755,46,Hanson County,South Dakota
46061,50-64,685,46,Hanson County,South Dakota
46061,65+,552,46,Hanson County,South Dakota
46063,0-4,63,46,Harding County,South Dakota
46063,18-49,314,46,Harding County,South Dakota
46063,5-17,174,46,Harding County,South Dakota
46063,50-64,322,46,Harding County,South Dakota
46063,65+,219,46,Harding County,South Dakota
46065,0-4,951,46,Hughes County,South Dakota
46065,18-49,6789,46,Hughes County,South Dakota
46065,5-17,3410,46,Hughes County,South Dakota
46065,50-64,3464,46,Hughes County,South Dakota
46065,65+,3118,46,Hughes County,South Dakota
46067,0-4,593,46,Hutchinson County,South Dakota
46067,18-49,2403,46,Hutchinson County,South Dakota
46067,5-17,1356,46,Hutchinson County,South Dakota
46067,50-64,1436,46,Hutchinson County,South Dakota
46067,65+,1605,46,Hutchinson County,South Dakota
46069,0-4,95,46,Hyde County,South Dakota
46069,18-49,374,46,Hyde County,South Dakota
46069,5-17,171,46,Hyde County,South Dakota
46069,50-64,319,46,Hyde County,South Dakota
46069,65+,346,46,Hyde County,South Dakota
46071,0-4,245,46,Jackson County,South Dakota
46071,18-49,966,46,Jackson County,South Dakota
46071,5-17,712,46,Jackson County,South Dakota
46071,50-64,550,46,Jackson County,South Dakota
46071,65+,353,46,Jackson County,South Dakota
46073,0-4,111,46,Jerauld County,South Dakota
46073,18-49,549,46,Jerauld County,South Dakota
46073,5-17,321,46,Jerauld County,South Dakota
46073,50-64,327,46,Jerauld County,South Dakota
46073,65+,537,46,Jerauld County,South Dakota
46075,0-4,141,46,Jones County,South Dakota
46075,18-49,351,46,Jones County,South Dakota
46075,5-17,187,46,Jones County,South Dakota
46075,50-64,128,46,Jones County,South Dakota
46075,65+,223,46,Jones County,South Dakota
46077,0-4,348,46,Kingsbury County,South Dakota
46077,18-49,1667,46,Kingsbury County,South Dakota
46077,5-17,972,46,Kingsbury County,South Dakota
46077,50-64,1027,46,Kingsbury County,South Dakota
46077,65+,1196,46,Kingsbury County,South Dakota
46079,0-4,488,46,Lake County,South Dakota
46079,18-49,4043,46,Lake County,South Dakota
46079,5-17,1686,46,Lake County,South Dakota
46079,50-64,2232,46,Lake County,South Dakota
46079,65+,2603,46,Lake County,South Dakota
46081,0-4,1019,46,Lawrence County,South Dakota
46081,18-49,10326,46,Lawrence County,South Dakota
46081,5-17,3447,46,Lawrence County,South Dakota
46081,50-64,5369,46,Lawrence County,South Dakota
46081,65+,6413,46,Lawrence County,South Dakota
46083,0-4,4378,46,Lincoln County,South Dakota
46083,18-49,29380,46,Lincoln County,South Dakota
46083,5-17,14051,46,Lincoln County,South Dakota
46083,50-64,10760,46,Lincoln County,South Dakota
46083,65+,9717,46,Lincoln County,South Dakota
46085,0-4,306,46,Lyman County,South Dakota
46085,18-49,1330,46,Lyman County,South Dakota
46085,5-17,745,46,Lyman County,South Dakota
46085,50-64,667,46,Lyman County,South Dakota
46085,65+,669,46,Lyman County,South Dakota
46087,0-4,453,46,McCook County,South Dakota
46087,18-49,1985,46,McCook County,South Dakota
46087,5-17,1171,46,McCook County,South Dakota
46087,50-64,1066,46,McCook County,South Dakota
46087,65+,1057,46,McCook County,South Dakota
46089,0-4,133,46,McPherson County,South Dakota
46089,18-49,672,46,McPherson County,South Dakota
46089,5-17,350,46,McPherson County,South Dakota
46089,50-64,422,46,McPherson County,South Dakota
46089,65+,701,46,McPherson County,South Dakota
46091,0-4,314,46,Marshall County,South Dakota
46091,18-49,1423,46,Marshall County,South Dakota
46091,5-17,722,46,Marshall County,South Dakota
46091,50-64,911,46,Marshall County,South Dakota
46091,65+,985,46,Marshall County,South Dakota
46093,0-4,1571,46,Meade County,South Dakota
46093,18-49,13249,46,Meade County,South Dakota
46093,5-17,4999,46,Meade County,South Dakota
46093,50-64,5541,46,Meade County,South Dakota
46093,65+,4937,46,Meade County,South Dakota
46095,0-4,156,46,Mellette County,South Dakota
46095,18-49,777,46,Mellette County,South Dakota
46095,5-17,490,46,Mellette County,South Dakota
46095,50-64,310,46,Mellette County,South Dakota
46095,65+,310,46,Mellette County,South Dakota
46097,0-4,113,46,Miner County,South Dakota
46097,18-49,733,46,Miner County,South Dakota
46097,5-17,357,46,Miner County,South Dakota
46097,50-64,517,46,Miner County,South Dakota
46097,65+,579,46,Miner County,South Dakota
46099,0-4,14412,46,Minnehaha County,South Dakota
46099,18-49,86624,46,Minnehaha County,South Dakota
46099,5-17,36856,46,Minnehaha County,South Dakota
46099,50-64,35479,46,Minnehaha County,South Dakota
46099,65+,27318,46,Minnehaha County,South Dakota
46101,0-4,462,46,Moody County,South Dakota
46101,18-49,2093,46,Moody County,South Dakota
46101,5-17,1251,46,Moody County,South Dakota
46101,50-64,1289,46,Moody County,South Dakota
46101,65+,1276,46,Moody County,South Dakota
46102,0-4,1253,46,Oglala Lakota County,South Dakota
46102,18-49,5732,46,Oglala Lakota County,South Dakota
46102,5-17,3652,46,Oglala Lakota County,South Dakota
46102,50-64,1989,46,Oglala Lakota County,South Dakota
46102,65+,961,46,Oglala Lakota County,South Dakota
46103,0-4,6765,46,Pennington County,South Dakota
46103,18-49,42930,46,Pennington County,South Dakota
46103,5-17,18154,46,Pennington County,South Dakota
46103,50-64,22239,46,Pennington County,South Dakota
46103,65+,21993,46,Pennington County,South Dakota
46105,0-4,219,46,Perkins County,South Dakota
46105,18-49,1035,46,Perkins County,South Dakota
46105,5-17,480,46,Perkins County,South Dakota
46105,50-64,526,46,Perkins County,South Dakota
46105,65+,798,46,Perkins County,South Dakota
46107,0-4,140,46,Potter County,South Dakota
46107,18-49,745,46,Potter County,South Dakota
46107,5-17,410,46,Potter County,South Dakota
46107,50-64,457,46,Potter County,South Dakota
46107,65+,678,46,Potter County,South Dakota
46109,0-4,775,46,Roberts County,South Dakota
46109,18-49,3388,46,Roberts County,South Dakota
46109,5-17,2069,46,Roberts County,South Dakota
46109,50-64,1886,46,Roberts County,South Dakota
46109,65+,2101,46,Roberts County,South Dakota
46111,0-4,191,46,Sanborn County,South Dakota
46111,18-49,782,46,Sanborn County,South Dakota
46111,5-17,467,46,Sanborn County,South Dakota
46111,50-64,455,46,Sanborn County,South Dakota
46111,65+,475,46,Sanborn County,South Dakota
46115,0-4,416,46,Spink County,South Dakota
46115,18-49,2053,46,Spink County,South Dakota
46115,5-17,970,46,Spink County,South Dakota
46115,50-64,1345,46,Spink County,South Dakota
46115,65+,1499,46,Spink County,South Dakota
46117,0-4,97,46,Stanley County,South Dakota
46117,18-49,995,46,Stanley County,South Dakota
46117,5-17,552,46,Stanley County,South Dakota
46117,50-64,693,46,Stanley County,South Dakota
46117,65+,675,46,Stanley County,South Dakota
46119,0-4,69,46,Sully County,South Dakota
46119,18-49,448,46,Sully County,South Dakota
46119,5-17,218,46,Sully County,South Dakota
46119,50-64,393,46,Sully County,South Dakota
46119,65+,353,46,Sully County,South Dakota
46121,0-4,1013,46,Todd County,South Dakota
46121,18-49,3758,46,Todd County,South Dakota
46121,5-17,2637,46,Todd County,South Dakota
46121,50-64,1161,46,Todd County,South Dakota
46121,65+,724,46,Todd County,South Dakota
46123,0-4,377,46,Tripp County,South Dakota
46123,18-49,1804,46,Tripp County,South Dakota
46123,5-17,905,46,Tripp County,South Dakota
46123,50-64,1176,46,Tripp County,South Dakota
46123,65+,1345,46,Tripp County,South Dakota
46125,0-4,506,46,Turner County,South Dakota
46125,18-49,3111,46,Turner County,South Dakota
46125,5-17,1709,46,Turner County,South Dakota
46125,50-64,1661,46,Turner County,South Dakota
46125,65+,1785,46,Turner County,South Dakota
46127,0-4,901,46,Union County,South Dakota
46127,18-49,6452,46,Union County,South Dakota
46127,5-17,3191,46,Union County,South Dakota
46127,50-64,3176,46,Union County,South Dakota
46127,65+,3196,46,Union County,South Dakota
46129,0-4,364,46,Walworth County,South Dakota
46129,18-49,1833,46,Walworth County,South Dakota
46129,5-17,881,46,Walworth County,South Dakota
46129,50-64,993,46,Walworth County,South Dakota
46129,65+,1227,46,Walworth County,South Dakota
46135,0-4,1222,46,Yankton County,South Dakota
46135,18-49,8805,46,Yankton County,South Dakota
46135,5-17,3796,46,Yankton County,South Dakota
46135,50-64,4758,46,Yankton County,South Dakota
46135,65+,4798,46,Yankton County,South Dakota
46137,0-4,187,46,Ziebach County,South Dakota
46137,18-49,1059,46,Ziebach County,South Dakota
46137,5-17,442,46,Ziebach County,South Dakota
46137,50-64,456,46,Ziebach County,South Dakota
46137,65+,266,46,Ziebach County,South Dakota
47001,0-4,4096,47,Anderson County,Tennessee
47001,18-49,29714,47,Anderson County,Tennessee
47001,5-17,12620,47,Anderson County,Tennessee
47001,50-64,15996,47,Anderson County,Tennessee
47001,65+,15749,47,Anderson County,Tennessee
47003,0-4,3387,47,Bedford County,Tennessee
47003,18-49,20984,47,Bedford County,Tennessee
47003,5-17,9700,47,Bedford County,Tennessee
47003,50-64,9762,47,Bedford County,Tennessee
47003,65+,7458,47,Bedford County,Tennessee
47005,0-4,793,47,Benton County,Tennessee
47005,18-49,5200,47,Benton County,Tennessee
47005,5-17,2521,47,Benton County,Tennessee
47005,50-64,3648,47,Benton County,Tennessee
47005,65+,3786,47,Benton County,Tennessee
47007,0-4,628,47,Bledsoe County,Tennessee
47007,18-49,6123,47,Bledsoe County,Tennessee
47007,5-17,1763,47,Bledsoe County,Tennessee
47007,50-64,3362,47,Bledsoe County,Tennessee
47007,65+,3029,47,Bledsoe County,Tennessee
47009,0-4,6740,47,Blount County,Tennessee
47009,18-49,51823,47,Blount County,Tennessee
47009,5-17,20730,47,Blount County,Tennessee
47009,50-64,29856,47,Blount County,Tennessee
47009,65+,28598,47,Blount County,Tennessee
47011,0-4,6162,47,Bradley County,Tennessee
47011,18-49,44885,47,Bradley County,Tennessee
47011,5-17,17897,47,Bradley County,Tennessee
47011,50-64,22060,47,Bradley County,Tennessee
47011,65+,18739,47,Bradley County,Tennessee
47013,0-4,2141,47,Campbell County,Tennessee
47013,18-49,14785,47,Campbell County,Tennessee
47013,5-17,5935,47,Campbell County,Tennessee
47013,50-64,8493,47,Campbell County,Tennessee
47013,65+,8214,47,Campbell County,Tennessee
47015,0-4,845,47,Cannon County,Tennessee
47015,18-49,5633,47,Cannon County,Tennessee
47015,5-17,2421,47,Cannon County,Tennessee
47015,50-64,3211,47,Cannon County,Tennessee
47015,65+,2551,47,Cannon County,Tennessee
47017,0-4,1511,47,Carroll County,Tennessee
47017,18-49,10816,47,Carroll County,Tennessee
47017,5-17,4713,47,Carroll County,Tennessee
47017,50-64,5767,47,Carroll County,Tennessee
47017,65+,5654,47,Carroll County,Tennessee
47019,0-4,2250,47,Carter County,Tennessee
47019,18-49,21220,47,Carter County,Tennessee
47019,5-17,7832,47,Carter County,Tennessee
47019,50-64,12567,47,Carter County,Tennessee
47019,65+,12593,47,Carter County,Tennessee
47021,0-4,2319,47,Cheatham County,Tennessee
47021,18-49,16459,47,Cheatham County,Tennessee
47021,5-17,6652,47,Cheatham County,Tennessee
47021,50-64,9574,47,Cheatham County,Tennessee
47021,65+,6496,47,Cheatham County,Tennessee
47023,0-4,948,47,Chester County,Tennessee
47023,18-49,7386,47,Chester County,Tennessee
47023,5-17,2832,47,Chester County,Tennessee
47023,50-64,3196,47,Chester County,Tennessee
47023,65+,3090,47,Chester County,Tennessee
47025,0-4,1733,47,Claiborne County,Tennessee
47025,18-49,12882,47,Claiborne County,Tennessee
47025,5-17,4385,47,Claiborne County,Tennessee
47025,50-64,6837,47,Claiborne County,Tennessee
47025,65+,6384,47,Claiborne County,Tennessee
47027,0-4,319,47,Clay County,Tennessee
47027,18-49,2461,47,Clay County,Tennessee
47027,5-17,1181,47,Clay County,Tennessee
47027,50-64,1753,47,Clay County,Tennessee
47027,65+,1907,47,Clay County,Tennessee
47029,0-4,2098,47,Cocke County,Tennessee
47029,18-49,12800,47,Cocke County,Tennessee
47029,5-17,5388,47,Cocke County,Tennessee
47029,50-64,8236,47,Cocke County,Tennessee
47029,65+,7981,47,Cocke County,Tennessee
47031,0-4,3741,47,Coffee County,Tennessee
47031,18-49,22704,47,Coffee County,Tennessee
47031,5-17,10584,47,Coffee County,Tennessee
47031,50-64,11604,47,Coffee County,Tennessee
47031,65+,10307,47,Coffee County,Tennessee
47033,0-4,796,47,Crockett County,Tennessee
47033,18-49,5267,47,Crockett County,Tennessee
47033,5-17,2465,47,Crockett County,Tennessee
47033,50-64,2743,47,Crockett County,Tennessee
47033,65+,2666,47,Crockett County,Tennessee
47035,0-4,2652,47,Cumberland County,Tennessee
47035,18-49,18525,47,Cumberland County,Tennessee
47035,5-17,7834,47,Cumberland County,Tennessee
47035,50-64,13626,47,Cumberland County,Tennessee
47035,65+,19892,47,Cumberland County,Tennessee
47037,0-4,46408,47,Davidson County,Tennessee
47037,18-49,354345,47,Davidson County,Tennessee
47037,5-17,101702,47,Davidson County,Tennessee
47037,50-64,117238,47,Davidson County,Tennessee
47037,65+,90153,47,Davidson County,Tennessee
47039,0-4,568,47,Decatur County,Tennessee
47039,18-49,3990,47,Decatur County,Tennessee
47039,5-17,1778,47,Decatur County,Tennessee
47039,50-64,2440,47,Decatur County,Tennessee
47039,65+,2723,47,Decatur County,Tennessee
47041,0-4,1513,47,DeKalb County,Tennessee
47041,18-49,7764,47,DeKalb County,Tennessee
47041,5-17,2983,47,DeKalb County,Tennessee
47041,50-64,4426,47,DeKalb County,Tennessee
47041,65+,3865,47,DeKalb County,Tennessee
47043,0-4,3251,47,Dickson County,Tennessee
47043,18-49,22278,47,Dickson County,Tennessee
47043,5-17,9316,47,Dickson County,Tennessee
47043,50-64,11170,47,Dickson County,Tennessee
47043,65+,9182,47,Dickson County,Tennessee
47045,0-4,2227,47,Dyer County,Tennessee
47045,18-49,14259,47,Dyer County,Tennessee
47045,5-17,6527,47,Dyer County,Tennessee
47045,50-64,7239,47,Dyer County,Tennessee
47045,65+,6429,47,Dyer County,Tennessee
47047,0-4,2073,47,Fayette County,Tennessee
47047,18-49,15011,47,Fayette County,Tennessee
47047,5-17,5732,47,Fayette County,Tennessee
47047,50-64,10293,47,Fayette County,Tennessee
47047,65+,9544,47,Fayette County,Tennessee
47049,0-4,1026,47,Fentress County,Tennessee
47049,18-49,6479,47,Fentress County,Tennessee
47049,5-17,2851,47,Fentress County,Tennessee
47049,50-64,4226,47,Fentress County,Tennessee
47049,65+,4366,47,Fentress County,Tennessee
47051,0-4,2192,47,Franklin County,Tennessee
47051,18-49,17033,47,Franklin County,Tennessee
47051,5-17,6349,47,Franklin County,Tennessee
47051,50-64,8992,47,Franklin County,Tennessee
47051,65+,8912,47,Franklin County,Tennessee
47053,0-4,2995,47,Gibson County,Tennessee
47053,18-49,19573,47,Gibson County,Tennessee
47053,5-17,9351,47,Gibson County,Tennessee
47053,50-64,9924,47,Gibson County,Tennessee
47053,65+,8767,47,Gibson County,Tennessee
47055,0-4,1727,47,Giles County,Tennessee
47055,18-49,11121,47,Giles County,Tennessee
47055,5-17,4586,47,Giles County,Tennessee
47055,50-64,6682,47,Giles County,Tennessee
47055,65+,6326,47,Giles County,Tennessee
47057,0-4,1113,47,Grainger County,Tennessee
47057,18-49,8620,47,Grainger County,Tennessee
47057,5-17,3619,47,Grainger County,Tennessee
47057,50-64,5470,47,Grainger County,Tennessee
47057,65+,5107,47,Grainger County,Tennessee
47059,0-4,3248,47,Greene County,Tennessee
47059,18-49,26500,47,Greene County,Tennessee
47059,5-17,10357,47,Greene County,Tennessee
47059,50-64,15378,47,Greene County,Tennessee
47059,65+,15436,47,Greene County,Tennessee
47061,0-4,807,47,Grundy County,Tennessee
47061,18-49,5099,47,Grundy County,Tennessee
47061,5-17,2098,47,Grundy County,Tennessee
47061,50-64,2827,47,Grundy County,Tennessee
47061,65+,2834,47,Grundy County,Tennessee
47063,0-4,3979,47,Hamblen County,Tennessee
47063,18-49,24563,47,Hamblen County,Tennessee
47063,5-17,11539,47,Hamblen County,Tennessee
47063,50-64,13233,47,Hamblen County,Tennessee
47063,65+,11616,47,Hamblen County,Tennessee
47065,0-4,21662,47,Hamilton County,Tennessee
47065,18-49,154086,47,Hamilton County,Tennessee
47065,5-17,56858,47,Hamilton County,Tennessee
47065,50-64,71145,47,Hamilton County,Tennessee
47065,65+,67162,47,Hamilton County,Tennessee
47067,0-4,370,47,Hancock County,Tennessee
47067,18-49,2346,47,Hancock County,Tennessee
47067,5-17,1083,47,Hancock County,Tennessee
47067,50-64,1470,47,Hancock County,Tennessee
47067,65+,1521,47,Hancock County,Tennessee
47069,0-4,1268,47,Hardeman County,Tennessee
47069,18-49,10848,47,Hardeman County,Tennessee
47069,5-17,3714,47,Hardeman County,Tennessee
47069,50-64,4919,47,Hardeman County,Tennessee
47069,65+,4728,47,Hardeman County,Tennessee
47071,0-4,1246,47,Hardin County,Tennessee
47071,18-49,9519,47,Hardin County,Tennessee
47071,5-17,4129,47,Hardin County,Tennessee
47071,50-64,5808,47,Hardin County,Tennessee
47071,65+,6237,47,Hardin County,Tennessee
47073,0-4,2801,47,Hawkins County,Tennessee
47073,18-49,20662,47,Hawkins County,Tennessee
47073,5-17,8245,47,Hawkins County,Tennessee
47073,50-64,13302,47,Hawkins County,Tennessee
47073,65+,12436,47,Hawkins County,Tennessee
47075,0-4,964,47,Haywood County,Tennessee
47075,18-49,6416,47,Haywood County,Tennessee
47075,5-17,2972,47,Haywood County,Tennessee
47075,50-64,3743,47,Haywood County,Tennessee
47075,65+,3577,47,Haywood County,Tennessee
47077,0-4,1618,47,Henderson County,Tennessee
47077,18-49,10520,47,Henderson County,Tennessee
47077,5-17,4726,47,Henderson County,Tennessee
47077,50-64,5924,47,Henderson County,Tennessee
47077,65+,5118,47,Henderson County,Tennessee
47079,0-4,1573,47,Henry County,Tennessee
47079,18-49,11078,47,Henry County,Tennessee
47079,5-17,4965,47,Henry County,Tennessee
47079,50-64,7128,47,Henry County,Tennessee
47079,65+,7601,47,Henry County,Tennessee
47081,0-4,1307,47,Hickman County,Tennessee
47081,18-49,10112,47,Hickman County,Tennessee
47081,5-17,3966,47,Hickman County,Tennessee
47081,50-64,5334,47,Hickman County,Tennessee
47081,65+,4510,47,Hickman County,Tennessee
47083,0-4,375,47,Houston County,Tennessee
47083,18-49,3084,47,Houston County,Tennessee
47083,5-17,1394,47,Houston County,Tennessee
47083,50-64,1780,47,Houston County,Tennessee
47083,65+,1660,47,Houston County,Tennessee
47085,0-4,1043,47,Humphreys County,Tennessee
47085,18-49,6909,47,Humphreys County,Tennessee
47085,5-17,3088,47,Humphreys County,Tennessee
47085,50-64,4101,47,Humphreys County,Tennessee
47085,65+,3933,47,Humphreys County,Tennessee
47087,0-4,557,47,Jackson County,Tennessee
47087,18-49,4154,47,Jackson County,Tennessee
47087,5-17,1614,47,Jackson County,Tennessee
47087,50-64,2796,47,Jackson County,Tennessee
47087,65+,2761,47,Jackson County,Tennessee
47089,0-4,2596,47,Jefferson County,Tennessee
47089,18-49,21003,47,Jefferson County,Tennessee
47089,5-17,8167,47,Jefferson County,Tennessee
47089,50-64,12751,47,Jefferson County,Tennessee
47089,65+,11318,47,Jefferson County,Tennessee
47091,0-4,745,47,Johnson County,Tennessee
47091,18-49,6817,47,Johnson County,Tennessee
47091,5-17,2287,47,Johnson County,Tennessee
47091,50-64,4012,47,Johnson County,Tennessee
47091,65+,4212,47,Johnson County,Tennessee
47093,0-4,26924,47,Knox County,Tennessee
47093,18-49,217058,47,Knox County,Tennessee
47093,5-17,75751,47,Knox County,Tennessee
47093,50-64,89289,47,Knox County,Tennessee
47093,65+,78379,47,Knox County,Tennessee
47095,0-4,277,47,Lake County,Tennessee
47095,18-49,3295,47,Lake County,Tennessee
47095,5-17,730,47,Lake County,Tennessee
47095,50-64,1330,47,Lake County,Tennessee
47095,65+,1059,47,Lake County,Tennessee
47097,0-4,1435,47,Lauderdale County,Tennessee
47097,18-49,10469,47,Lauderdale County,Tennessee
47097,5-17,4046,47,Lauderdale County,Tennessee
47097,50-64,4925,47,Lauderdale County,Tennessee
47097,65+,4058,47,Lauderdale County,Tennessee
47099,0-4,2863,47,Lawrence County,Tennessee
47099,18-49,16871,47,Lawrence County,Tennessee
47099,5-17,8405,47,Lawrence County,Tennessee
47099,50-64,8821,47,Lawrence County,Tennessee
47099,65+,7941,47,Lawrence County,Tennessee
47101,0-4,747,47,Lewis County,Tennessee
47101,18-49,4800,47,Lewis County,Tennessee
47101,5-17,1980,47,Lewis County,Tennessee
47101,50-64,2634,47,Lewis County,Tennessee
47101,65+,2623,47,Lewis County,Tennessee
47103,0-4,2121,47,Lincoln County,Tennessee
47103,18-49,12975,47,Lincoln County,Tennessee
47103,5-17,5801,47,Lincoln County,Tennessee
47103,50-64,7730,47,Lincoln County,Tennessee
47103,65+,6990,47,Lincoln County,Tennessee
47105,0-4,2624,47,Loudon County,Tennessee
47105,18-49,18264,47,Loudon County,Tennessee
47105,5-17,8268,47,Loudon County,Tennessee
47105,50-64,12428,47,Loudon County,Tennessee
47105,65+,15412,47,Loudon County,Tennessee
47107,0-4,2885,47,McMinn County,Tennessee
47107,18-49,20256,47,McMinn County,Tennessee
47107,5-17,8584,47,McMinn County,Tennessee
47107,50-64,11533,47,McMinn County,Tennessee
47107,65+,10877,47,McMinn County,Tennessee
47109,0-4,1416,47,McNairy County,Tennessee
47109,18-49,9629,47,McNairy County,Tennessee
47109,5-17,4179,47,McNairy County,Tennessee
47109,50-64,5242,47,McNairy County,Tennessee
47109,65+,5467,47,McNairy County,Tennessee
47111,0-4,1606,47,Macon County,Tennessee
47111,18-49,10248,47,Macon County,Tennessee
47111,5-17,4846,47,Macon County,Tennessee
47111,50-64,5143,47,Macon County,Tennessee
47111,65+,3950,47,Macon County,Tennessee
47113,0-4,5937,47,Madison County,Tennessee
47113,18-49,40010,47,Madison County,Tennessee
47113,5-17,16312,47,Madison County,Tennessee
47113,50-64,19223,47,Madison County,Tennessee
47113,65+,17363,47,Madison County,Tennessee
47115,0-4,1573,47,Marion County,Tennessee
47115,18-49,10668,47,Marion County,Tennessee
47115,5-17,4434,47,Marion County,Tennessee
47115,50-64,6396,47,Marion County,Tennessee
47115,65+,5939,47,Marion County,Tennessee
47117,0-4,2032,47,Marshall County,Tennessee
47117,18-49,14094,47,Marshall County,Tennessee
47117,5-17,6231,47,Marshall County,Tennessee
47117,50-64,7147,47,Marshall County,Tennessee
47117,65+,5772,47,Marshall County,Tennessee
47119,0-4,6644,47,Maury County,Tennessee
47119,18-49,42845,47,Maury County,Tennessee
47119,5-17,17631,47,Maury County,Tennessee
47119,50-64,20131,47,Maury County,Tennessee
47119,65+,17604,47,Maury County,Tennessee
47121,0-4,633,47,Meigs County,Tennessee
47121,18-49,4669,47,Meigs County,Tennessee
47121,5-17,2037,47,Meigs County,Tennessee
47121,50-64,2951,47,Meigs County,Tennessee
47121,65+,2786,47,Meigs County,Tennessee
47123,0-4,2356,47,Monroe County,Tennessee
47123,18-49,16616,47,Monroe County,Tennessee
47123,5-17,7364,47,Monroe County,Tennessee
47123,50-64,10476,47,Monroe County,Tennessee
47123,65+,10242,47,Monroe County,Tennessee
47125,0-4,18078,47,Montgomery County,Tennessee
47125,18-49,110989,47,Montgomery County,Tennessee
47125,5-17,43152,47,Montgomery County,Tennessee
47125,50-64,33469,47,Montgomery County,Tennessee
47125,65+,22269,47,Montgomery County,Tennessee
47127,0-4,319,47,Moore County,Tennessee
47127,18-49,2421,47,Moore County,Tennessee
47127,5-17,965,47,Moore County,Tennessee
47127,50-64,1490,47,Moore County,Tennessee
47127,65+,1416,47,Moore County,Tennessee
47129,0-4,971,47,Morgan County,Tennessee
47129,18-49,8698,47,Morgan County,Tennessee
47129,5-17,3068,47,Morgan County,Tennessee
47129,50-64,4449,47,Morgan County,Tennessee
47129,65+,4007,47,Morgan County,Tennessee
47131,0-4,1675,47,Obion County,Tennessee
47131,18-49,11527,47,Obion County,Tennessee
47131,5-17,5053,47,Obion County,Tennessee
47131,50-64,6054,47,Obion County,Tennessee
47131,65+,6261,47,Obion County,Tennessee
47133,0-4,1157,47,Overton County,Tennessee
47133,18-49,8580,47,Overton County,Tennessee
47133,5-17,3632,47,Overton County,Tennessee
47133,50-64,4838,47,Overton County,Tennessee
47133,65+,4600,47,Overton County,Tennessee
47135,0-4,537,47,Perry County,Tennessee
47135,18-49,3106,47,Perry County,Tennessee
47135,5-17,1388,47,Perry County,Tennessee
47135,50-64,1636,47,Perry County,Tennessee
47135,65+,1894,47,Perry County,Tennessee
47137,0-4,208,47,Pickett County,Tennessee
47137,18-49,1559,47,Pickett County,Tennessee
47137,5-17,675,47,Pickett County,Tennessee
47137,50-64,1206,47,Pickett County,Tennessee
47137,65+,1414,47,Pickett County,Tennessee
47139,0-4,818,47,Polk County,Tennessee
47139,18-49,6444,47,Polk County,Tennessee
47139,5-17,2575,47,Polk County,Tennessee
47139,50-64,4200,47,Polk County,Tennessee
47139,65+,3665,47,Polk County,Tennessee
47141,0-4,4492,47,Putnam County,Tennessee
47141,18-49,36620,47,Putnam County,Tennessee
47141,5-17,12548,47,Putnam County,Tennessee
47141,50-64,14373,47,Putnam County,Tennessee
47141,65+,13333,47,Putnam County,Tennessee
47143,0-4,2064,47,Rhea County,Tennessee
47143,18-49,12587,47,Rhea County,Tennessee
47143,5-17,5300,47,Rhea County,Tennessee
47143,50-64,6908,47,Rhea County,Tennessee
47143,65+,6440,47,Rhea County,Tennessee
47145,0-4,2432,47,Roane County,Tennessee
47145,18-49,18703,47,Roane County,Tennessee
47145,5-17,7789,47,Roane County,Tennessee
47145,50-64,12843,47,Roane County,Tennessee
47145,65+,12636,47,Roane County,Tennessee
47147,0-4,4676,47,Robertson County,Tennessee
47147,18-49,29921,47,Robertson County,Tennessee
47147,5-17,13234,47,Robertson County,Tennessee
47147,50-64,15463,47,Robertson County,Tennessee
47147,65+,10997,47,Robertson County,Tennessee
47149,0-4,22100,47,Rutherford County,Tennessee
47149,18-49,166389,47,Rutherford County,Tennessee
47149,5-17,65070,47,Rutherford County,Tennessee
47149,50-64,59647,47,Rutherford County,Tennessee
47149,65+,38385,47,Rutherford County,Tennessee
47151,0-4,1318,47,Scott County,Tennessee
47151,18-49,8578,47,Scott County,Tennessee
47151,5-17,3834,47,Scott County,Tennessee
47151,50-64,4518,47,Scott County,Tennessee
47151,65+,3721,47,Scott County,Tennessee
47153,0-4,901,47,Sequatchie County,Tennessee
47153,18-49,6082,47,Sequatchie County,Tennessee
47153,5-17,2376,47,Sequatchie County,Tennessee
47153,50-64,3583,47,Sequatchie County,Tennessee
47153,65+,3467,47,Sequatchie County,Tennessee
47155,0-4,5328,47,Sevier County,Tennessee
47155,18-49,36635,47,Sevier County,Tennessee
47155,5-17,15330,47,Sevier County,Tennessee
47155,50-64,21811,47,Sevier County,Tennessee
47155,65+,19698,47,Sevier County,Tennessee
47157,0-4,63266,47,Shelby County,Tennessee
47157,18-49,388750,47,Shelby County,Tennessee
47157,5-17,171628,47,Shelby County,Tennessee
47157,50-64,165945,47,Shelby County,Tennessee
47157,65+,132606,47,Shelby County,Tennessee
47159,0-4,1140,47,Smith County,Tennessee
47159,18-49,7872,47,Smith County,Tennessee
47159,5-17,3380,47,Smith County,Tennessee
47159,50-64,4483,47,Smith County,Tennessee
47159,65+,3321,47,Smith County,Tennessee
47161,0-4,773,47,Stewart County,Tennessee
47161,18-49,4848,47,Stewart County,Tennessee
47161,5-17,2222,47,Stewart County,Tennessee
47161,50-64,3105,47,Stewart County,Tennessee
47161,65+,2911,47,Stewart County,Tennessee
47163,0-4,7599,47,Sullivan County,Tennessee
47163,18-49,59379,47,Sullivan County,Tennessee
47163,5-17,23030,47,Sullivan County,Tennessee
47163,50-64,34473,47,Sullivan County,Tennessee
47163,65+,35212,47,Sullivan County,Tennessee
47165,0-4,11635,47,Sumner County,Tennessee
47165,18-49,80939,47,Sumner County,Tennessee
47165,5-17,35143,47,Sumner County,Tennessee
47165,50-64,40014,47,Sumner County,Tennessee
47165,65+,32822,47,Sumner County,Tennessee
47167,0-4,3443,47,Tipton County,Tennessee
47167,18-49,24748,47,Tipton County,Tennessee
47167,5-17,11189,47,Tipton County,Tennessee
47167,50-64,12586,47,Tipton County,Tennessee
47167,65+,9373,47,Tipton County,Tennessee
47169,0-4,624,47,Trousdale County,Tennessee
47169,18-49,6370,47,Trousdale County,Tennessee
47169,5-17,1318,47,Trousdale County,Tennessee
47169,50-64,2010,47,Trousdale County,Tennessee
47169,65+,1483,47,Trousdale County,Tennessee
47171,0-4,830,47,Unicoi County,Tennessee
47171,18-49,6336,47,Unicoi County,Tennessee
47171,5-17,2415,47,Unicoi County,Tennessee
47171,50-64,4093,47,Unicoi County,Tennessee
47171,65+,4105,47,Unicoi County,Tennessee
47173,0-4,1060,47,Union County,Tennessee
47173,18-49,7550,47,Union County,Tennessee
47173,5-17,3282,47,Union County,Tennessee
47173,50-64,4545,47,Union County,Tennessee
47173,65+,3704,47,Union County,Tennessee
47175,0-4,341,47,Van Buren County,Tennessee
47175,18-49,2074,47,Van Buren County,Tennessee
47175,5-17,973,47,Van Buren County,Tennessee
47175,50-64,1396,47,Van Buren County,Tennessee
47175,65+,1509,47,Van Buren County,Tennessee
47177,0-4,2407,47,Warren County,Tennessee
47177,18-49,16396,47,Warren County,Tennessee
47177,5-17,7348,47,Warren County,Tennessee
47177,50-64,7948,47,Warren County,Tennessee
47177,65+,7488,47,Warren County,Tennessee
47179,0-4,6307,47,Washington County,Tennessee
47179,18-49,57458,47,Washington County,Tennessee
47179,5-17,19040,47,Washington County,Tennessee
47179,50-64,26869,47,Washington County,Tennessee
47179,65+,25019,47,Washington County,Tennessee
47181,0-4,619,47,Wayne County,Tennessee
47181,18-49,6713,47,Wayne County,Tennessee
47181,5-17,2180,47,Wayne County,Tennessee
47181,50-64,3609,47,Wayne County,Tennessee
47181,65+,3130,47,Wayne County,Tennessee
47183,0-4,1578,47,Weakley County,Tennessee
47183,18-49,14497,47,Weakley County,Tennessee
47183,5-17,4713,47,Weakley County,Tennessee
47183,50-64,6189,47,Weakley County,Tennessee
47183,65+,5982,47,Weakley County,Tennessee
47185,0-4,1592,47,White County,Tennessee
47185,18-49,10260,47,White County,Tennessee
47185,5-17,4445,47,White County,Tennessee
47185,50-64,5723,47,White County,Tennessee
47185,65+,5744,47,White County,Tennessee
47187,0-4,13846,47,Williamson County,Tennessee
47187,18-49,99912,47,Williamson County,Tennessee
47187,5-17,52998,47,Williamson County,Tennessee
47187,50-64,51546,47,Williamson County,Tennessee
47187,65+,36307,47,Williamson County,Tennessee
47189,0-4,9057,47,Wilson County,Tennessee
47189,18-49,62596,47,Wilson County,Tennessee
47189,5-17,26990,47,Wilson County,Tennessee
47189,50-64,30713,47,Wilson County,Tennessee
47189,65+,24231,47,Wilson County,Tennessee
48001,0-4,3007,48,Anderson County,Texas
48001,18-49,27285,48,Anderson County,Texas
48001,5-17,8210,48,Anderson County,Texas
48001,50-64,10625,48,Anderson County,Texas
48001,65+,8698,48,Anderson County,Texas
48003,0-4,1503,48,Andrews County,Texas
48003,18-49,8058,48,Andrews County,Texas
48003,5-17,4194,48,Andrews County,Texas
48003,50-64,2973,48,Andrews County,Texas
48003,65+,1790,48,Andrews County,Texas
48005,0-4,5666,48,Angelina County,Texas
48005,18-49,34208,48,Angelina County,Texas
48005,5-17,16496,48,Angelina County,Texas
48005,50-64,16075,48,Angelina County,Texas
48005,65+,14346,48,Angelina County,Texas
48007,0-4,1079,48,Aransas County,Texas
48007,18-49,7855,48,Aransas County,Texas
48007,5-17,3170,48,Aransas County,Texas
48007,50-64,5501,48,Aransas County,Texas
48007,65+,6844,48,Aransas County,Texas
48009,0-4,421,48,Archer County,Texas
48009,18-49,3030,48,Archer County,Texas
48009,5-17,1591,48,Archer County,Texas
48009,50-64,1858,48,Archer County,Texas
48009,65+,1834,48,Archer County,Texas
48011,0-4,118,48,Armstrong County,Texas
48011,18-49,665,48,Armstrong County,Texas
48011,5-17,291,48,Armstrong County,Texas
48011,50-64,320,48,Armstrong County,Texas
48011,65+,489,48,Armstrong County,Texas
48013,0-4,3380,48,Atascosa County,Texas
48013,18-49,20433,48,Atascosa County,Texas
48013,5-17,10024,48,Atascosa County,Texas
48013,50-64,8703,48,Atascosa County,Texas
48013,65+,7518,48,Atascosa County,Texas
48015,0-4,1738,48,Austin County,Texas
48015,18-49,11115,48,Austin County,Texas
48015,5-17,5504,48,Austin County,Texas
48015,50-64,5951,48,Austin County,Texas
48015,65+,6404,48,Austin County,Texas
48017,0-4,506,48,Bailey County,Texas
48017,18-49,3129,48,Bailey County,Texas
48017,5-17,1467,48,Bailey County,Texas
48017,50-64,716,48,Bailey County,Texas
48017,65+,1226,48,Bailey County,Texas
48019,0-4,867,48,Bandera County,Texas
48019,18-49,6236,48,Bandera County,Texas
48019,5-17,2729,48,Bandera County,Texas
48019,50-64,5410,48,Bandera County,Texas
48019,65+,6347,48,Bandera County,Texas
48021,0-4,6682,48,Bastrop County,Texas
48021,18-49,39887,48,Bastrop County,Texas
48021,5-17,19892,48,Bastrop County,Texas
48021,50-64,20292,48,Bastrop County,Texas
48021,65+,15617,48,Bastrop County,Texas
48023,0-4,134,48,Baylor County,Texas
48023,18-49,1039,48,Baylor County,Texas
48023,5-17,672,48,Baylor County,Texas
48023,50-64,703,48,Baylor County,Texas
48023,65+,916,48,Baylor County,Texas
48025,0-4,1572,48,Bee County,Texas
48025,18-49,15892,48,Bee County,Texas
48025,5-17,4786,48,Bee County,Texas
48025,50-64,4844,48,Bee County,Texas
48025,65+,3906,48,Bee County,Texas
48027,0-4,29926,48,Bell County,Texas
48027,18-49,174066,48,Bell County,Texas
48027,5-17,75080,48,Bell County,Texas
48027,50-64,56744,48,Bell County,Texas
48027,65+,43995,48,Bell County,Texas
48029,0-4,133231,48,Bexar County,Texas
48029,18-49,937949,48,Bexar County,Texas
48029,5-17,374794,48,Bexar County,Texas
48029,50-64,333588,48,Bexar County,Texas
48029,65+,257782,48,Bexar County,Texas
48031,0-4,512,48,Blanco County,Texas
48031,18-49,3818,48,Blanco County,Texas
48031,5-17,1634,48,Blanco County,Texas
48031,50-64,2971,48,Blanco County,Texas
48031,65+,3073,48,Blanco County,Texas
48033,0-4,62,48,Borden County,Texas
48033,18-49,239,48,Borden County,Texas
48033,5-17,178,48,Borden County,Texas
48033,50-64,146,48,Borden County,Texas
48033,65+,98,48,Borden County,Texas
48035,0-4,946,48,Bosque County,Texas
48035,18-49,6017,48,Bosque County,Texas
48035,5-17,2926,48,Bosque County,Texas
48035,50-64,3973,48,Bosque County,Texas
48035,65+,4684,48,Bosque County,Texas
48037,0-4,5579,48,Bowie County,Texas
48037,18-49,37560,48,Bowie County,Texas
48037,5-17,16471,48,Bowie County,Texas
48037,50-64,16713,48,Bowie County,Texas
48037,65+,15998,48,Bowie County,Texas
48039,0-4,24367,48,Brazoria County,Texas
48039,18-49,167229,48,Brazoria County,Texas
48039,5-17,74375,48,Brazoria County,Texas
48039,50-64,67861,48,Brazoria County,Texas
48039,65+,47818,48,Brazoria County,Texas
48041,0-4,13309,48,Brazos County,Texas
48041,18-49,136485,48,Brazos County,Texas
48041,5-17,34932,48,Brazos County,Texas
48041,50-64,29878,48,Brazos County,Texas
48041,65+,23376,48,Brazos County,Texas
48043,0-4,391,48,Brewster County,Texas
48043,18-49,3846,48,Brewster County,Texas
48043,5-17,1232,48,Brewster County,Texas
48043,50-64,1603,48,Brewster County,Texas
48043,65+,2392,48,Brewster County,Texas
48045,0-4,48,48,Briscoe County,Texas
48045,18-49,376,48,Briscoe County,Texas
48045,5-17,170,48,Briscoe County,Texas
48045,50-64,287,48,Briscoe County,Texas
48045,65+,342,48,Briscoe County,Texas
48047,0-4,217,48,Brooks County,Texas
48047,18-49,3173,48,Brooks County,Texas
48047,5-17,1078,48,Brooks County,Texas
48047,50-64,1245,48,Brooks County,Texas
48047,65+,1274,48,Brooks County,Texas
48049,0-4,1980,48,Brown County,Texas
48049,18-49,14787,48,Brown County,Texas
48049,5-17,5992,48,Brown County,Texas
48049,50-64,7664,48,Brown County,Texas
48049,65+,7871,48,Brown County,Texas
48051,0-4,973,48,Burleson County,Texas
48051,18-49,6208,48,Burleson County,Texas
48051,5-17,3060,48,Burleson County,Texas
48051,50-64,3976,48,Burleson County,Texas
48051,65+,4110,48,Burleson County,Texas
48053,0-4,2509,48,Burnet County,Texas
48053,18-49,17812,48,Burnet County,Texas
48053,5-17,7955,48,Burnet County,Texas
48053,50-64,10861,48,Burnet County,Texas
48053,65+,11927,48,Burnet County,Texas
48055,0-4,2939,48,Caldwell County,Texas
48055,18-49,20103,48,Caldwell County,Texas
48055,5-17,8103,48,Caldwell County,Texas
48055,50-64,8868,48,Caldwell County,Texas
48055,65+,7171,48,Caldwell County,Texas
48057,0-4,1162,48,Calhoun County,Texas
48057,18-49,7467,48,Calhoun County,Texas
48057,5-17,3493,48,Calhoun County,Texas
48057,50-64,4092,48,Calhoun County,Texas
48057,65+,3707,48,Calhoun County,Texas
48059,0-4,734,48,Callahan County,Texas
48059,18-49,5123,48,Callahan County,Texas
48059,5-17,2271,48,Callahan County,Texas
48059,50-64,2978,48,Callahan County,Texas
48059,65+,2911,48,Callahan County,Texas
48061,0-4,30688,48,Cameron County,Texas
48061,18-49,175519,48,Cameron County,Texas
48061,5-17,92603,48,Cameron County,Texas
48061,50-64,64951,48,Cameron County,Texas
48061,65+,59431,48,Cameron County,Texas
48063,0-4,799,48,Camp County,Texas
48063,18-49,4621,48,Camp County,Texas
48063,5-17,2542,48,Camp County,Texas
48063,50-64,2408,48,Camp County,Texas
48063,65+,2282,48,Camp County,Texas
48065,0-4,282,48,Carson County,Texas
48065,18-49,2131,48,Carson County,Texas
48065,5-17,1021,48,Carson County,Texas
48065,50-64,1095,48,Carson County,Texas
48065,65+,1273,48,Carson County,Texas
48067,0-4,1627,48,Cass County,Texas
48067,18-49,9735,48,Cass County,Texas
48067,5-17,4834,48,Cass County,Texas
48067,50-64,6044,48,Cass County,Texas
48067,65+,6342,48,Cass County,Texas
48069,0-4,564,48,Castro County,Texas
48069,18-49,2759,48,Castro County,Texas
48069,5-17,1557,48,Castro County,Texas
48069,50-64,1215,48,Castro County,Texas
48069,65+,1233,48,Castro County,Texas
48071,0-4,3277,48,Chambers County,Texas
48071,18-49,21545,48,Chambers County,Texas
48071,5-17,10238,48,Chambers County,Texas
48071,50-64,7897,48,Chambers County,Texas
48071,65+,6221,48,Chambers County,Texas
48073,0-4,3487,48,Cherokee County,Texas
48073,18-49,19754,48,Cherokee County,Texas
48073,5-17,9513,48,Cherokee County,Texas
48073,50-64,9194,48,Cherokee County,Texas
48073,65+,9195,48,Cherokee County,Texas
48075,0-4,378,48,Childress County,Texas
48075,18-49,3577,48,Childress County,Texas
48075,5-17,882,48,Childress County,Texas
48075,50-64,814,48,Childress County,Texas
48075,65+,1121,48,Childress County,Texas
48077,0-4,471,48,Clay County,Texas
48077,18-49,3525,48,Clay County,Texas
48077,5-17,1569,48,Clay County,Texas
48077,50-64,2476,48,Clay County,Texas
48077,65+,2361,48,Clay County,Texas
48079,0-4,183,48,Cochran County,Texas
48079,18-49,1012,48,Cochran County,Texas
48079,5-17,499,48,Cochran County,Texas
48079,50-64,403,48,Cochran County,Texas
48079,65+,423,48,Cochran County,Texas
48081,0-4,145,48,Coke County,Texas
48081,18-49,1053,48,Coke County,Texas
48081,5-17,571,48,Coke County,Texas
48081,50-64,633,48,Coke County,Texas
48081,65+,913,48,Coke County,Texas
48083,0-4,286,48,Coleman County,Texas
48083,18-49,2379,48,Coleman County,Texas
48083,5-17,1311,48,Coleman County,Texas
48083,50-64,1751,48,Coleman County,Texas
48083,65+,2038,48,Coleman County,Texas
48085,0-4,65005,48,Collin County,Texas
48085,18-49,504009,48,Collin County,Texas
48085,5-17,215043,48,Collin County,Texas
48085,50-64,205530,48,Collin County,Texas
48085,65+,127014,48,Collin County,Texas
48087,0-4,189,48,Collingsworth County,Texas
48087,18-49,939,48,Collingsworth County,Texas
48087,5-17,600,48,Collingsworth County,Texas
48087,50-64,418,48,Collingsworth County,Texas
48087,65+,587,48,Collingsworth County,Texas
48089,0-4,1281,48,Colorado County,Texas
48089,18-49,6719,48,Colorado County,Texas
48089,5-17,3563,48,Colorado County,Texas
48089,50-64,4441,48,Colorado County,Texas
48089,65+,4732,48,Colorado County,Texas
48091,0-4,9283,48,Comal County,Texas
48091,18-49,66962,48,Comal County,Texas
48091,5-17,29508,48,Comal County,Texas
48091,50-64,36414,48,Comal County,Texas
48091,65+,32385,48,Comal County,Texas
48093,0-4,774,48,Comanche County,Texas
48093,18-49,4705,48,Comanche County,Texas
48093,5-17,2386,48,Comanche County,Texas
48093,50-64,2658,48,Comanche County,Texas
48093,65+,3263,48,Comanche County,Texas
48095,0-4,90,48,Concho County,Texas
48095,18-49,1505,48,Concho County,Texas
48095,5-17,331,48,Concho County,Texas
48095,50-64,719,48,Concho County,Texas
48095,65+,656,48,Concho County,Texas
48097,0-4,2671,48,Cooke County,Texas
48097,18-49,15946,48,Cooke County,Texas
48097,5-17,7276,48,Cooke County,Texas
48097,50-64,8683,48,Cooke County,Texas
48097,65+,7897,48,Cooke County,Texas
48099,0-4,5443,48,Coryell County,Texas
48099,18-49,44116,48,Coryell County,Texas
48099,5-17,13613,48,Coryell County,Texas
48099,50-64,11379,48,Coryell County,Texas
48099,65+,9221,48,Coryell County,Texas
48101,0-4,64,48,Cottle County,Texas
48101,18-49,429,48,Cottle County,Texas
48101,5-17,223,48,Cottle County,Texas
48101,50-64,247,48,Cottle County,Texas
48101,65+,339,48,Cottle County,Texas
48103,0-4,307,48,Crane County,Texas
48103,18-49,1828,48,Crane County,Texas
48103,5-17,896,48,Crane County,Texas
48103,50-64,898,48,Crane County,Texas
48103,65+,694,48,Crane County,Texas
48105,0-4,105,48,Crockett County,Texas
48105,18-49,1050,48,Crockett County,Texas
48105,5-17,562,48,Crockett County,Texas
48105,50-64,542,48,Crockett County,Texas
48105,65+,622,48,Crockett County,Texas
48107,0-4,303,48,Crosby County,Texas
48107,18-49,1902,48,Crosby County,Texas
48107,5-17,997,48,Crosby County,Texas
48107,50-64,901,48,Crosby County,Texas
48107,65+,969,48,Crosby County,Texas
48109,0-4,103,48,Culberson County,Texas
48109,18-49,784,48,Culberson County,Texas
48109,5-17,368,48,Culberson County,Texas
48109,50-64,343,48,Culberson County,Texas
48109,65+,583,48,Culberson County,Texas
48111,0-4,692,48,Dallam County,Texas
48111,18-49,3020,48,Dallam County,Texas
48111,5-17,1647,48,Dallam County,Texas
48111,50-64,1132,48,Dallam County,Texas
48111,65+,689,48,Dallam County,Texas
48113,0-4,180240,48,Dallas County,Texas
48113,18-49,1197936,48,Dallas County,Texas
48113,5-17,481587,48,Dallas County,Texas
48113,50-64,445061,48,Dallas County,Texas
48113,65+,298992,48,Dallas County,Texas
48115,0-4,808,48,Dawson County,Texas
48115,18-49,5723,48,Dawson County,Texas
48115,5-17,2134,48,Dawson County,Texas
48115,50-64,1983,48,Dawson County,Texas
48115,65+,1663,48,Dawson County,Texas
48117,0-4,1656,48,Deaf Smith County,Texas
48117,18-49,7529,48,Deaf Smith County,Texas
48117,5-17,4104,48,Deaf Smith County,Texas
48117,50-64,2737,48,Deaf Smith County,Texas
48117,65+,2461,48,Deaf Smith County,Texas
48119,0-4,422,48,Delta County,Texas
48119,18-49,1949,48,Delta County,Texas
48119,5-17,847,48,Delta County,Texas
48119,50-64,1030,48,Delta County,Texas
48119,65+,1097,48,Delta County,Texas
48121,0-4,55071,48,Denton County,Texas
48121,18-49,439641,48,Denton County,Texas
48121,5-17,169826,48,Denton County,Texas
48121,50-64,175055,48,Denton County,Texas
48121,65+,106051,48,Denton County,Texas
48123,0-4,1293,48,DeWitt County,Texas
48123,18-49,7429,48,DeWitt County,Texas
48123,5-17,3194,48,DeWitt County,Texas
48123,50-64,3984,48,DeWitt County,Texas
48123,65+,3953,48,DeWitt County,Texas
48125,0-4,98,48,Dickens County,Texas
48125,18-49,557,48,Dickens County,Texas
48125,5-17,257,48,Dickens County,Texas
48125,50-64,328,48,Dickens County,Texas
48125,65+,401,48,Dickens County,Texas
48127,0-4,594,48,Dimmit County,Texas
48127,18-49,3544,48,Dimmit County,Texas
48127,5-17,1819,48,Dimmit County,Texas
48127,50-64,1141,48,Dimmit County,Texas
48127,65+,1409,48,Dimmit County,Texas
48129,0-4,126,48,Donley County,Texas
48129,18-49,1226,48,Donley County,Texas
48129,5-17,460,48,Donley County,Texas
48129,50-64,582,48,Donley County,Texas
48129,65+,882,48,Donley County,Texas
48131,0-4,620,48,Duval County,Texas
48131,18-49,4006,48,Duval County,Texas
48131,5-17,1926,48,Duval County,Texas
48131,50-64,1739,48,Duval County,Texas
48131,65+,1533,48,Duval County,Texas
48133,0-4,993,48,Eastland County,Texas
48133,18-49,6468,48,Eastland County,Texas
48133,5-17,2831,48,Eastland County,Texas
48133,50-64,3644,48,Eastland County,Texas
48133,65+,3910,48,Eastland County,Texas
48135,0-4,14115,48,Ector County,Texas
48135,18-49,73560,48,Ector County,Texas
48135,5-17,35390,48,Ector County,Texas
48135,50-64,24103,48,Ector County,Texas
48135,65+,16038,48,Ector County,Texas
48137,0-4,21,48,Edwards County,Texas
48137,18-49,596,48,Edwards County,Texas
48137,5-17,203,48,Edwards County,Texas
48137,50-64,257,48,Edwards County,Texas
48137,65+,315,48,Edwards County,Texas
48139,0-4,13217,48,Ellis County,Texas
48139,18-49,86113,48,Ellis County,Texas
48139,5-17,40738,48,Ellis County,Texas
48139,50-64,37462,48,Ellis County,Texas
48139,65+,26397,48,Ellis County,Texas
48141,0-4,58783,48,El Paso County,Texas
48141,18-49,388116,48,El Paso County,Texas
48141,5-17,170012,48,El Paso County,Texas
48141,50-64,138178,48,El Paso County,Texas
48141,65+,111186,48,El Paso County,Texas
48143,0-4,2575,48,Erath County,Texas
48143,18-49,20945,48,Erath County,Texas
48143,5-17,6446,48,Erath County,Texas
48143,50-64,6986,48,Erath County,Texas
48143,65+,6292,48,Erath County,Texas
48145,0-4,929,48,Falls County,Texas
48145,18-49,6447,48,Falls County,Texas
48145,5-17,2675,48,Falls County,Texas
48145,50-64,3697,48,Falls County,Texas
48145,65+,3315,48,Falls County,Texas
48147,0-4,1814,48,Fannin County,Texas
48147,18-49,14848,48,Fannin County,Texas
48147,5-17,5982,48,Fannin County,Texas
48147,50-64,7379,48,Fannin County,Texas
48147,65+,6502,48,Fannin County,Texas
48149,0-4,1225,48,Fayette County,Texas
48149,18-49,7947,48,Fayette County,Texas
48149,5-17,3748,48,Fayette County,Texas
48149,50-64,5344,48,Fayette County,Texas
48149,65+,6519,48,Fayette County,Texas
48151,0-4,233,48,Fisher County,Texas
48151,18-49,1366,48,Fisher County,Texas
48151,5-17,529,48,Fisher County,Texas
48151,50-64,741,48,Fisher County,Texas
48151,65+,792,48,Fisher County,Texas
48153,0-4,321,48,Floyd County,Texas
48153,18-49,1824,48,Floyd County,Texas
48153,5-17,1056,48,Floyd County,Texas
48153,50-64,1076,48,Floyd County,Texas
48153,65+,1017,48,Floyd County,Texas
48155,0-4,55,48,Foard County,Texas
48155,18-49,309,48,Foard County,Texas
48155,5-17,199,48,Foard County,Texas
48155,50-64,203,48,Foard County,Texas
48155,65+,313,48,Foard County,Texas
48157,0-4,53279,48,Fort Bend County,Texas
48157,18-49,368232,48,Fort Bend County,Texas
48157,5-17,178424,48,Fort Bend County,Texas
48157,50-64,155142,48,Fort Bend County,Texas
48157,65+,104644,48,Fort Bend County,Texas
48159,0-4,568,48,Franklin County,Texas
48159,18-49,3588,48,Franklin County,Texas
48159,5-17,1812,48,Franklin County,Texas
48159,50-64,2231,48,Franklin County,Texas
48159,65+,2323,48,Franklin County,Texas
48161,0-4,1032,48,Freestone County,Texas
48161,18-49,7552,48,Freestone County,Texas
48161,5-17,3475,48,Freestone County,Texas
48161,50-64,3797,48,Freestone County,Texas
48161,65+,3957,48,Freestone County,Texas
48163,0-4,1169,48,Frio County,Texas
48163,18-49,8635,48,Frio County,Texas
48163,5-17,3516,48,Frio County,Texas
48163,50-64,2478,48,Frio County,Texas
48163,65+,2221,48,Frio County,Texas
48165,0-4,2185,48,Gaines County,Texas
48165,18-49,8786,48,Gaines County,Texas
48165,5-17,5645,48,Gaines County,Texas
48165,50-64,3226,48,Gaines County,Texas
48165,65+,2062,48,Gaines County,Texas
48167,0-4,20668,48,Galveston County,Texas
48167,18-49,146247,48,Galveston County,Texas
48167,5-17,63966,48,Galveston County,Texas
48167,50-64,69524,48,Galveston County,Texas
48167,65+,54316,48,Galveston County,Texas
48169,0-4,273,48,Garza County,Texas
48169,18-49,2732,48,Garza County,Texas
48169,5-17,756,48,Garza County,Texas
48169,50-64,869,48,Garza County,Texas
48169,65+,805,48,Garza County,Texas
48171,0-4,1245,48,Gillespie County,Texas
48171,18-49,8192,48,Gillespie County,Texas
48171,5-17,4032,48,Gillespie County,Texas
48171,50-64,5656,48,Gillespie County,Texas
48171,65+,8077,48,Gillespie County,Texas
48173,0-4,67,48,Glasscock County,Texas
48173,18-49,417,48,Glasscock County,Texas
48173,5-17,207,48,Glasscock County,Texas
48173,50-64,214,48,Glasscock County,Texas
48173,65+,165,48,Glasscock County,Texas
48175,0-4,340,48,Goliad County,Texas
48175,18-49,2484,48,Goliad County,Texas
48175,5-17,1088,48,Goliad County,Texas
48175,50-64,1451,48,Goliad County,Texas
48175,65+,1733,48,Goliad County,Texas
48177,0-4,1307,48,Gonzales County,Texas
48177,18-49,7064,48,Gonzales County,Texas
48177,5-17,3852,48,Gonzales County,Texas
48177,50-64,3690,48,Gonzales County,Texas
48177,65+,3851,48,Gonzales County,Texas
48179,0-4,1268,48,Gray County,Texas
48179,18-49,8627,48,Gray County,Texas
48179,5-17,4045,48,Gray County,Texas
48179,50-64,3728,48,Gray County,Texas
48179,65+,3463,48,Gray County,Texas
48181,0-4,8719,48,Grayson County,Texas
48181,18-49,53865,48,Grayson County,Texas
48181,5-17,25041,48,Grayson County,Texas
48181,50-64,27342,48,Grayson County,Texas
48181,65+,25021,48,Grayson County,Texas
48183,0-4,8349,48,Gregg County,Texas
48183,18-49,51041,48,Gregg County,Texas
48183,5-17,23975,48,Gregg County,Texas
48183,50-64,21723,48,Gregg County,Texas
48183,65+,19772,48,Gregg County,Texas
48185,0-4,1594,48,Grimes County,Texas
48185,18-49,11882,48,Grimes County,Texas
48185,5-17,5245,48,Grimes County,Texas
48185,50-64,6030,48,Grimes County,Texas
48185,65+,5634,48,Grimes County,Texas
48187,0-4,10321,48,Guadalupe County,Texas
48187,18-49,76336,48,Guadalupe County,Texas
48187,5-17,33071,48,Guadalupe County,Texas
48187,50-64,32698,48,Guadalupe County,Texas
48187,65+,25942,48,Guadalupe County,Texas
48189,0-4,2108,48,Hale County,Texas
48189,18-49,13713,48,Hale County,Texas
48189,5-17,6564,48,Hale County,Texas
48189,50-64,5339,48,Hale County,Texas
48189,65+,4523,48,Hale County,Texas
48191,0-4,129,48,Hall County,Texas
48191,18-49,943,48,Hall County,Texas
48191,5-17,487,48,Hall County,Texas
48191,50-64,572,48,Hall County,Texas
48191,65+,696,48,Hall County,Texas
48193,0-4,410,48,Hamilton County,Texas
48193,18-49,2790,48,Hamilton County,Texas
48193,5-17,1435,48,Hamilton County,Texas
48193,50-64,1607,48,Hamilton County,Texas
48193,65+,2078,48,Hamilton County,Texas
48195,0-4,365,48,Hansford County,Texas
48195,18-49,1875,48,Hansford County,Texas
48195,5-17,1131,48,Hansford County,Texas
48195,50-64,1093,48,Hansford County,Texas
48195,65+,718,48,Hansford County,Texas
48197,0-4,198,48,Hardeman County,Texas
48197,18-49,1262,48,Hardeman County,Texas
48197,5-17,520,48,Hardeman County,Texas
48197,50-64,781,48,Hardeman County,Texas
48197,65+,768,48,Hardeman County,Texas
48199,0-4,3301,48,Hardin County,Texas
48199,18-49,22155,48,Hardin County,Texas
48199,5-17,10871,48,Hardin County,Texas
48199,50-64,10844,48,Hardin County,Texas
48199,65+,9955,48,Hardin County,Texas
48201,0-4,329995,48,Harris County,Texas
48201,18-49,2173420,48,Harris County,Texas
48201,5-17,913430,48,Harris County,Texas
48201,50-64,798271,48,Harris County,Texas
48201,65+,543463,48,Harris County,Texas
48203,0-4,4011,48,Harrison County,Texas
48203,18-49,27521,48,Harrison County,Texas
48203,5-17,12911,48,Harrison County,Texas
48203,50-64,13207,48,Harrison County,Texas
48203,65+,11934,48,Harrison County,Texas
48205,0-4,311,48,Hartley County,Texas
48205,18-49,2380,48,Hartley County,Texas
48205,5-17,887,48,Hartley County,Texas
48205,50-64,852,48,Hartley County,Texas
48205,65+,877,48,Hartley County,Texas
48207,0-4,223,48,Haskell County,Texas
48207,18-49,2154,48,Haskell County,Texas
48207,5-17,717,48,Haskell County,Texas
48207,50-64,1056,48,Haskell County,Texas
48207,65+,1240,48,Haskell County,Texas
48209,0-4,14998,48,Hays County,Texas
48209,18-49,128061,48,Hays County,Texas
48209,5-17,42972,48,Hays County,Texas
48209,50-64,39887,48,Hays County,Texas
48209,65+,30511,48,Hays County,Texas
48211,0-4,156,48,Hemphill County,Texas
48211,18-49,1336,48,Hemphill County,Texas
48211,5-17,620,48,Hemphill County,Texas
48211,50-64,564,48,Hemphill County,Texas
48211,65+,635,48,Hemphill County,Texas
48213,0-4,4621,48,Henderson County,Texas
48213,18-49,29535,48,Henderson County,Texas
48213,5-17,13315,48,Henderson County,Texas
48213,50-64,17460,48,Henderson County,Texas
48213,65+,18727,48,Henderson County,Texas
48215,0-4,70226,48,Hidalgo County,Texas
48215,18-49,379246,48,Hidalgo County,Texas
48215,5-17,206413,48,Hidalgo County,Texas
48215,50-64,123540,48,Hidalgo County,Texas
48215,65+,101496,48,Hidalgo County,Texas
48217,0-4,2114,48,Hill County,Texas
48217,18-49,13264,48,Hill County,Texas
48217,5-17,6454,48,Hill County,Texas
48217,50-64,7390,48,Hill County,Texas
48217,65+,7442,48,Hill County,Texas
48219,0-4,1487,48,Hockley County,Texas
48219,18-49,8787,48,Hockley County,Texas
48219,5-17,4208,48,Hockley County,Texas
48219,50-64,3710,48,Hockley County,Texas
48219,65+,3263,48,Hockley County,Texas
48221,0-4,3285,48,Hood County,Texas
48221,18-49,21423,48,Hood County,Texas
48221,5-17,9996,48,Hood County,Texas
48221,50-64,13192,48,Hood County,Texas
48221,65+,16302,48,Hood County,Texas
48223,0-4,2284,48,Hopkins County,Texas
48223,18-49,13962,48,Hopkins County,Texas
48223,5-17,6830,48,Hopkins County,Texas
48223,50-64,7417,48,Hopkins County,Texas
48223,65+,6858,48,Hopkins County,Texas
48225,0-4,1100,48,Houston County,Texas
48225,18-49,8315,48,Houston County,Texas
48225,5-17,3315,48,Houston County,Texas
48225,50-64,4487,48,Houston County,Texas
48225,65+,4825,48,Houston County,Texas
48227,0-4,1985,48,Howard County,Texas
48227,18-49,15171,48,Howard County,Texas
48227,5-17,5476,48,Howard County,Texas
48227,50-64,6166,48,Howard County,Texas
48227,65+,4329,48,Howard County,Texas
48229,0-4,100,48,Hudspeth County,Texas
48229,18-49,1844,48,Hudspeth County,Texas
48229,5-17,498,48,Hudspeth County,Texas
48229,50-64,519,48,Hudspeth County,Texas
48229,65+,370,48,Hudspeth County,Texas
48231,0-4,6607,48,Hunt County,Texas
48231,18-49,43026,48,Hunt County,Texas
48231,5-17,18928,48,Hunt County,Texas
48231,50-64,19974,48,Hunt County,Texas
48231,65+,16382,48,Hunt County,Texas
48233,0-4,1163,48,Hutchinson County,Texas
48233,18-49,7962,48,Hutchinson County,Texas
48233,5-17,3977,48,Hutchinson County,Texas
48233,50-64,3762,48,Hutchinson County,Texas
48233,65+,3549,48,Hutchinson County,Texas
48235,0-4,54,48,Irion County,Texas
48235,18-49,358,48,Irion County,Texas
48235,5-17,289,48,Irion County,Texas
48235,50-64,420,48,Irion County,Texas
48235,65+,311,48,Irion County,Texas
48237,0-4,368,48,Jack County,Texas
48237,18-49,3616,48,Jack County,Texas
48237,5-17,1550,48,Jack County,Texas
48237,50-64,1585,48,Jack County,Texas
48237,65+,1504,48,Jack County,Texas
48239,0-4,970,48,Jackson County,Texas
48239,18-49,5590,48,Jackson County,Texas
48239,5-17,2688,48,Jackson County,Texas
48239,50-64,2862,48,Jackson County,Texas
48239,65+,2971,48,Jackson County,Texas
48241,0-4,1867,48,Jasper County,Texas
48241,18-49,11629,48,Jasper County,Texas
48241,5-17,5846,48,Jasper County,Texas
48241,50-64,6675,48,Jasper County,Texas
48241,65+,6790,48,Jasper County,Texas
48243,0-4,130,48,Jeff Davis County,Texas
48243,18-49,357,48,Jeff Davis County,Texas
48243,5-17,164,48,Jeff Davis County,Texas
48243,50-64,409,48,Jeff Davis County,Texas
48243,65+,680,48,Jeff Davis County,Texas
48245,0-4,16995,48,Jefferson County,Texas
48245,18-49,106887,48,Jefferson County,Texas
48245,5-17,45569,48,Jefferson County,Texas
48245,50-64,46066,48,Jefferson County,Texas
48245,65+,38422,48,Jefferson County,Texas
48247,0-4,986,48,Jim Hogg County,Texas
48247,18-49,2015,48,Jim Hogg County,Texas
48247,5-17,678,48,Jim Hogg County,Texas
48247,50-64,713,48,Jim Hogg County,Texas
48247,65+,405,48,Jim Hogg County,Texas
48249,0-4,2588,48,Jim Wells County,Texas
48249,18-49,15557,48,Jim Wells County,Texas
48249,5-17,8040,48,Jim Wells County,Texas
48249,50-64,6531,48,Jim Wells County,Texas
48249,65+,6147,48,Jim Wells County,Texas
48251,0-4,11912,48,Johnson County,Texas
48251,18-49,78789,48,Johnson County,Texas
48251,5-17,36987,48,Johnson County,Texas
48251,50-64,34633,48,Johnson County,Texas
48251,65+,26499,48,Johnson County,Texas
48253,0-4,795,48,Jones County,Texas
48253,18-49,9901,48,Jones County,Texas
48253,5-17,2518,48,Jones County,Texas
48253,50-64,3585,48,Jones County,Texas
48253,65+,3169,48,Jones County,Texas
48255,0-4,749,48,Karnes County,Texas
48255,18-49,7035,48,Karnes County,Texas
48255,5-17,2234,48,Karnes County,Texas
48255,50-64,2595,48,Karnes County,Texas
48255,65+,2206,48,Karnes County,Texas
48257,0-4,11738,48,Kaufman County,Texas
48257,18-49,70562,48,Kaufman County,Texas
48257,5-17,34248,48,Kaufman County,Texas
48257,50-64,26670,48,Kaufman County,Texas
48257,65+,17500,48,Kaufman County,Texas
48259,0-4,2079,48,Kendall County,Texas
48259,18-49,17228,48,Kendall County,Texas
48259,5-17,8596,48,Kendall County,Texas
48259,50-64,9720,48,Kendall County,Texas
48259,65+,9348,48,Kendall County,Texas
48261,0-4,0,48,Kenedy County,Texas
48261,18-49,18,48,Kenedy County,Texas
48261,5-17,3,48,Kenedy County,Texas
48261,50-64,5,48,Kenedy County,Texas
48261,65+,26,48,Kenedy County,Texas
48263,0-4,12,48,Kent County,Texas
48263,18-49,183,48,Kent County,Texas
48263,5-17,115,48,Kent County,Texas
48263,50-64,175,48,Kent County,Texas
48263,65+,242,48,Kent County,Texas
48265,0-4,2558,48,Kerr County,Texas
48265,18-49,17576,48,Kerr County,Texas
48265,5-17,7229,48,Kerr County,Texas
48265,50-64,10576,48,Kerr County,Texas
48265,65+,15227,48,Kerr County,Texas
48267,0-4,210,48,Kimble County,Texas
48267,18-49,1448,48,Kimble County,Texas
48267,5-17,504,48,Kimble County,Texas
48267,50-64,824,48,Kimble County,Texas
48267,65+,1369,48,Kimble County,Texas
48269,0-4,10,48,King County,Texas
48269,18-49,66,48,King County,Texas
48269,5-17,25,48,King County,Texas
48269,50-64,45,48,King County,Texas
48269,65+,43,48,King County,Texas
48271,0-4,99,48,Kinney County,Texas
48271,18-49,1260,48,Kinney County,Texas
48271,5-17,175,48,Kinney County,Texas
48271,50-64,778,48,Kinney County,Texas
48271,65+,828,48,Kinney County,Texas
48273,0-4,2039,48,Kleberg County,Texas
48273,18-49,15043,48,Kleberg County,Texas
48273,5-17,5325,48,Kleberg County,Texas
48273,50-64,4178,48,Kleberg County,Texas
48273,65+,4044,48,Kleberg County,Texas
48275,0-4,175,48,Knox County,Texas
48275,18-49,1114,48,Knox County,Texas
48275,5-17,685,48,Knox County,Texas
48275,50-64,729,48,Knox County,Texas
48275,65+,619,48,Knox County,Texas
48277,0-4,3225,48,Lamar County,Texas
48277,18-49,18965,48,Lamar County,Texas
48277,5-17,8960,48,Lamar County,Texas
48277,50-64,9523,48,Lamar County,Texas
48277,65+,9748,48,Lamar County,Texas
48279,0-4,873,48,Lamb County,Texas
48279,18-49,4835,48,Lamb County,Texas
48279,5-17,2685,48,Lamb County,Texas
48279,50-64,2342,48,Lamb County,Texas
48279,65+,2184,48,Lamb County,Texas
48281,0-4,1078,48,Lampasas County,Texas
48281,18-49,8018,48,Lampasas County,Texas
48281,5-17,3757,48,Lampasas County,Texas
48281,50-64,4855,48,Lampasas County,Texas
48281,65+,4559,48,Lampasas County,Texas
48283,0-4,159,48,La Salle County,Texas
48283,18-49,2918,48,La Salle County,Texas
48283,5-17,1459,48,La Salle County,Texas
48283,50-64,890,48,La Salle County,Texas
48283,65+,1520,48,La Salle County,Texas
48285,0-4,1210,48,Lavaca County,Texas
48285,18-49,6772,48,Lavaca County,Texas
48285,5-17,3647,48,Lavaca County,Texas
48285,50-64,4033,48,Lavaca County,Texas
48285,65+,4817,48,Lavaca County,Texas
48287,0-4,1167,48,Lee County,Texas
48287,18-49,6825,48,Lee County,Texas
48287,5-17,2666,48,Lee County,Texas
48287,50-64,3415,48,Lee County,Texas
48287,65+,3685,48,Lee County,Texas
48289,0-4,856,48,Leon County,Texas
48289,18-49,5323,48,Leon County,Texas
48289,5-17,2799,48,Leon County,Texas
48289,50-64,3277,48,Leon County,Texas
48289,65+,3812,48,Leon County,Texas
48291,0-4,7439,48,Liberty County,Texas
48291,18-49,41144,48,Liberty County,Texas
48291,5-17,21312,48,Liberty County,Texas
48291,50-64,16397,48,Liberty County,Texas
48291,65+,11701,48,Liberty County,Texas
48293,0-4,1284,48,Limestone County,Texas
48293,18-49,8186,48,Limestone County,Texas
48293,5-17,3707,48,Limestone County,Texas
48293,50-64,4420,48,Limestone County,Texas
48293,65+,4588,48,Limestone County,Texas
48295,0-4,202,48,Lipscomb County,Texas
48295,18-49,1055,48,Lipscomb County,Texas
48295,5-17,688,48,Lipscomb County,Texas
48295,50-64,458,48,Lipscomb County,Texas
48295,65+,561,48,Lipscomb County,Texas
48297,0-4,713,48,Live Oak County,Texas
48297,18-49,4739,48,Live Oak County,Texas
48297,5-17,1631,48,Live Oak County,Texas
48297,50-64,2048,48,Live Oak County,Texas
48297,65+,2313,48,Live Oak County,Texas
48299,0-4,817,48,Llano County,Texas
48299,18-49,5576,48,Llano County,Texas
48299,5-17,2615,48,Llano County,Texas
48299,50-64,4871,48,Llano County,Texas
48299,65+,8132,48,Llano County,Texas
48301,0-4,0,48,Loving County,Texas
48301,18-49,2,48,Loving County,Texas
48301,5-17,0,48,Loving County,Texas
48301,50-64,12,48,Loving County,Texas
48301,65+,40,48,Loving County,Texas
48303,0-4,19661,48,Lubbock County,Texas
48303,18-49,152136,48,Lubbock County,Texas
48303,5-17,54573,48,Lubbock County,Texas
48303,50-64,47124,48,Lubbock County,Texas
48303,65+,41139,48,Lubbock County,Texas
48305,0-4,366,48,Lynn County,Texas
48305,18-49,2226,48,Lynn County,Texas
48305,5-17,1199,48,Lynn County,Texas
48305,50-64,980,48,Lynn County,Texas
48305,65+,896,48,Lynn County,Texas
48307,0-4,409,48,McCulloch County,Texas
48307,18-49,2487,48,McCulloch County,Texas
48307,5-17,1217,48,McCulloch County,Texas
48307,50-64,1669,48,McCulloch County,Texas
48307,65+,1783,48,McCulloch County,Texas
48309,0-4,16986,48,McLennan County,Texas
48309,18-49,117253,48,McLennan County,Texas
48309,5-17,46683,48,McLennan County,Texas
48309,50-64,42905,48,McLennan County,Texas
48309,65+,39781,48,McLennan County,Texas
48311,0-4,54,48,McMullen County,Texas
48311,18-49,210,48,McMullen County,Texas
48311,5-17,183,48,McMullen County,Texas
48311,50-64,74,48,McMullen County,Texas
48311,65+,102,48,McMullen County,Texas
48313,0-4,848,48,Madison County,Texas
48313,18-49,6445,48,Madison County,Texas
48313,5-17,2167,48,Madison County,Texas
48313,50-64,2052,48,Madison County,Texas
48313,65+,2062,48,Madison County,Texas
48315,0-4,378,48,Marion County,Texas
48315,18-49,3022,48,Marion County,Texas
48315,5-17,1356,48,Marion County,Texas
48315,50-64,2300,48,Marion County,Texas
48315,65+,2575,48,Marion County,Texas
48317,0-4,338,48,Martin County,Texas
48317,18-49,2028,48,Martin County,Texas
48317,5-17,1201,48,Martin County,Texas
48317,50-64,1101,48,Martin County,Texas
48317,65+,562,48,Martin County,Texas
48319,0-4,309,48,Mason County,Texas
48319,18-49,1175,48,Mason County,Texas
48319,5-17,605,48,Mason County,Texas
48319,50-64,654,48,Mason County,Texas
48319,65+,1208,48,Mason County,Texas
48321,0-4,2622,48,Matagorda County,Texas
48321,18-49,13598,48,Matagorda County,Texas
48321,5-17,6706,48,Matagorda County,Texas
48321,50-64,6861,48,Matagorda County,Texas
48321,65+,6487,48,Matagorda County,Texas
48323,0-4,5042,48,Maverick County,Texas
48323,18-49,24348,48,Maverick County,Texas
48323,5-17,12970,48,Maverick County,Texas
48323,50-64,8536,48,Maverick County,Texas
48323,65+,6874,48,Maverick County,Texas
48325,0-4,2929,48,Medina County,Texas
48325,18-49,20976,48,Medina County,Texas
48325,5-17,8949,48,Medina County,Texas
48325,50-64,10518,48,Medina County,Texas
48325,65+,9047,48,Medina County,Texas
48327,0-4,82,48,Menard County,Texas
48327,18-49,442,48,Menard County,Texas
48327,5-17,384,48,Menard County,Texas
48327,50-64,423,48,Menard County,Texas
48327,65+,633,48,Menard County,Texas
48329,0-4,14340,48,Midland County,Texas
48329,18-49,78744,48,Midland County,Texas
48329,5-17,35374,48,Midland County,Texas
48329,50-64,24799,48,Midland County,Texas
48329,65+,18239,48,Midland County,Texas
48331,0-4,1372,48,Milam County,Texas
48331,18-49,9030,48,Milam County,Texas
48331,5-17,4426,48,Milam County,Texas
48331,50-64,5035,48,Milam County,Texas
48331,65+,5405,48,Milam County,Texas
48333,0-4,100,48,Mills County,Texas
48333,18-49,1339,48,Mills County,Texas
48333,5-17,709,48,Mills County,Texas
48333,50-64,1053,48,Mills County,Texas
48333,65+,1298,48,Mills County,Texas
48335,0-4,441,48,Mitchell County,Texas
48335,18-49,4515,48,Mitchell County,Texas
48335,5-17,1225,48,Mitchell County,Texas
48335,50-64,1488,48,Mitchell County,Texas
48335,65+,1320,48,Mitchell County,Texas
48337,0-4,1083,48,Montague County,Texas
48337,18-49,7092,48,Montague County,Texas
48337,5-17,3631,48,Montague County,Texas
48337,50-64,4304,48,Montague County,Texas
48337,65+,4489,48,Montague County,Texas
48339,0-4,41979,48,Montgomery County,Texas
48339,18-49,273966,48,Montgomery County,Texas
48339,5-17,128816,48,Montgomery County,Texas
48339,50-64,121420,48,Montgomery County,Texas
48339,65+,88541,48,Montgomery County,Texas
48341,0-4,1910,48,Moore County,Texas
48341,18-49,8914,48,Moore County,Texas
48341,5-17,4727,48,Moore County,Texas
48341,50-64,3301,48,Moore County,Texas
48341,65+,2382,48,Moore County,Texas
48343,0-4,595,48,Morris County,Texas
48343,18-49,4239,48,Morris County,Texas
48343,5-17,2163,48,Morris County,Texas
48343,50-64,2405,48,Morris County,Texas
48343,65+,2612,48,Morris County,Texas
48345,0-4,92,48,Motley County,Texas
48345,18-49,388,48,Motley County,Texas
48345,5-17,129,48,Motley County,Texas
48345,50-64,265,48,Motley County,Texas
48345,65+,393,48,Motley County,Texas
48347,0-4,3980,48,Nacogdoches County,Texas
48347,18-49,29249,48,Nacogdoches County,Texas
48347,5-17,11283,48,Nacogdoches County,Texas
48347,50-64,10366,48,Nacogdoches County,Texas
48347,65+,10019,48,Nacogdoches County,Texas
48349,0-4,3630,48,Navarro County,Texas
48349,18-49,20672,48,Navarro County,Texas
48349,5-17,10721,48,Navarro County,Texas
48349,50-64,9762,48,Navarro County,Texas
48349,65+,8950,48,Navarro County,Texas
48351,0-4,546,48,Newton County,Texas
48351,18-49,4219,48,Newton County,Texas
48351,5-17,1892,48,Newton County,Texas
48351,50-64,2741,48,Newton County,Texas
48351,65+,2795,48,Newton County,Texas
48353,0-4,913,48,Nolan County,Texas
48353,18-49,5318,48,Nolan County,Texas
48353,5-17,2820,48,Nolan County,Texas
48353,50-64,2590,48,Nolan County,Texas
48353,65+,2924,48,Nolan County,Texas
48355,0-4,21877,48,Nueces County,Texas
48355,18-49,151250,48,Nueces County,Texas
48355,5-17,62561,48,Nueces County,Texas
48355,50-64,62061,48,Nueces County,Texas
48355,65+,55080,48,Nueces County,Texas
48357,0-4,754,48,Ochiltree County,Texas
48357,18-49,3948,48,Ochiltree County,Texas
48357,5-17,2278,48,Ochiltree County,Texas
48357,50-64,1752,48,Ochiltree County,Texas
48357,65+,1120,48,Ochiltree County,Texas
48359,0-4,125,48,Oldham County,Texas
48359,18-49,777,48,Oldham County,Texas
48359,5-17,626,48,Oldham County,Texas
48359,50-64,313,48,Oldham County,Texas
48359,65+,256,48,Oldham County,Texas
48361,0-4,5537,48,Orange County,Texas
48361,18-49,33979,48,Orange County,Texas
48361,5-17,16035,48,Orange County,Texas
48361,50-64,15919,48,Orange County,Texas
48361,65+,13523,48,Orange County,Texas
48363,0-4,1722,48,Palo Pinto County,Texas
48363,18-49,10461,48,Palo Pinto County,Texas
48363,5-17,4993,48,Palo Pinto County,Texas
48363,50-64,5966,48,Palo Pinto County,Texas
48363,65+,5778,48,Palo Pinto County,Texas
48365,0-4,1287,48,Panola County,Texas
48365,18-49,8553,48,Panola County,Texas
48365,5-17,3956,48,Panola County,Texas
48365,50-64,4205,48,Panola County,Texas
48365,65+,4623,48,Panola County,Texas
48367,0-4,9441,48,Parker County,Texas
48367,18-49,62045,48,Parker County,Texas
48367,5-17,29722,48,Parker County,Texas
48367,50-64,31821,48,Parker County,Texas
48367,65+,25050,48,Parker County,Texas
48369,0-4,721,48,Parmer County,Texas
48369,18-49,3759,48,Parmer County,Texas
48369,5-17,2036,48,Parmer County,Texas
48369,50-64,1773,48,Parmer County,Texas
48369,65+,1463,48,Parmer County,Texas
48371,0-4,826,48,Pecos County,Texas
48371,18-49,6656,48,Pecos County,Texas
48371,5-17,2795,48,Pecos County,Texas
48371,50-64,2714,48,Pecos County,Texas
48371,65+,1992,48,Pecos County,Texas
48373,0-4,2639,48,Polk County,Texas
48373,18-49,19151,48,Polk County,Texas
48373,5-17,7901,48,Polk County,Texas
48373,50-64,12292,48,Polk County,Texas
48373,65+,9797,48,Polk County,Texas
48375,0-4,8042,48,Potter County,Texas
48375,18-49,49593,48,Potter County,Texas
48375,5-17,23292,48,Potter County,Texas
48375,50-64,19477,48,Potter County,Texas
48375,65+,16230,48,Potter County,Texas
48377,0-4,444,48,Presidio County,Texas
48377,18-49,1907,48,Presidio County,Texas
48377,5-17,1236,48,Presidio County,Texas
48377,50-64,1147,48,Presidio County,Texas
48377,65+,1309,48,Presidio County,Texas
48379,0-4,534,48,Rains County,Texas
48379,18-49,4296,48,Rains County,Texas
48379,5-17,1880,48,Rains County,Texas
48379,50-64,2765,48,Rains County,Texas
48379,65+,3030,48,Rains County,Texas
48381,0-4,8607,48,Randall County,Texas
48381,18-49,62506,48,Randall County,Texas
48381,5-17,25843,48,Randall County,Texas
48381,50-64,24329,48,Randall County,Texas
48381,65+,22506,48,Randall County,Texas
48383,0-4,346,48,Reagan County,Texas
48383,18-49,1468,48,Reagan County,Texas
48383,5-17,784,48,Reagan County,Texas
48383,50-64,358,48,Reagan County,Texas
48383,65+,303,48,Reagan County,Texas
48385,0-4,159,48,Real County,Texas
48385,18-49,521,48,Real County,Texas
48385,5-17,593,48,Real County,Texas
48385,50-64,534,48,Real County,Texas
48385,65+,1014,48,Real County,Texas
48387,0-4,790,48,Red River County,Texas
48387,18-49,3663,48,Red River County,Texas
48387,5-17,1560,48,Red River County,Texas
48387,50-64,2638,48,Red River County,Texas
48387,65+,2970,48,Red River County,Texas
48389,0-4,878,48,Reeves County,Texas
48389,18-49,6530,48,Reeves County,Texas
48389,5-17,2404,48,Reeves County,Texas
48389,50-64,1785,48,Reeves County,Texas
48389,65+,1622,48,Reeves County,Texas
48391,0-4,380,48,Refugio County,Texas
48391,18-49,2363,48,Refugio County,Texas
48391,5-17,1114,48,Refugio County,Texas
48391,50-64,1331,48,Refugio County,Texas
48391,65+,1505,48,Refugio County,Texas
48393,0-4,20,48,Roberts County,Texas
48393,18-49,268,48,Roberts County,Texas
48393,5-17,200,48,Roberts County,Texas
48393,50-64,165,48,Roberts County,Texas
48393,65+,132,48,Roberts County,Texas
48395,0-4,1072,48,Robertson County,Texas
48395,18-49,6126,48,Robertson County,Texas
48395,5-17,2993,48,Robertson County,Texas
48395,50-64,3354,48,Robertson County,Texas
48395,65+,3428,48,Robertson County,Texas
48397,0-4,7041,48,Rockwall County,Texas
48397,18-49,49172,48,Rockwall County,Texas
48397,5-17,24193,48,Rockwall County,Texas
48397,50-64,21961,48,Rockwall County,Texas
48397,65+,14564,48,Rockwall County,Texas
48399,0-4,569,48,Runnels County,Texas
48399,18-49,3605,48,Runnels County,Texas
48399,5-17,1758,48,Runnels County,Texas
48399,50-64,1881,48,Runnels County,Texas
48399,65+,2067,48,Runnels County,Texas
48401,0-4,2898,48,Rusk County,Texas
48401,18-49,21800,48,Rusk County,Texas
48401,5-17,9034,48,Rusk County,Texas
48401,50-64,9874,48,Rusk County,Texas
48401,65+,9007,48,Rusk County,Texas
48403,0-4,548,48,Sabine County,Texas
48403,18-49,2813,48,Sabine County,Texas
48403,5-17,1222,48,Sabine County,Texas
48403,50-64,2438,48,Sabine County,Texas
48403,65+,2977,48,Sabine County,Texas
48405,0-4,316,48,San Augustine County,Texas
48405,18-49,2442,48,San Augustine County,Texas
48405,5-17,1269,48,San Augustine County,Texas
48405,50-64,1726,48,San Augustine County,Texas
48405,65+,2136,48,San Augustine County,Texas
48407,0-4,1441,48,San Jacinto County,Texas
48407,18-49,9760,48,San Jacinto County,Texas
48407,5-17,4608,48,San Jacinto County,Texas
48407,50-64,6260,48,San Jacinto County,Texas
48407,65+,5914,48,San Jacinto County,Texas
48409,0-4,4649,48,San Patricio County,Texas
48409,18-49,28524,48,San Patricio County,Texas
48409,5-17,13429,48,San Patricio County,Texas
48409,50-64,12232,48,San Patricio County,Texas
48409,65+,10685,48,San Patricio County,Texas
48411,0-4,269,48,San Saba County,Texas
48411,18-49,2348,48,San Saba County,Texas
48411,5-17,844,48,San Saba County,Texas
48411,50-64,1038,48,San Saba County,Texas
48411,65+,1303,48,San Saba County,Texas
48413,0-4,191,48,Schleicher County,Texas
48413,18-49,878,48,Schleicher County,Texas
48413,5-17,389,48,Schleicher County,Texas
48413,50-64,450,48,Schleicher County,Texas
48413,65+,518,48,Schleicher County,Texas
48415,0-4,1049,48,Scurry County,Texas
48415,18-49,6856,48,Scurry County,Texas
48415,5-17,3161,48,Scurry County,Texas
48415,50-64,3007,48,Scurry County,Texas
48415,65+,2560,48,Scurry County,Texas
48417,0-4,171,48,Shackelford County,Texas
48417,18-49,1164,48,Shackelford County,Texas
48417,5-17,546,48,Shackelford County,Texas
48417,50-64,647,48,Shackelford County,Texas
48417,65+,641,48,Shackelford County,Texas
48419,0-4,1690,48,Shelby County,Texas
48419,18-49,8958,48,Shelby County,Texas
48419,5-17,4649,48,Shelby County,Texas
48419,50-64,4535,48,Shelby County,Texas
48419,65+,4276,48,Shelby County,Texas
48421,0-4,137,48,Sherman County,Texas
48421,18-49,991,48,Sherman County,Texas
48421,5-17,395,48,Sherman County,Texas
48421,50-64,512,48,Sherman County,Texas
48421,65+,399,48,Sherman County,Texas
48423,0-4,15096,48,Smith County,Texas
48423,18-49,97366,48,Smith County,Texas
48423,5-17,42813,48,Smith County,Texas
48423,50-64,41920,48,Smith County,Texas
48423,65+,40819,48,Smith County,Texas
48425,0-4,438,48,Somervell County,Texas
48425,18-49,3379,48,Somervell County,Texas
48425,5-17,1621,48,Somervell County,Texas
48425,50-64,2211,48,Somervell County,Texas
48425,65+,1861,48,Somervell County,Texas
48427,0-4,6055,48,Starr County,Texas
48427,18-49,27607,48,Starr County,Texas
48427,5-17,15511,48,Starr County,Texas
48427,50-64,9250,48,Starr County,Texas
48427,65+,7386,48,Starr County,Texas
48429,0-4,503,48,Stephens County,Texas
48429,18-49,3671,48,Stephens County,Texas
48429,5-17,1478,48,Stephens County,Texas
48429,50-64,1795,48,Stephens County,Texas
48429,65+,1831,48,Stephens County,Texas
48431,0-4,126,48,Sterling County,Texas
48431,18-49,539,48,Sterling County,Texas
48431,5-17,374,48,Sterling County,Texas
48431,50-64,166,48,Sterling County,Texas
48431,65+,184,48,Sterling County,Texas
48433,0-4,69,48,Stonewall County,Texas
48433,18-49,324,48,Stonewall County,Texas
48433,5-17,265,48,Stonewall County,Texas
48433,50-64,267,48,Stonewall County,Texas
48433,65+,319,48,Stonewall County,Texas
48435,0-4,257,48,Sutton County,Texas
48435,18-49,1300,48,Sutton County,Texas
48435,5-17,644,48,Sutton County,Texas
48435,50-64,578,48,Sutton County,Texas
48435,65+,527,48,Sutton County,Texas
48437,0-4,436,48,Swisher County,Texas
48437,18-49,2899,48,Swisher County,Texas
48437,5-17,1261,48,Swisher County,Texas
48437,50-64,1157,48,Swisher County,Texas
48437,65+,1228,48,Swisher County,Texas
48439,0-4,138478,48,Tarrant County,Texas
48439,18-49,951470,48,Tarrant County,Texas
48439,5-17,409999,48,Tarrant County,Texas
48439,50-64,379323,48,Tarrant County,Texas
48439,65+,256473,48,Tarrant County,Texas
48441,0-4,9902,48,Taylor County,Texas
48441,18-49,65391,48,Taylor County,Texas
48441,5-17,25525,48,Taylor County,Texas
48441,50-64,22144,48,Taylor County,Texas
48441,65+,21297,48,Taylor County,Texas
48443,0-4,6,48,Terrell County,Texas
48443,18-49,152,48,Terrell County,Texas
48443,5-17,114,48,Terrell County,Texas
48443,50-64,263,48,Terrell County,Texas
48443,65+,316,48,Terrell County,Texas
48445,0-4,855,48,Terry County,Texas
48445,18-49,4677,48,Terry County,Texas
48445,5-17,2433,48,Terry County,Texas
48445,50-64,1967,48,Terry County,Texas
48445,65+,1767,48,Terry County,Texas
48447,0-4,119,48,Throckmorton County,Texas
48447,18-49,537,48,Throckmorton County,Texas
48447,5-17,213,48,Throckmorton County,Texas
48447,50-64,330,48,Throckmorton County,Texas
48447,65+,390,48,Throckmorton County,Texas
48449,0-4,2222,48,Titus County,Texas
48449,18-49,12284,48,Titus County,Texas
48449,5-17,6713,48,Titus County,Texas
48449,50-64,5466,48,Titus County,Texas
48449,65+,4599,48,Titus County,Texas
48451,0-4,7491,48,Tom Green County,Texas
48451,18-49,51339,48,Tom Green County,Texas
48451,5-17,21089,48,Tom Green County,Texas
48451,50-64,19739,48,Tom Green County,Texas
48451,65+,19740,48,Tom Green County,Texas
48453,0-4,73947,48,Travis County,Texas
48453,18-49,682809,48,Travis County,Texas
48453,5-17,193720,48,Travis County,Texas
48453,50-64,217246,48,Travis County,Texas
48453,65+,139903,48,Travis County,Texas
48455,0-4,651,48,Trinity County,Texas
48455,18-49,4242,48,Trinity County,Texas
48455,5-17,2058,48,Trinity County,Texas
48455,50-64,3143,48,Trinity County,Texas
48455,65+,3756,48,Trinity County,Texas
48457,0-4,817,48,Tyler County,Texas
48457,18-49,7635,48,Tyler County,Texas
48457,5-17,3090,48,Tyler County,Texas
48457,50-64,4094,48,Tyler County,Texas
48457,65+,4448,48,Tyler County,Texas
48459,0-4,2337,48,Upshur County,Texas
48459,18-49,15672,48,Upshur County,Texas
48459,5-17,7719,48,Upshur County,Texas
48459,50-64,8491,48,Upshur County,Texas
48459,65+,7645,48,Upshur County,Texas
48461,0-4,72,48,Upton County,Texas
48461,18-49,1242,48,Upton County,Texas
48461,5-17,655,48,Upton County,Texas
48461,50-64,659,48,Upton County,Texas
48461,65+,599,48,Upton County,Texas
48463,0-4,1769,48,Uvalde County,Texas
48463,18-49,10542,48,Uvalde County,Texas
48463,5-17,4723,48,Uvalde County,Texas
48463,50-64,3704,48,Uvalde County,Texas
48463,65+,4072,48,Uvalde County,Texas
48465,0-4,3725,48,Val Verde County,Texas
48465,18-49,20641,48,Val Verde County,Texas
48465,5-17,9653,48,Val Verde County,Texas
48465,50-64,6983,48,Val Verde County,Texas
48465,65+,6645,48,Val Verde County,Texas
48467,0-4,3523,48,Van Zandt County,Texas
48467,18-49,22089,48,Van Zandt County,Texas
48467,5-17,10591,48,Van Zandt County,Texas
48467,50-64,12740,48,Van Zandt County,Texas
48467,65+,12380,48,Van Zandt County,Texas
48469,0-4,5996,48,Victoria County,Texas
48469,18-49,37164,48,Victoria County,Texas
48469,5-17,17030,48,Victoria County,Texas
48469,50-64,15861,48,Victoria County,Texas
48469,65+,15230,48,Victoria County,Texas
48471,0-4,3105,48,Walker County,Texas
48471,18-49,42003,48,Walker County,Texas
48471,5-17,8388,48,Walker County,Texas
48471,50-64,14034,48,Walker County,Texas
48471,65+,10762,48,Walker County,Texas
48473,0-4,3662,48,Waller County,Texas
48473,18-49,29339,48,Waller County,Texas
48473,5-17,10464,48,Waller County,Texas
48473,50-64,9198,48,Waller County,Texas
48473,65+,6792,48,Waller County,Texas
48475,0-4,852,48,Ward County,Texas
48475,18-49,4579,48,Ward County,Texas
48475,5-17,2423,48,Ward County,Texas
48475,50-64,1845,48,Ward County,Texas
48475,65+,1556,48,Ward County,Texas
48477,0-4,1886,48,Washington County,Texas
48477,18-49,13030,48,Washington County,Texas
48477,5-17,5898,48,Washington County,Texas
48477,50-64,7291,48,Washington County,Texas
48477,65+,8051,48,Washington County,Texas
48479,0-4,22121,48,Webb County,Texas
48479,18-49,117277,48,Webb County,Texas
48479,5-17,62615,48,Webb County,Texas
48479,50-64,38832,48,Webb County,Texas
48479,65+,26886,48,Webb County,Texas
48481,0-4,2824,48,Wharton County,Texas
48481,18-49,16075,48,Wharton County,Texas
48481,5-17,7825,48,Wharton County,Texas
48481,50-64,7481,48,Wharton County,Texas
48481,65+,7446,48,Wharton County,Texas
48483,0-4,237,48,Wheeler County,Texas
48483,18-49,1693,48,Wheeler County,Texas
48483,5-17,962,48,Wheeler County,Texas
48483,50-64,1000,48,Wheeler County,Texas
48483,65+,1010,48,Wheeler County,Texas
48485,0-4,8056,48,Wichita County,Texas
48485,18-49,58313,48,Wichita County,Texas
48485,5-17,21752,48,Wichita County,Texas
48485,50-64,22135,48,Wichita County,Texas
48485,65+,19586,48,Wichita County,Texas
48487,0-4,943,48,Wilbarger County,Texas
48487,18-49,4983,48,Wilbarger County,Texas
48487,5-17,1916,48,Wilbarger County,Texas
48487,50-64,2466,48,Wilbarger County,Texas
48487,65+,2404,48,Wilbarger County,Texas
48489,0-4,1196,48,Willacy County,Texas
48489,18-49,9492,48,Willacy County,Texas
48489,5-17,3639,48,Willacy County,Texas
48489,50-64,2935,48,Willacy County,Texas
48489,65+,2956,48,Willacy County,Texas
48491,0-4,39013,48,Williamson County,Texas
48491,18-49,296536,48,Williamson County,Texas
48491,5-17,118586,48,Williamson County,Texas
48491,50-64,107491,48,Williamson County,Texas
48491,65+,82263,48,Williamson County,Texas
48493,0-4,2810,48,Wilson County,Texas
48493,18-49,20017,48,Wilson County,Texas
48493,5-17,9308,48,Wilson County,Texas
48493,50-64,10778,48,Wilson County,Texas
48493,65+,8588,48,Wilson County,Texas
48495,0-4,528,48,Winkler County,Texas
48495,18-49,3108,48,Winkler County,Texas
48495,5-17,1616,48,Winkler County,Texas
48495,50-64,1276,48,Winkler County,Texas
48495,65+,1012,48,Winkler County,Texas
48497,0-4,4260,48,Wise County,Texas
48497,18-49,28318,48,Wise County,Texas
48497,5-17,13576,48,Wise County,Texas
48497,50-64,15054,48,Wise County,Texas
48497,65+,11151,48,Wise County,Texas
48499,0-4,2026,48,Wood County,Texas
48499,18-49,14906,48,Wood County,Texas
48499,5-17,6702,48,Wood County,Texas
48499,50-64,9990,48,Wood County,Texas
48499,65+,12470,48,Wood County,Texas
48501,0-4,692,48,Yoakum County,Texas
48501,18-49,2840,48,Yoakum County,Texas
48501,5-17,1767,48,Yoakum County,Texas
48501,50-64,1421,48,Yoakum County,Texas
48501,65+,869,48,Yoakum County,Texas
48503,0-4,1006,48,Young County,Texas
48503,18-49,6661,48,Young County,Texas
48503,5-17,3271,48,Young County,Texas
48503,50-64,3258,48,Young County,Texas
48503,65+,3767,48,Young County,Texas
48505,0-4,1094,48,Zapata County,Texas
48505,18-49,5635,48,Zapata County,Texas
48505,5-17,3369,48,Zapata County,Texas
48505,50-64,1882,48,Zapata County,Texas
48505,65+,1875,48,Zapata County,Texas
48507,0-4,684,48,Zavala County,Texas
48507,18-49,4008,48,Zavala County,Texas
48507,5-17,2126,48,Zavala County,Texas
48507,50-64,1245,48,Zavala County,Texas
48507,65+,1469,48,Zavala County,Texas
49001,0-4,499,49,Beaver County,Utah
49001,18-49,2967,49,Beaver County,Utah
49001,5-17,1647,49,Beaver County,Utah
49001,50-64,1003,49,Beaver County,Utah
49001,65+,1056,49,Beaver County,Utah
49003,0-4,4459,49,Box Elder County,Utah
49003,18-49,24571,49,Box Elder County,Utah
49003,5-17,14009,49,Box Elder County,Utah
49003,50-64,9015,49,Box Elder County,Utah
49003,65+,7671,49,Box Elder County,Utah
49005,0-4,10573,49,Cache County,Utah
49005,18-49,67567,49,Cache County,Utah
49005,5-17,30067,49,Cache County,Utah
49005,50-64,15274,49,Cache County,Utah
49005,65+,13550,49,Cache County,Utah
49007,0-4,1295,49,Carbon County,Utah
49007,18-49,7912,49,Carbon County,Utah
49007,5-17,3965,49,Carbon County,Utah
49007,50-64,3431,49,Carbon County,Utah
49007,65+,3843,49,Carbon County,Utah
49009,0-4,33,49,Daggett County,Utah
49009,18-49,286,49,Daggett County,Utah
49009,5-17,136,49,Daggett County,Utah
49009,50-64,157,49,Daggett County,Utah
49009,65+,135,49,Daggett County,Utah
49011,0-4,26804,49,Davis County,Utah
49011,18-49,162156,49,Davis County,Utah
49011,5-17,86260,49,Davis County,Utah
49011,50-64,52128,49,Davis County,Utah
49011,65+,39394,49,Davis County,Utah
49013,0-4,1597,49,Duchesne County,Utah
49013,18-49,7905,49,Duchesne County,Utah
49013,5-17,4863,49,Duchesne County,Utah
49013,50-64,3024,49,Duchesne County,Utah
49013,65+,2543,49,Duchesne County,Utah
49015,0-4,617,49,Emery County,Utah
49015,18-49,3564,49,Emery County,Utah
49015,5-17,2216,49,Emery County,Utah
49015,50-64,1780,49,Emery County,Utah
49015,65+,1791,49,Emery County,Utah
49017,0-4,284,49,Garfield County,Utah
49017,18-49,1959,49,Garfield County,Utah
49017,5-17,837,49,Garfield County,Utah
49017,50-64,917,49,Garfield County,Utah
49017,65+,1173,49,Garfield County,Utah
49019,0-4,415,49,Grand County,Utah
49019,18-49,4258,49,Grand County,Utah
49019,5-17,1371,49,Grand County,Utah
49019,50-64,1693,49,Grand County,Utah
49019,65+,1960,49,Grand County,Utah
49021,0-4,4015,49,Iron County,Utah
49021,18-49,27204,49,Iron County,Utah
49021,5-17,12635,49,Iron County,Utah
49021,50-64,8288,49,Iron County,Utah
49021,65+,8059,49,Iron County,Utah
49023,0-4,921,49,Juab County,Utah
49023,18-49,4970,49,Juab County,Utah
49023,5-17,3216,49,Juab County,Utah
49023,50-64,1625,49,Juab County,Utah
49023,65+,1541,49,Juab County,Utah
49025,0-4,429,49,Kane County,Utah
49025,18-49,2710,49,Kane County,Utah
49025,5-17,1382,49,Kane County,Utah
49025,50-64,1554,49,Kane County,Utah
49025,65+,1921,49,Kane County,Utah
49027,0-4,958,49,Millard County,Utah
49027,18-49,4854,49,Millard County,Utah
49027,5-17,3179,49,Millard County,Utah
49027,50-64,1935,49,Millard County,Utah
49027,65+,2253,49,Millard County,Utah
49029,0-4,797,49,Morgan County,Utah
49029,18-49,4786,49,Morgan County,Utah
49029,5-17,3488,49,Morgan County,Utah
49029,50-64,1994,49,Morgan County,Utah
49029,65+,1520,49,Morgan County,Utah
49031,0-4,56,49,Piute County,Utah
49031,18-49,618,49,Piute County,Utah
49031,5-17,263,49,Piute County,Utah
49031,50-64,284,49,Piute County,Utah
49031,65+,484,49,Piute County,Utah
49033,0-4,213,49,Rich County,Utah
49033,18-49,742,49,Rich County,Utah
49033,5-17,623,49,Rich County,Utah
49033,50-64,462,49,Rich County,Utah
49033,65+,548,49,Rich County,Utah
49035,0-4,78006,49,Salt Lake County,Utah
49035,18-49,558641,49,Salt Lake County,Utah
49035,5-17,228338,49,Salt Lake County,Utah
49035,50-64,182567,49,Salt Lake County,Utah
49035,65+,137137,49,Salt Lake County,Utah
49037,0-4,872,49,San Juan County,Utah
49037,18-49,5620,49,San Juan County,Utah
49037,5-17,3170,49,San Juan County,Utah
49037,50-64,2462,49,San Juan County,Utah
49037,65+,2342,49,San Juan County,Utah
49039,0-4,1744,49,Sanpete County,Utah
49039,18-49,13400,49,Sanpete County,Utah
49039,5-17,5377,49,Sanpete County,Utah
49039,50-64,4495,49,Sanpete County,Utah
49039,65+,4193,49,Sanpete County,Utah
49041,0-4,1427,49,Sevier County,Utah
49041,18-49,8471,49,Sevier County,Utah
49041,5-17,4776,49,Sevier County,Utah
49041,50-64,3524,49,Sevier County,Utah
49041,65+,3656,49,Sevier County,Utah
49043,0-4,2206,49,Summit County,Utah
49043,18-49,16743,49,Summit County,Utah
49043,5-17,7945,49,Summit County,Utah
49043,50-64,9553,49,Summit County,Utah
49043,65+,6262,49,Summit County,Utah
49045,0-4,5716,49,Tooele County,Utah
49045,18-49,34536,49,Tooele County,Utah
49045,5-17,18446,49,Tooele County,Utah
49045,50-64,11018,49,Tooele County,Utah
49045,65+,6932,49,Tooele County,Utah
49047,0-4,2777,49,Uintah County,Utah
49047,18-49,15194,49,Uintah County,Utah
49047,5-17,8856,49,Uintah County,Utah
49047,50-64,5355,49,Uintah County,Utah
49047,65+,4276,49,Uintah County,Utah
49049,0-4,59337,49,Utah County,Utah
49049,18-49,337022,49,Utah County,Utah
49049,5-17,160594,49,Utah County,Utah
49049,50-64,73455,49,Utah County,Utah
49049,65+,53214,49,Utah County,Utah
49051,0-4,2247,49,Wasatch County,Utah
49051,18-49,14366,49,Wasatch County,Utah
49051,5-17,8342,49,Wasatch County,Utah
49051,50-64,6154,49,Wasatch County,Utah
49051,65+,4699,49,Wasatch County,Utah
49053,0-4,11381,49,Washington County,Utah
49053,18-49,71730,49,Washington County,Utah
49053,5-17,35757,49,Washington County,Utah
49053,50-64,29035,49,Washington County,Utah
49053,65+,41924,49,Washington County,Utah
49055,0-4,165,49,Wayne County,Utah
49055,18-49,883,49,Wayne County,Utah
49055,5-17,435,49,Wayne County,Utah
49055,50-64,484,49,Wayne County,Utah
49055,65+,590,49,Wayne County,Utah
49057,0-4,18303,49,Weber County,Utah
49057,18-49,120101,49,Weber County,Utah
49057,5-17,53793,49,Weber County,Utah
49057,50-64,41625,49,Weber County,Utah
49057,65+,32361,49,Weber County,Utah
50001,0-4,1502,50,Addison County,Vermont
50001,18-49,15163,50,Addison County,Vermont
50001,5-17,4566,50,Addison County,Vermont
50001,50-64,8000,50,Addison County,Vermont
50001,65+,8266,50,Addison County,Vermont
50003,0-4,1652,50,Bennington County,Vermont
50003,18-49,12888,50,Bennington County,Vermont
50003,5-17,5385,50,Bennington County,Vermont
50003,50-64,8522,50,Bennington County,Vermont
50003,65+,8865,50,Bennington County,Vermont
50005,0-4,1284,50,Caledonia County,Vermont
50005,18-49,11136,50,Caledonia County,Vermont
50005,5-17,4475,50,Caledonia County,Vermont
50005,50-64,6690,50,Caledonia County,Vermont
50005,65+,6840,50,Caledonia County,Vermont
50007,0-4,7311,50,Chittenden County,Vermont
50007,18-49,80455,50,Chittenden County,Vermont
50007,5-17,22113,50,Chittenden County,Vermont
50007,50-64,31394,50,Chittenden County,Vermont
50007,65+,27558,50,Chittenden County,Vermont
50009,0-4,250,50,Essex County,Vermont
50009,18-49,1855,50,Essex County,Vermont
50009,5-17,776,50,Essex County,Vermont
50009,50-64,1497,50,Essex County,Vermont
50009,65+,1594,50,Essex County,Vermont
50011,0-4,2795,50,Franklin County,Vermont
50011,18-49,19938,50,Franklin County,Vermont
50011,5-17,8188,50,Franklin County,Vermont
50011,50-64,10761,50,Franklin County,Vermont
50011,65+,8697,50,Franklin County,Vermont
50013,0-4,317,50,Grand Isle County,Vermont
50013,18-49,2537,50,Grand Isle County,Vermont
50013,5-17,950,50,Grand Isle County,Vermont
50013,50-64,1921,50,Grand Isle County,Vermont
50013,65+,1668,50,Grand Isle County,Vermont
50015,0-4,1234,50,Lamoille County,Vermont
50015,18-49,10639,50,Lamoille County,Vermont
50015,5-17,4003,50,Lamoille County,Vermont
50015,50-64,5432,50,Lamoille County,Vermont
50015,65+,4728,50,Lamoille County,Vermont
50017,0-4,1250,50,Orange County,Vermont
50017,18-49,10702,50,Orange County,Vermont
50017,5-17,4076,50,Orange County,Vermont
50017,50-64,6814,50,Orange County,Vermont
50017,65+,6752,50,Orange County,Vermont
50019,0-4,1294,50,Orleans County,Vermont
50019,18-49,9879,50,Orleans County,Vermont
50019,5-17,4051,50,Orleans County,Vermont
50019,50-64,5858,50,Orleans County,Vermont
50019,65+,6410,50,Orleans County,Vermont
50021,0-4,2468,50,Rutland County,Vermont
50021,18-49,21300,50,Rutland County,Vermont
50021,5-17,8141,50,Rutland County,Vermont
50021,50-64,14075,50,Rutland County,Vermont
50021,65+,14500,50,Rutland County,Vermont
50023,0-4,2517,50,Washington County,Vermont
50023,18-49,23322,50,Washington County,Vermont
50023,5-17,8438,50,Washington County,Vermont
50023,50-64,13079,50,Washington County,Vermont
50023,65+,12602,50,Washington County,Vermont
50025,0-4,1775,50,Windham County,Vermont
50025,18-49,16356,50,Windham County,Vermont
50025,5-17,6056,50,Windham County,Vermont
50025,50-64,10401,50,Windham County,Vermont
50025,65+,11325,50,Windham County,Vermont
50027,0-4,2404,50,Windsor County,Vermont
50027,18-49,20219,50,Windsor County,Vermont
50027,5-17,7906,50,Windsor County,Vermont
50027,50-64,13103,50,Windsor County,Vermont
50027,65+,14336,50,Windsor County,Vermont
51001,0-4,1762,51,Accomack County,Virginia
51001,18-49,10640,51,Accomack County,Virginia
51001,5-17,5162,51,Accomack County,Virginia
51001,50-64,7380,51,Accomack County,Virginia
51001,65+,8382,51,Accomack County,Virginia
51003,0-4,5722,51,Albemarle County,Virginia
51003,18-49,47739,51,Albemarle County,Virginia
51003,5-17,16710,51,Albemarle County,Virginia
51003,50-64,20896,51,Albemarle County,Virginia
51003,65+,22616,51,Albemarle County,Virginia
51005,0-4,608,51,Alleghany County,Virginia
51005,18-49,4962,51,Alleghany County,Virginia
51005,5-17,2126,51,Alleghany County,Virginia
51005,50-64,3409,51,Alleghany County,Virginia
51005,65+,3857,51,Alleghany County,Virginia
51007,0-4,758,51,Amelia County,Virginia
51007,18-49,4789,51,Amelia County,Virginia
51007,5-17,2011,51,Amelia County,Virginia
51007,50-64,3011,51,Amelia County,Virginia
51007,65+,2773,51,Amelia County,Virginia
51009,0-4,1614,51,Amherst County,Virginia
51009,18-49,11671,51,Amherst County,Virginia
51009,5-17,4641,51,Amherst County,Virginia
51009,50-64,6746,51,Amherst County,Virginia
51009,65+,6713,51,Amherst County,Virginia
51011,0-4,993,51,Appomattox County,Virginia
51011,18-49,6048,51,Appomattox County,Virginia
51011,5-17,2598,51,Appomattox County,Virginia
51011,50-64,3389,51,Appomattox County,Virginia
51011,65+,3396,51,Appomattox County,Virginia
51013,0-4,12310,51,Arlington County,Virginia
51013,18-49,127303,51,Arlington County,Virginia
51013,5-17,30444,51,Arlington County,Virginia
51013,50-64,38085,51,Arlington County,Virginia
51013,65+,27321,51,Arlington County,Virginia
51015,0-4,3474,51,Augusta County,Virginia
51015,18-49,29040,51,Augusta County,Virginia
51015,5-17,11053,51,Augusta County,Virginia
51015,50-64,17013,51,Augusta County,Virginia
51015,65+,17133,51,Augusta County,Virginia
51017,0-4,180,51,Bath County,Virginia
51017,18-49,1241,51,Bath County,Virginia
51017,5-17,527,51,Bath County,Virginia
51017,50-64,1047,51,Bath County,Virginia
51017,65+,1128,51,Bath County,Virginia
51019,0-4,3547,51,Bedford County,Virginia
51019,18-49,27588,51,Bedford County,Virginia
51019,5-17,12188,51,Bedford County,Virginia
51019,50-64,18707,51,Bedford County,Virginia
51019,65+,18224,51,Bedford County,Virginia
51021,0-4,190,51,Bland County,Virginia
51021,18-49,2457,51,Bland County,Virginia
51021,5-17,689,51,Bland County,Virginia
51021,50-64,1353,51,Bland County,Virginia
51021,65+,1522,51,Bland County,Virginia
51023,0-4,1437,51,Botetourt County,Virginia
51023,18-49,11388,51,Botetourt County,Virginia
51023,5-17,4918,51,Botetourt County,Virginia
51023,50-64,8127,51,Botetourt County,Virginia
51023,65+,8005,51,Botetourt County,Virginia
51025,0-4,651,51,Brunswick County,Virginia
51025,18-49,6610,51,Brunswick County,Virginia
51025,5-17,1828,51,Brunswick County,Virginia
51025,50-64,3305,51,Brunswick County,Virginia
51025,65+,3474,51,Brunswick County,Virginia
51027,0-4,859,51,Buchanan County,Virginia
51027,18-49,7249,51,Buchanan County,Virginia
51027,5-17,2533,51,Buchanan County,Virginia
51027,50-64,4555,51,Buchanan County,Virginia
51027,65+,4661,51,Buchanan County,Virginia
51029,0-4,791,51,Buckingham County,Virginia
51029,18-49,6804,51,Buckingham County,Virginia
51029,5-17,2269,51,Buckingham County,Virginia
51029,50-64,3631,51,Buckingham County,Virginia
51029,65+,3419,51,Buckingham County,Virginia
51031,0-4,2719,51,Campbell County,Virginia
51031,18-49,21329,51,Campbell County,Virginia
51031,5-17,8165,51,Campbell County,Virginia
51031,50-64,11695,51,Campbell County,Virginia
51031,65+,11490,51,Campbell County,Virginia
51033,0-4,1892,51,Caroline County,Virginia
51033,18-49,12661,51,Caroline County,Virginia
51033,5-17,5292,51,Caroline County,Virginia
51033,50-64,6533,51,Caroline County,Virginia
51033,65+,5163,51,Caroline County,Virginia
51035,0-4,1236,51,Carroll County,Virginia
51035,18-49,9742,51,Carroll County,Virginia
51035,5-17,3971,51,Carroll County,Virginia
51035,50-64,6732,51,Carroll County,Virginia
51035,65+,7477,51,Carroll County,Virginia
51036,0-4,249,51,Charles City County,Virginia
51036,18-49,2127,51,Charles City County,Virginia
51036,5-17,724,51,Charles City County,Virginia
51036,50-64,1837,51,Charles City County,Virginia
51036,65+,1749,51,Charles City County,Virginia
51037,0-4,622,51,Charlotte County,Virginia
51037,18-49,3699,51,Charlotte County,Virginia
51037,5-17,1963,51,Charlotte County,Virginia
51037,50-64,2639,51,Charlotte County,Virginia
51037,65+,2552,51,Charlotte County,Virginia
51041,0-4,22036,51,Chesterfield County,Virginia
51041,18-49,152540,51,Chesterfield County,Virginia
51041,5-17,66485,51,Chesterfield County,Virginia
51041,50-64,72155,51,Chesterfield County,Virginia
51041,65+,58394,51,Chesterfield County,Virginia
51043,0-4,553,51,Clarke County,Virginia
51043,18-49,5006,51,Clarke County,Virginia
51043,5-17,2306,51,Clarke County,Virginia
51043,50-64,3910,51,Clarke County,Virginia
51043,65+,3285,51,Clarke County,Virginia
51045,0-4,359,51,Craig County,Virginia
51045,18-49,1440,51,Craig County,Virginia
51045,5-17,864,51,Craig County,Virginia
51045,50-64,1279,51,Craig County,Virginia
51045,65+,939,51,Craig County,Virginia
51047,0-4,3367,51,Culpeper County,Virginia
51047,18-49,20794,51,Culpeper County,Virginia
51047,5-17,10038,51,Culpeper County,Virginia
51047,50-64,10490,51,Culpeper County,Virginia
51047,65+,8874,51,Culpeper County,Virginia
51049,0-4,459,51,Cumberland County,Virginia
51049,18-49,3545,51,Cumberland County,Virginia
51049,5-17,1437,51,Cumberland County,Virginia
51049,50-64,2037,51,Cumberland County,Virginia
51049,65+,2267,51,Cumberland County,Virginia
51051,0-4,621,51,Dickenson County,Virginia
51051,18-49,4963,51,Dickenson County,Virginia
51051,5-17,2065,51,Dickenson County,Virginia
51051,50-64,2899,51,Dickenson County,Virginia
51051,65+,3372,51,Dickenson County,Virginia
51053,0-4,1333,51,Dinwiddie County,Virginia
51053,18-49,10815,51,Dinwiddie County,Virginia
51053,5-17,4322,51,Dinwiddie County,Virginia
51053,50-64,6351,51,Dinwiddie County,Virginia
51053,65+,5262,51,Dinwiddie County,Virginia
51057,0-4,511,51,Essex County,Virginia
51057,18-49,3745,51,Essex County,Virginia
51057,5-17,1394,51,Essex County,Virginia
51057,50-64,2447,51,Essex County,Virginia
51057,65+,2507,51,Essex County,Virginia
51059,0-4,68146,51,Fairfax County,Virginia
51059,18-49,490036,51,Fairfax County,Virginia
51059,5-17,196645,51,Fairfax County,Virginia
51059,50-64,223350,51,Fairfax County,Virginia
51059,65+,166297,51,Fairfax County,Virginia
51061,0-4,4195,51,Fauquier County,Virginia
51061,18-49,27949,51,Fauquier County,Virginia
51061,5-17,13120,51,Fauquier County,Virginia
51061,50-64,16326,51,Fauquier County,Virginia
51061,65+,12345,51,Fauquier County,Virginia
51063,0-4,646,51,Floyd County,Virginia
51063,18-49,5315,51,Floyd County,Virginia
51063,5-17,2239,51,Floyd County,Virginia
51063,50-64,3654,51,Floyd County,Virginia
51063,65+,3706,51,Floyd County,Virginia
51065,0-4,1432,51,Fluvanna County,Virginia
51065,18-49,10636,51,Fluvanna County,Virginia
51065,5-17,4062,51,Fluvanna County,Virginia
51065,50-64,5873,51,Fluvanna County,Virginia
51065,65+,5761,51,Fluvanna County,Virginia
51067,0-4,2674,51,Franklin County,Virginia
51067,18-49,18263,51,Franklin County,Virginia
51067,5-17,7697,51,Franklin County,Virginia
51067,50-64,13007,51,Franklin County,Virginia
51067,65+,13317,51,Franklin County,Virginia
51069,0-4,5235,51,Frederick County,Virginia
51069,18-49,35948,51,Frederick County,Virginia
51069,5-17,16107,51,Frederick County,Virginia
51069,50-64,19050,51,Frederick County,Virginia
51069,65+,17015,51,Frederick County,Virginia
51071,0-4,805,51,Giles County,Virginia
51071,18-49,5879,51,Giles County,Virginia
51071,5-17,2492,51,Giles County,Virginia
51071,50-64,3774,51,Giles County,Virginia
51071,65+,3660,51,Giles County,Virginia
51073,0-4,1845,51,Gloucester County,Virginia
51073,18-49,14168,51,Gloucester County,Virginia
51073,5-17,6018,51,Gloucester County,Virginia
51073,50-64,9222,51,Gloucester County,Virginia
51073,65+,7975,51,Gloucester County,Virginia
51075,0-4,982,51,Goochland County,Virginia
51075,18-49,8746,51,Goochland County,Virginia
51075,5-17,3263,51,Goochland County,Virginia
51075,50-64,6507,51,Goochland County,Virginia
51075,65+,6115,51,Goochland County,Virginia
51077,0-4,592,51,Grayson County,Virginia
51077,18-49,5437,51,Grayson County,Virginia
51077,5-17,1929,51,Grayson County,Virginia
51077,50-64,3431,51,Grayson County,Virginia
51077,65+,3934,51,Grayson County,Virginia
51079,0-4,1275,51,Greene County,Virginia
51079,18-49,7870,51,Greene County,Virginia
51079,5-17,3586,51,Greene County,Virginia
51079,50-64,4228,51,Greene County,Virginia
51079,65+,3891,51,Greene County,Virginia
51081,0-4,439,51,Greensville County,Virginia
51081,18-49,5303,51,Greensville County,Virginia
51081,5-17,1402,51,Greensville County,Virginia
51081,50-64,2334,51,Greensville County,Virginia
51081,65+,1826,51,Greensville County,Virginia
51083,0-4,1748,51,Halifax County,Virginia
51083,18-49,11244,51,Halifax County,Virginia
51083,5-17,5095,51,Halifax County,Virginia
51083,50-64,7174,51,Halifax County,Virginia
51083,65+,8550,51,Halifax County,Virginia
51085,0-4,5508,51,Hanover County,Virginia
51085,18-49,42185,51,Hanover County,Virginia
51085,5-17,18750,51,Hanover County,Virginia
51085,50-64,24266,51,Hanover County,Virginia
51085,65+,20943,51,Hanover County,Virginia
51087,0-4,19429,51,Henrico County,Virginia
51087,18-49,140360,51,Henrico County,Virginia
51087,5-17,54836,51,Henrico County,Virginia
51087,50-64,64498,51,Henrico County,Virginia
51087,65+,55311,51,Henrico County,Virginia
51089,0-4,2244,51,Henry County,Virginia
51089,18-49,16849,51,Henry County,Virginia
51089,5-17,7545,51,Henry County,Virginia
51089,50-64,11431,51,Henry County,Virginia
51089,65+,12296,51,Henry County,Virginia
51091,0-4,60,51,Highland County,Virginia
51091,18-49,607,51,Highland County,Virginia
51091,5-17,254,51,Highland County,Virginia
51091,50-64,568,51,Highland County,Virginia
51091,65+,776,51,Highland County,Virginia
51093,0-4,1923,51,Isle of Wight County,Virginia
51093,18-49,14135,51,Isle of Wight County,Virginia
51093,5-17,6480,51,Isle of Wight County,Virginia
51093,50-64,9161,51,Isle of Wight County,Virginia
51093,65+,7745,51,Isle of Wight County,Virginia
51095,0-4,3876,51,James City County,Virginia
51095,18-49,26872,51,James City County,Virginia
51095,5-17,11848,51,James City County,Virginia
51095,50-64,16347,51,James City County,Virginia
51095,65+,21103,51,James City County,Virginia
51097,0-4,302,51,King and Queen County,Virginia
51097,18-49,2289,51,King and Queen County,Virginia
51097,5-17,888,51,King and Queen County,Virginia
51097,50-64,1621,51,King and Queen County,Virginia
51097,65+,1576,51,King and Queen County,Virginia
51099,0-4,1585,51,King George County,Virginia
51099,18-49,11250,51,King George County,Virginia
51099,5-17,5185,51,King George County,Virginia
51099,50-64,5626,51,King George County,Virginia
51099,65+,3822,51,King George County,Virginia
51101,0-4,1165,51,King William County,Virginia
51101,18-49,7230,51,King William County,Virginia
51101,5-17,3022,51,King William County,Virginia
51101,50-64,3805,51,King William County,Virginia
51101,65+,3010,51,King William County,Virginia
51103,0-4,339,51,Lancaster County,Virginia
51103,18-49,2624,51,Lancaster County,Virginia
51103,5-17,1262,51,Lancaster County,Virginia
51103,50-64,2302,51,Lancaster County,Virginia
51103,65+,4349,51,Lancaster County,Virginia
51105,0-4,971,51,Lee County,Virginia
51105,18-49,8335,51,Lee County,Virginia
51105,5-17,3067,51,Lee County,Virginia
51105,50-64,4692,51,Lee County,Virginia
51105,65+,4977,51,Lee County,Virginia
51107,0-4,27340,51,Loudoun County,Virginia
51107,18-49,187430,51,Loudoun County,Virginia
51107,5-17,88435,51,Loudoun County,Virginia
51107,50-64,79586,51,Loudoun County,Virginia
51107,65+,44291,51,Loudoun County,Virginia
51109,0-4,2055,51,Louisa County,Virginia
51109,18-49,14005,51,Louisa County,Virginia
51109,5-17,5828,51,Louisa County,Virginia
51109,50-64,9159,51,Louisa County,Virginia
51109,65+,7965,51,Louisa County,Virginia
51111,0-4,571,51,Lunenburg County,Virginia
51111,18-49,4319,51,Lunenburg County,Virginia
51111,5-17,1784,51,Lunenburg County,Virginia
51111,50-64,2554,51,Lunenburg County,Virginia
51111,65+,2762,51,Lunenburg County,Virginia
51113,0-4,797,51,Madison County,Virginia
51113,18-49,4832,51,Madison County,Virginia
51113,5-17,1995,51,Madison County,Virginia
51113,50-64,3136,51,Madison County,Virginia
51113,65+,3171,51,Madison County,Virginia
51115,0-4,281,51,Mathews County,Virginia
51115,18-49,2483,51,Mathews County,Virginia
51115,5-17,1048,51,Mathews County,Virginia
51115,50-64,1955,51,Mathews County,Virginia
51115,65+,2750,51,Mathews County,Virginia
51117,0-4,1523,51,Mecklenburg County,Virginia
51117,18-49,9978,51,Mecklenburg County,Virginia
51117,5-17,4110,51,Mecklenburg County,Virginia
51117,50-64,6737,51,Mecklenburg County,Virginia
51117,65+,8083,51,Mecklenburg County,Virginia
51119,0-4,369,51,Middlesex County,Virginia
51119,18-49,2917,51,Middlesex County,Virginia
51119,5-17,1346,51,Middlesex County,Virginia
51119,50-64,2537,51,Middlesex County,Virginia
51119,65+,3605,51,Middlesex County,Virginia
51121,0-4,3796,51,Montgomery County,Virginia
51121,18-49,55696,51,Montgomery County,Virginia
51121,5-17,11371,51,Montgomery County,Virginia
51121,50-64,14713,51,Montgomery County,Virginia
51121,65+,13583,51,Montgomery County,Virginia
51125,0-4,811,51,Nelson County,Virginia
51125,18-49,4546,51,Nelson County,Virginia
51125,5-17,1799,51,Nelson County,Virginia
51125,50-64,3297,51,Nelson County,Virginia
51125,65+,4324,51,Nelson County,Virginia
51127,0-4,1090,51,New Kent County,Virginia
51127,18-49,9585,51,New Kent County,Virginia
51127,5-17,3617,51,New Kent County,Virginia
51127,50-64,5331,51,New Kent County,Virginia
51127,65+,4516,51,New Kent County,Virginia
51131,0-4,495,51,Northampton County,Virginia
51131,18-49,3524,51,Northampton County,Virginia
51131,5-17,1791,51,Northampton County,Virginia
51131,50-64,2855,51,Northampton County,Virginia
51131,65+,3450,51,Northampton County,Virginia
51133,0-4,537,51,Northumberland County,Virginia
51133,18-49,2964,51,Northumberland County,Virginia
51133,5-17,1250,51,Northumberland County,Virginia
51133,50-64,2752,51,Northumberland County,Virginia
51133,65+,4582,51,Northumberland County,Virginia
51135,0-4,798,51,Nottoway County,Virginia
51135,18-49,6449,51,Nottoway County,Virginia
51135,5-17,2197,51,Nottoway County,Virginia
51135,50-64,3269,51,Nottoway County,Virginia
51135,65+,2884,51,Nottoway County,Virginia
51137,0-4,2177,51,Orange County,Virginia
51137,18-49,13756,51,Orange County,Virginia
51137,5-17,5772,51,Orange County,Virginia
51137,50-64,8066,51,Orange County,Virginia
51137,65+,7437,51,Orange County,Virginia
51139,0-4,1184,51,Page County,Virginia
51139,18-49,8456,51,Page County,Virginia
51139,5-17,3535,51,Page County,Virginia
51139,50-64,5401,51,Page County,Virginia
51139,65+,5174,51,Page County,Virginia
51141,0-4,756,51,Patrick County,Virginia
51141,18-49,5497,51,Patrick County,Virginia
51141,5-17,2304,51,Patrick County,Virginia
51141,50-64,4303,51,Patrick County,Virginia
51141,65+,4746,51,Patrick County,Virginia
51143,0-4,2542,51,Pittsylvania County,Virginia
51143,18-49,20796,51,Pittsylvania County,Virginia
51143,5-17,8328,51,Pittsylvania County,Virginia
51143,50-64,14007,51,Pittsylvania County,Virginia
51143,65+,14475,51,Pittsylvania County,Virginia
51145,0-4,1379,51,Powhatan County,Virginia
51145,18-49,12055,51,Powhatan County,Virginia
51145,5-17,4177,51,Powhatan County,Virginia
51145,50-64,7417,51,Powhatan County,Virginia
51145,65+,6046,51,Powhatan County,Virginia
51147,0-4,914,51,Prince Edward County,Virginia
51147,18-49,11597,51,Prince Edward County,Virginia
51147,5-17,2357,51,Prince Edward County,Virginia
51147,50-64,3407,51,Prince Edward County,Virginia
51147,65+,3657,51,Prince Edward County,Virginia
51149,0-4,2079,51,Prince George County,Virginia
51149,18-49,22200,51,Prince George County,Virginia
51149,5-17,6375,51,Prince George County,Virginia
51149,50-64,6695,51,Prince George County,Virginia
51149,65+,5524,51,Prince George County,Virginia
51153,0-4,32949,51,Prince William County,Virginia
51153,18-49,212937,51,Prince William County,Virginia
51153,5-17,96162,51,Prince William County,Virginia
51153,50-64,89874,51,Prince William County,Virginia
51153,65+,52703,51,Prince William County,Virginia
51155,0-4,1536,51,Pulaski County,Virginia
51155,18-49,12283,51,Pulaski County,Virginia
51155,5-17,4497,51,Pulaski County,Virginia
51155,50-64,7799,51,Pulaski County,Virginia
51155,65+,7656,51,Pulaski County,Virginia
51157,0-4,229,51,Rappahannock County,Virginia
51157,18-49,2388,51,Rappahannock County,Virginia
51157,5-17,1078,51,Rappahannock County,Virginia
51157,50-64,1741,51,Rappahannock County,Virginia
51157,65+,1973,51,Rappahannock County,Virginia
51159,0-4,470,51,Richmond County,Virginia
51159,18-49,3552,51,Richmond County,Virginia
51159,5-17,1123,51,Richmond County,Virginia
51159,50-64,2074,51,Richmond County,Virginia
51159,65+,1828,51,Richmond County,Virginia
51161,0-4,4322,51,Roanoke County,Virginia
51161,18-49,36870,51,Roanoke County,Virginia
51161,5-17,14890,51,Roanoke County,Virginia
51161,50-64,19607,51,Roanoke County,Virginia
51161,65+,21104,51,Roanoke County,Virginia
51163,0-4,868,51,Rockbridge County,Virginia
51163,18-49,7392,51,Rockbridge County,Virginia
51163,5-17,3121,51,Rockbridge County,Virginia
51163,50-64,5149,51,Rockbridge County,Virginia
51163,65+,6048,51,Rockbridge County,Virginia
51165,0-4,4777,51,Rockingham County,Virginia
51165,18-49,32534,51,Rockingham County,Virginia
51165,5-17,14001,51,Rockingham County,Virginia
51165,50-64,16635,51,Rockingham County,Virginia
51165,65+,16792,51,Rockingham County,Virginia
51167,0-4,1224,51,Russell County,Virginia
51167,18-49,9118,51,Russell County,Virginia
51167,5-17,3569,51,Russell County,Virginia
51167,50-64,5829,51,Russell County,Virginia
51167,65+,5895,51,Russell County,Virginia
51169,0-4,836,51,Scott County,Virginia
51169,18-49,7520,51,Scott County,Virginia
51169,5-17,3031,51,Scott County,Virginia
51169,50-64,4735,51,Scott County,Virginia
51169,65+,5382,51,Scott County,Virginia
51171,0-4,2510,51,Shenandoah County,Virginia
51171,18-49,15939,51,Shenandoah County,Virginia
51171,5-17,7039,51,Shenandoah County,Virginia
51171,50-64,9373,51,Shenandoah County,Virginia
51171,65+,9769,51,Shenandoah County,Virginia
51173,0-4,1340,51,Smyth County,Virginia
51173,18-49,10665,51,Smyth County,Virginia
51173,5-17,4378,51,Smyth County,Virginia
51173,50-64,6474,51,Smyth County,Virginia
51173,65+,6728,51,Smyth County,Virginia
51175,0-4,821,51,Southampton County,Virginia
51175,18-49,6249,51,Southampton County,Virginia
51175,5-17,2623,51,Southampton County,Virginia
51175,50-64,4444,51,Southampton County,Virginia
51175,65+,3851,51,Southampton County,Virginia
51177,0-4,8462,51,Spotsylvania County,Virginia
51177,18-49,58533,51,Spotsylvania County,Virginia
51177,5-17,26922,51,Spotsylvania County,Virginia
51177,50-64,28640,51,Spotsylvania County,Virginia
51177,65+,21319,51,Spotsylvania County,Virginia
51179,0-4,9849,51,Stafford County,Virginia
51179,18-49,70153,51,Stafford County,Virginia
51179,5-17,32205,51,Stafford County,Virginia
51179,50-64,30488,51,Stafford County,Virginia
51179,65+,17825,51,Stafford County,Virginia
51181,0-4,334,51,Surry County,Virginia
51181,18-49,2096,51,Surry County,Virginia
51181,5-17,777,51,Surry County,Virginia
51181,50-64,1725,51,Surry County,Virginia
51181,65+,1620,51,Surry County,Virginia
51183,0-4,447,51,Sussex County,Virginia
51183,18-49,4824,51,Sussex County,Virginia
51183,5-17,1256,51,Sussex County,Virginia
51183,50-64,2208,51,Sussex County,Virginia
51183,65+,2058,51,Sussex County,Virginia
51185,0-4,1883,51,Tazewell County,Virginia
51185,18-49,14567,51,Tazewell County,Virginia
51185,5-17,6052,51,Tazewell County,Virginia
51185,50-64,8143,51,Tazewell County,Virginia
51185,65+,9288,51,Tazewell County,Virginia
51187,0-4,2152,51,Warren County,Virginia
51187,18-49,16462,51,Warren County,Virginia
51187,5-17,6722,51,Warren County,Virginia
51187,50-64,8903,51,Warren County,Virginia
51187,65+,6865,51,Warren County,Virginia
51191,0-4,2207,51,Washington County,Virginia
51191,18-49,19582,51,Washington County,Virginia
51191,5-17,7133,51,Washington County,Virginia
51191,50-64,11885,51,Washington County,Virginia
51191,65+,13106,51,Washington County,Virginia
51193,0-4,943,51,Westmoreland County,Virginia
51193,18-49,6170,51,Westmoreland County,Virginia
51193,5-17,2464,51,Westmoreland County,Virginia
51193,50-64,4182,51,Westmoreland County,Virginia
51193,65+,4924,51,Westmoreland County,Virginia
51195,0-4,1627,51,Wise County,Virginia
51195,18-49,14583,51,Wise County,Virginia
51195,5-17,5228,51,Wise County,Virginia
51195,50-64,7132,51,Wise County,Virginia
51195,65+,7157,51,Wise County,Virginia
51197,0-4,1437,51,Wythe County,Virginia
51197,18-49,10086,51,Wythe County,Virginia
51197,5-17,4069,51,Wythe County,Virginia
51197,50-64,6426,51,Wythe County,Virginia
51197,65+,6201,51,Wythe County,Virginia
51199,0-4,3665,51,York County,Virginia
51199,18-49,28244,51,York County,Virginia
51199,5-17,12813,51,York County,Virginia
51199,50-64,13682,51,York County,Virginia
51199,65+,12186,51,York County,Virginia
51510,0-4,10541,51,Alexandria city,Virginia
51510,18-49,80679,51,Alexandria city,Virginia
51510,5-17,18171,51,Alexandria city,Virginia
51510,50-64,27677,51,Alexandria city,Virginia
51510,65+,19720,51,Alexandria city,Virginia
51520,0-4,884,51,Bristol city,Virginia
51520,18-49,6382,51,Bristol city,Virginia
51520,5-17,2549,51,Bristol city,Virginia
51520,50-64,3281,51,Bristol city,Virginia
51520,65+,3928,51,Bristol city,Virginia
51530,0-4,330,51,Buena Vista city,Virginia
51530,18-49,2826,51,Buena Vista city,Virginia
51530,5-17,1091,51,Buena Vista city,Virginia
51530,50-64,1152,51,Buena Vista city,Virginia
51530,65+,1213,51,Buena Vista city,Virginia
51540,0-4,2484,51,Charlottesville city,Virginia
51540,18-49,25690,51,Charlottesville city,Virginia
51540,5-17,4935,51,Charlottesville city,Virginia
51540,50-64,6752,51,Charlottesville city,Virginia
51540,65+,6002,51,Charlottesville city,Virginia
51550,0-4,15491,51,Chesapeake city,Virginia
51550,18-49,107114,51,Chesapeake city,Virginia
51550,5-17,45609,51,Chesapeake city,Virginia
51550,50-64,47577,51,Chesapeake city,Virginia
51550,65+,35362,51,Chesapeake city,Virginia
51570,0-4,1103,51,Colonial Heights city,Virginia
51570,18-49,7012,51,Colonial Heights city,Virginia
51570,5-17,3294,51,Colonial Heights city,Virginia
51570,50-64,3467,51,Colonial Heights city,Virginia
51570,65+,3334,51,Colonial Heights city,Virginia
51580,0-4,332,51,Covington city,Virginia
51580,18-49,2064,51,Covington city,Virginia
51580,5-17,959,51,Covington city,Virginia
51580,50-64,1213,51,Covington city,Virginia
51580,65+,1103,51,Covington city,Virginia
51590,0-4,2478,51,Danville city,Virginia
51590,18-49,15708,51,Danville city,Virginia
51590,5-17,6961,51,Danville city,Virginia
51590,50-64,8250,51,Danville city,Virginia
51590,65+,8842,51,Danville city,Virginia
51595,0-4,294,51,Emporia city,Virginia
51595,18-49,2027,51,Emporia city,Virginia
51595,5-17,1228,51,Emporia city,Virginia
51595,50-64,1048,51,Emporia city,Virginia
51595,65+,1036,51,Emporia city,Virginia
51600,0-4,1873,51,Fairfax city,Virginia
51600,18-49,10237,51,Fairfax city,Virginia
51600,5-17,4010,51,Fairfax city,Virginia
51600,50-64,4863,51,Fairfax city,Virginia
51600,65+,3495,51,Fairfax city,Virginia
51610,0-4,694,51,Falls Church city,Virginia
51610,18-49,6030,51,Falls Church city,Virginia
51610,5-17,2834,51,Falls Church city,Virginia
51610,50-64,2889,51,Falls Church city,Virginia
51610,65+,2146,51,Falls Church city,Virginia
51620,0-4,617,51,Franklin city,Virginia
51620,18-49,2730,51,Franklin city,Virginia
51620,5-17,1565,51,Franklin city,Virginia
51620,50-64,1738,51,Franklin city,Virginia
51620,65+,1562,51,Franklin city,Virginia
51630,0-4,1767,51,Fredericksburg city,Virginia
51630,18-49,14543,51,Fredericksburg city,Virginia
51630,5-17,4241,51,Fredericksburg city,Virginia
51630,50-64,4646,51,Fredericksburg city,Virginia
51630,65+,3186,51,Fredericksburg city,Virginia
51640,0-4,535,51,Galax city,Virginia
51640,18-49,2351,51,Galax city,Virginia
51640,5-17,1097,51,Galax city,Virginia
51640,50-64,1384,51,Galax city,Virginia
51640,65+,1331,51,Galax city,Virginia
51650,0-4,8324,51,Hampton city,Virginia
51650,18-49,59948,51,Hampton city,Virginia
51650,5-17,21259,51,Hampton city,Virginia
51650,50-64,25681,51,Hampton city,Virginia
51650,65+,22122,51,Hampton city,Virginia
51660,0-4,2643,51,Harrisonburg city,Virginia
51660,18-49,31371,51,Harrisonburg city,Virginia
51660,5-17,6158,51,Harrisonburg city,Virginia
51660,50-64,6131,51,Harrisonburg city,Virginia
51660,65+,5189,51,Harrisonburg city,Virginia
51670,0-4,1772,51,Hopewell city,Virginia
51670,18-49,9155,51,Hopewell city,Virginia
51670,5-17,4086,51,Hopewell city,Virginia
51670,50-64,4494,51,Hopewell city,Virginia
51670,65+,3437,51,Hopewell city,Virginia
51678,0-4,242,51,Lexington city,Virginia
51678,18-49,4880,51,Lexington city,Virginia
51678,5-17,284,51,Lexington city,Virginia
51678,50-64,800,51,Lexington city,Virginia
51678,65+,1214,51,Lexington city,Virginia
51680,0-4,4742,51,Lynchburg city,Virginia
51680,18-49,41492,51,Lynchburg city,Virginia
51680,5-17,10564,51,Lynchburg city,Virginia
51680,50-64,11217,51,Lynchburg city,Virginia
51680,65+,11240,51,Lynchburg city,Virginia
51683,0-4,3361,51,Manassas city,Virginia
51683,18-49,18963,51,Manassas city,Virginia
51683,5-17,8168,51,Manassas city,Virginia
51683,50-64,7777,51,Manassas city,Virginia
51683,65+,4405,51,Manassas city,Virginia
51685,0-4,991,51,Manassas Park city,Virginia
51685,18-49,8306,51,Manassas Park city,Virginia
51685,5-17,3108,51,Manassas Park city,Virginia
51685,50-64,2891,51,Manassas Park city,Virginia
51685,65+,1627,51,Manassas Park city,Virginia
51690,0-4,663,51,Martinsville city,Virginia
51690,18-49,5063,51,Martinsville city,Virginia
51690,5-17,2911,51,Martinsville city,Virginia
51690,50-64,2629,51,Martinsville city,Virginia
51690,65+,2318,51,Martinsville city,Virginia
51700,0-4,12901,51,Newport News city,Virginia
51700,18-49,85028,51,Newport News city,Virginia
51700,5-17,30153,51,Newport News city,Virginia
51700,50-64,31465,51,Newport News city,Virginia
51700,65+,25227,51,Newport News city,Virginia
51710,0-4,15394,51,Norfolk city,Virginia
51710,18-49,119765,51,Norfolk city,Virginia
51710,5-17,32696,51,Norfolk city,Virginia
51710,50-64,37622,51,Norfolk city,Virginia
51710,65+,29560,51,Norfolk city,Virginia
51720,0-4,132,51,Norton city,Virginia
51720,18-49,1545,51,Norton city,Virginia
51720,5-17,551,51,Norton city,Virginia
51720,50-64,646,51,Norton city,Virginia
51720,65+,746,51,Norton city,Virginia
51730,0-4,2613,51,Petersburg city,Virginia
51730,18-49,13480,51,Petersburg city,Virginia
51730,5-17,5047,51,Petersburg city,Virginia
51730,50-64,6562,51,Petersburg city,Virginia
51730,65+,5663,51,Petersburg city,Virginia
51735,0-4,632,51,Poquoson city,Virginia
51735,18-49,4656,51,Poquoson city,Virginia
51735,5-17,2240,51,Poquoson city,Virginia
51735,50-64,2552,51,Poquoson city,Virginia
51735,65+,2476,51,Poquoson city,Virginia
51740,0-4,6890,51,Portsmouth city,Virginia
51740,18-49,42609,51,Portsmouth city,Virginia
51740,5-17,15674,51,Portsmouth city,Virginia
51740,50-64,17360,51,Portsmouth city,Virginia
51740,65+,14766,51,Portsmouth city,Virginia
51750,0-4,696,51,Radford city,Virginia
51750,18-49,10861,51,Radford city,Virginia
51750,5-17,1342,51,Radford city,Virginia
51750,50-64,2057,51,Radford city,Virginia
51750,65+,1549,51,Radford city,Virginia
51760,0-4,13361,51,Richmond city,Virginia
51760,18-49,117447,51,Richmond city,Virginia
51760,5-17,26702,51,Richmond city,Virginia
51760,50-64,39077,51,Richmond city,Virginia
51760,65+,31008,51,Richmond city,Virginia
51770,0-4,6353,51,Roanoke city,Virginia
51770,18-49,40734,51,Roanoke city,Virginia
51770,5-17,15978,51,Roanoke city,Virginia
51770,50-64,18385,51,Roanoke city,Virginia
51770,65+,17227,51,Roanoke city,Virginia
51775,0-4,1039,51,Salem city,Virginia
51775,18-49,10731,51,Salem city,Virginia
51775,5-17,3795,51,Salem city,Virginia
51775,50-64,4947,51,Salem city,Virginia
51775,65+,4965,51,Salem city,Virginia
51790,0-4,1575,51,Staunton city,Virginia
51790,18-49,10740,51,Staunton city,Virginia
51790,5-17,3362,51,Staunton city,Virginia
51790,50-64,4679,51,Staunton city,Virginia
51790,65+,5409,51,Staunton city,Virginia
51800,0-4,6074,51,Suffolk city,Virginia
51800,18-49,39684,51,Suffolk city,Virginia
51800,5-17,16803,51,Suffolk city,Virginia
51800,50-64,19581,51,Suffolk city,Virginia
51800,65+,14496,51,Suffolk city,Virginia
51810,0-4,27251,51,Virginia Beach city,Virginia
51810,18-49,201008,51,Virginia Beach city,Virginia
51810,5-17,73755,51,Virginia Beach city,Virginia
51810,50-64,84806,51,Virginia Beach city,Virginia
51810,65+,70246,51,Virginia Beach city,Virginia
51820,0-4,1496,51,Waynesboro city,Virginia
51820,18-49,9238,51,Waynesboro city,Virginia
51820,5-17,3595,51,Waynesboro city,Virginia
51820,50-64,4247,51,Waynesboro city,Virginia
51820,65+,3998,51,Waynesboro city,Virginia
51830,0-4,353,51,Williamsburg city,Virginia
51830,18-49,9257,51,Williamsburg city,Virginia
51830,5-17,1275,51,Williamsburg city,Virginia
51830,50-64,2013,51,Williamsburg city,Virginia
51830,65+,2666,51,Williamsburg city,Virginia
51840,0-4,1709,51,Winchester city,Virginia
51840,18-49,11832,51,Winchester city,Virginia
51840,5-17,4567,51,Winchester city,Virginia
51840,50-64,5085,51,Winchester city,Virginia
51840,65+,4788,51,Winchester city,Virginia
53001,0-4,1810,53,Adams County,Washington
53001,18-49,8079,53,Adams County,Washington
53001,5-17,5435,53,Adams County,Washington
53001,50-64,2920,53,Adams County,Washington
53001,65+,2446,53,Adams County,Washington
53003,0-4,1284,53,Asotin County,Washington
53003,18-49,7858,53,Asotin County,Washington
53003,5-17,3109,53,Asotin County,Washington
53003,50-64,4654,53,Asotin County,Washington
53003,65+,5519,53,Asotin County,Washington
53005,0-4,13630,53,Benton County,Washington
53005,18-49,85755,53,Benton County,Washington
53005,5-17,41874,53,Benton County,Washington
53005,50-64,36243,53,Benton County,Washington
53005,65+,32722,53,Benton County,Washington
53007,0-4,4441,53,Chelan County,Washington
53007,18-49,30212,53,Chelan County,Washington
53007,5-17,13676,53,Chelan County,Washington
53007,50-64,14898,53,Chelan County,Washington
53007,65+,16291,53,Chelan County,Washington
53009,0-4,3058,53,Clallam County,Washington
53009,18-49,24561,53,Clallam County,Washington
53009,5-17,9635,53,Clallam County,Washington
53009,50-64,15913,53,Clallam County,Washington
53009,65+,24426,53,Clallam County,Washington
53011,0-4,29132,53,Clark County,Washington
53011,18-49,212888,53,Clark County,Washington
53011,5-17,88964,53,Clark County,Washington
53011,50-64,96520,53,Clark County,Washington
53011,65+,83012,53,Clark County,Washington
53013,0-4,168,53,Columbia County,Washington
53013,18-49,1241,53,Columbia County,Washington
53013,5-17,507,53,Columbia County,Washington
53013,50-64,895,53,Columbia County,Washington
53013,65+,1185,53,Columbia County,Washington
53015,0-4,6401,53,Cowlitz County,Washington
53015,18-49,42692,53,Cowlitz County,Washington
53015,5-17,18841,53,Cowlitz County,Washington
53015,50-64,21843,53,Cowlitz County,Washington
53015,65+,21762,53,Cowlitz County,Washington
53017,0-4,2734,53,Douglas County,Washington
53017,18-49,17139,53,Douglas County,Washington
53017,5-17,8231,53,Douglas County,Washington
53017,50-64,7747,53,Douglas County,Washington
53017,65+,7882,53,Douglas County,Washington
53019,0-4,299,53,Ferry County,Washington
53019,18-49,2147,53,Ferry County,Washington
53019,5-17,938,53,Ferry County,Washington
53019,50-64,1733,53,Ferry County,Washington
53019,65+,2209,53,Ferry County,Washington
53021,0-4,8084,53,Franklin County,Washington
53021,18-49,43673,53,Franklin County,Washington
53021,5-17,22622,53,Franklin County,Washington
53021,50-64,13440,53,Franklin County,Washington
53021,65+,9857,53,Franklin County,Washington
53023,0-4,82,53,Garfield County,Washington
53023,18-49,705,53,Garfield County,Washington
53023,5-17,317,53,Garfield County,Washington
53023,50-64,533,53,Garfield County,Washington
53023,65+,689,53,Garfield County,Washington
53025,0-4,7253,53,Grant County,Washington
53025,18-49,40948,53,Grant County,Washington
53025,5-17,21625,53,Grant County,Washington
53025,50-64,16209,53,Grant County,Washington
53025,65+,14393,53,Grant County,Washington
53027,0-4,3610,53,Grays Harbor County,Washington
53027,18-49,27688,53,Grays Harbor County,Washington
53027,5-17,11663,53,Grays Harbor County,Washington
53027,50-64,15998,53,Grays Harbor County,Washington
53027,65+,17438,53,Grays Harbor County,Washington
53029,0-4,4285,53,Island County,Washington
53029,18-49,32514,53,Island County,Washington
53029,5-17,10975,53,Island County,Washington
53029,50-64,16333,53,Island County,Washington
53029,65+,22640,53,Island County,Washington
53031,0-4,840,53,Jefferson County,Washington
53031,18-49,8681,53,Jefferson County,Washington
53031,5-17,3005,53,Jefferson County,Washington
53031,50-64,7606,53,Jefferson County,Washington
53031,65+,13181,53,Jefferson County,Washington
53033,0-4,120412,53,King County,Washington
53033,18-49,1100075,53,King County,Washington
53033,5-17,326709,53,King County,Washington
53033,50-64,404149,53,King County,Washington
53033,65+,311368,53,King County,Washington
53035,0-4,14671,53,Kitsap County,Washington
53035,18-49,115898,53,Kitsap County,Washington
53035,5-17,40453,53,Kitsap County,Washington
53035,50-64,52694,53,Kitsap County,Washington
53035,65+,52865,53,Kitsap County,Washington
53037,0-4,1921,53,Kittitas County,Washington
53037,18-49,20653,53,Kittitas County,Washington
53037,5-17,5898,53,Kittitas County,Washington
53037,50-64,8573,53,Kittitas County,Washington
53037,65+,7691,53,Kittitas County,Washington
53039,0-4,1046,53,Klickitat County,Washington
53039,18-49,8175,53,Klickitat County,Washington
53039,5-17,3200,53,Klickitat County,Washington
53039,50-64,4913,53,Klickitat County,Washington
53039,65+,5748,53,Klickitat County,Washington
53041,0-4,4732,53,Lewis County,Washington
53041,18-49,30993,53,Lewis County,Washington
53041,5-17,13427,53,Lewis County,Washington
53041,50-64,16994,53,Lewis County,Washington
53041,65+,17779,53,Lewis County,Washington
53043,0-4,586,53,Lincoln County,Washington
53043,18-49,3491,53,Lincoln County,Washington
53043,5-17,1893,53,Lincoln County,Washington
53043,50-64,2390,53,Lincoln County,Washington
53043,65+,2911,53,Lincoln County,Washington
53045,0-4,3384,53,Mason County,Washington
53045,18-49,24048,53,Mason County,Washington
53045,5-17,9725,53,Mason County,Washington
53045,50-64,13929,53,Mason County,Washington
53045,65+,15882,53,Mason County,Washington
53047,0-4,2373,53,Okanogan County,Washington
53047,18-49,15001,53,Okanogan County,Washington
53047,5-17,7164,53,Okanogan County,Washington
53047,50-64,8456,53,Okanogan County,Washington
53047,65+,9817,53,Okanogan County,Washington
53049,0-4,803,53,Pacific County,Washington
53049,18-49,6869,53,Pacific County,Washington
53049,5-17,2805,53,Pacific County,Washington
53049,50-64,5438,53,Pacific County,Washington
53049,65+,7835,53,Pacific County,Washington
53051,0-4,593,53,Pend Oreille County,Washington
53051,18-49,4250,53,Pend Oreille County,Washington
53051,5-17,2069,53,Pend Oreille County,Washington
53051,50-64,3170,53,Pend Oreille County,Washington
53051,65+,3729,53,Pend Oreille County,Washington
53053,0-4,57111,53,Pierce County,Washington
53053,18-49,409556,53,Pierce County,Washington
53053,5-17,157328,53,Pierce County,Washington
53053,50-64,166798,53,Pierce County,Washington
53053,65+,133313,53,Pierce County,Washington
53055,0-4,524,53,San Juan County,Washington
53055,18-49,5278,53,San Juan County,Washington
53055,5-17,1807,53,San Juan County,Washington
53055,50-64,4255,53,San Juan County,Washington
53055,65+,6402,53,San Juan County,Washington
53057,0-4,7068,53,Skagit County,Washington
53057,18-49,49193,53,Skagit County,Washington
53057,5-17,20496,53,Skagit County,Washington
53057,50-64,24840,53,Skagit County,Washington
53057,65+,28810,53,Skagit County,Washington
53059,0-4,483,53,Skamania County,Washington
53059,18-49,4271,53,Skamania County,Washington
53059,5-17,1601,53,Skamania County,Washington
53059,50-64,3049,53,Skamania County,Washington
53059,65+,2872,53,Skamania County,Washington
53061,0-4,50628,53,Snohomish County,Washington
53061,18-49,365373,53,Snohomish County,Washington
53061,5-17,136007,53,Snohomish County,Washington
53061,50-64,162482,53,Snohomish County,Washington
53061,65+,120158,53,Snohomish County,Washington
53063,0-4,30694,53,Spokane County,Washington
53063,18-49,233285,53,Spokane County,Washington
53063,5-17,87731,53,Spokane County,Washington
53063,50-64,100058,53,Spokane County,Washington
53063,65+,92555,53,Spokane County,Washington
53065,0-4,2340,53,Stevens County,Washington
53065,18-49,15278,53,Stevens County,Washington
53065,5-17,7764,53,Stevens County,Washington
53065,50-64,10371,53,Stevens County,Washington
53065,65+,11717,53,Stevens County,Washington
53067,0-4,16139,53,Thurston County,Washington
53067,18-49,125243,53,Thurston County,Washington
53067,5-17,46454,53,Thurston County,Washington
53067,50-64,54480,53,Thurston County,Washington
53067,65+,54324,53,Thurston County,Washington
53069,0-4,170,53,Wahkiakum County,Washington
53069,18-49,1190,53,Wahkiakum County,Washington
53069,5-17,675,53,Wahkiakum County,Washington
53069,50-64,1059,53,Wahkiakum County,Washington
53069,65+,1479,53,Wahkiakum County,Washington
53071,0-4,3084,53,Walla Walla County,Washington
53071,18-49,26428,53,Walla Walla County,Washington
53071,5-17,9801,53,Walla Walla County,Washington
53071,50-64,10716,53,Walla Walla County,Washington
53071,65+,12073,53,Walla Walla County,Washington
53073,0-4,10797,53,Whatcom County,Washington
53073,18-49,103184,53,Whatcom County,Washington
53073,5-17,32322,53,Whatcom County,Washington
53073,50-64,39874,53,Whatcom County,Washington
53073,65+,42255,53,Whatcom County,Washington
53075,0-4,1941,53,Whitman County,Washington
53075,18-49,28346,53,Whitman County,Washington
53075,5-17,5444,53,Whitman County,Washington
53075,50-64,5855,53,Whitman County,Washington
53075,65+,5456,53,Whitman County,Washington
53077,0-4,18822,53,Yakima County,Washington
53077,18-49,104008,53,Yakima County,Washington
53077,5-17,56275,53,Yakima County,Washington
53077,50-64,40878,53,Yakima County,Washington
53077,65+,36622,53,Yakima County,Washington
54001,0-4,736,54,Barbour County,West Virginia
54001,18-49,6077,54,Barbour County,West Virginia
54001,5-17,2374,54,Barbour County,West Virginia
54001,50-64,3053,54,Barbour County,West Virginia
54001,65+,3214,54,Barbour County,West Virginia
54003,0-4,7653,54,Berkeley County,West Virginia
54003,18-49,52815,54,Berkeley County,West Virginia
54003,5-17,21581,54,Berkeley County,West Virginia
54003,50-64,25071,54,Berkeley County,West Virginia
54003,65+,19045,54,Berkeley County,West Virginia
54005,0-4,1048,54,Boone County,West Virginia
54005,18-49,7759,54,Boone County,West Virginia
54005,5-17,3356,54,Boone County,West Virginia
54005,50-64,4543,54,Boone County,West Virginia
54005,65+,4606,54,Boone County,West Virginia
54007,0-4,517,54,Braxton County,West Virginia
54007,18-49,4362,54,Braxton County,West Virginia
54007,5-17,1792,54,Braxton County,West Virginia
54007,50-64,2659,54,Braxton County,West Virginia
54007,65+,3015,54,Braxton County,West Virginia
54009,0-4,920,54,Brooke County,West Virginia
54009,18-49,8090,54,Brooke County,West Virginia
54009,5-17,2893,54,Brooke County,West Virginia
54009,50-64,4754,54,Brooke County,West Virginia
54009,65+,5396,54,Brooke County,West Virginia
54011,0-4,4938,54,Cabell County,West Virginia
54011,18-49,39888,54,Cabell County,West Virginia
54011,5-17,13527,54,Cabell County,West Virginia
54011,50-64,16700,54,Cabell County,West Virginia
54011,65+,18247,54,Cabell County,West Virginia
54013,0-4,259,54,Calhoun County,West Virginia
54013,18-49,1936,54,Calhoun County,West Virginia
54013,5-17,922,54,Calhoun County,West Virginia
54013,50-64,1438,54,Calhoun County,West Virginia
54013,65+,1603,54,Calhoun County,West Virginia
54015,0-4,403,54,Clay County,West Virginia
54015,18-49,2698,54,Clay County,West Virginia
54015,5-17,1349,54,Clay County,West Virginia
54015,50-64,1769,54,Clay County,West Virginia
54015,65+,1727,54,Clay County,West Virginia
54017,0-4,297,54,Doddridge County,West Virginia
54017,18-49,3176,54,Doddridge County,West Virginia
54017,5-17,903,54,Doddridge County,West Virginia
54017,50-64,1751,54,Doddridge County,West Virginia
54017,65+,1640,54,Doddridge County,West Virginia
54019,0-4,1917,54,Fayette County,West Virginia
54019,18-49,14559,54,Fayette County,West Virginia
54019,5-17,6317,54,Fayette County,West Virginia
54019,50-64,8282,54,Fayette County,West Virginia
54019,65+,8912,54,Fayette County,West Virginia
54021,0-4,276,54,Gilmer County,West Virginia
54021,18-49,3445,54,Gilmer County,West Virginia
54021,5-17,890,54,Gilmer County,West Virginia
54021,50-64,1450,54,Gilmer County,West Virginia
54021,65+,1315,54,Gilmer County,West Virginia
54023,0-4,572,54,Grant County,West Virginia
54023,18-49,3740,54,Grant County,West Virginia
54023,5-17,1553,54,Grant County,West Virginia
54023,50-64,2404,54,Grant County,West Virginia
54023,65+,2703,54,Grant County,West Virginia
54025,0-4,1643,54,Greenbrier County,West Virginia
54025,18-49,11384,54,Greenbrier County,West Virginia
54025,5-17,4725,54,Greenbrier County,West Virginia
54025,50-64,7097,54,Greenbrier County,West Virginia
54025,65+,7839,54,Greenbrier County,West Virginia
54027,0-4,1188,54,Hampshire County,West Virginia
54027,18-49,8119,54,Hampshire County,West Virginia
54027,5-17,3081,54,Hampshire County,West Virginia
54027,50-64,5425,54,Hampshire County,West Virginia
54027,65+,5527,54,Hampshire County,West Virginia
54029,0-4,1223,54,Hancock County,West Virginia
54029,18-49,10163,54,Hancock County,West Virginia
54029,5-17,4131,54,Hancock County,West Virginia
54029,50-64,6231,54,Hancock County,West Virginia
54029,65+,6910,54,Hancock County,West Virginia
54031,0-4,652,54,Hardy County,West Virginia
54031,18-49,4955,54,Hardy County,West Virginia
54031,5-17,1993,54,Hardy County,West Virginia
54031,50-64,3326,54,Hardy County,West Virginia
54031,65+,3310,54,Hardy County,West Virginia
54033,0-4,3526,54,Harrison County,West Virginia
54033,18-49,24832,54,Harrison County,West Virginia
54033,5-17,10453,54,Harrison County,West Virginia
54033,50-64,13512,54,Harrison County,West Virginia
54033,65+,13084,54,Harrison County,West Virginia
54035,0-4,1494,54,Jackson County,West Virginia
54035,18-49,9915,54,Jackson County,West Virginia
54035,5-17,4521,54,Jackson County,West Virginia
54035,50-64,6002,54,Jackson County,West Virginia
54035,65+,5821,54,Jackson County,West Virginia
54037,0-4,2934,54,Jefferson County,West Virginia
54037,18-49,23130,54,Jefferson County,West Virginia
54037,5-17,9639,54,Jefferson County,West Virginia
54037,50-64,12912,54,Jefferson County,West Virginia
54037,65+,9931,54,Jefferson County,West Virginia
54039,0-4,8834,54,Kanawha County,West Virginia
54039,18-49,67508,54,Kanawha County,West Virginia
54039,5-17,26773,54,Kanawha County,West Virginia
54039,50-64,36490,54,Kanawha County,West Virginia
54039,65+,38593,54,Kanawha County,West Virginia
54041,0-4,869,54,Lewis County,West Virginia
54041,18-49,6150,54,Lewis County,West Virginia
54041,5-17,2789,54,Lewis County,West Virginia
54041,50-64,3497,54,Lewis County,West Virginia
54041,65+,3503,54,Lewis County,West Virginia
54043,0-4,1059,54,Lincoln County,West Virginia
54043,18-49,7205,54,Lincoln County,West Virginia
54043,5-17,3418,54,Lincoln County,West Virginia
54043,50-64,4349,54,Lincoln County,West Virginia
54043,65+,4139,54,Lincoln County,West Virginia
54045,0-4,1597,54,Logan County,West Virginia
54045,18-49,11898,54,Logan County,West Virginia
54045,5-17,5026,54,Logan County,West Virginia
54045,50-64,6292,54,Logan County,West Virginia
54045,65+,7013,54,Logan County,West Virginia
54047,0-4,780,54,McDowell County,West Virginia
54047,18-49,7228,54,McDowell County,West Virginia
54047,5-17,2638,54,McDowell County,West Virginia
54047,50-64,3783,54,McDowell County,West Virginia
54047,65+,3984,54,McDowell County,West Virginia
54049,0-4,2794,54,Marion County,West Virginia
54049,18-49,23049,54,Marion County,West Virginia
54049,5-17,8400,54,Marion County,West Virginia
54049,50-64,10704,54,Marion County,West Virginia
54049,65+,11095,54,Marion County,West Virginia
54051,0-4,1317,54,Marshall County,West Virginia
54051,18-49,10813,54,Marshall County,West Virginia
54051,5-17,4414,54,Marshall County,West Virginia
54051,50-64,6592,54,Marshall County,West Virginia
54051,65+,6993,54,Marshall County,West Virginia
54053,0-4,1395,54,Mason County,West Virginia
54053,18-49,9162,54,Mason County,West Virginia
54053,5-17,3844,54,Mason County,West Virginia
54053,50-64,5222,54,Mason County,West Virginia
54053,65+,5591,54,Mason County,West Virginia
54055,0-4,3114,54,Mercer County,West Virginia
54055,18-49,21962,54,Mercer County,West Virginia
54055,5-17,9247,54,Mercer County,West Virginia
54055,50-64,11398,54,Mercer County,West Virginia
54055,65+,13341,54,Mercer County,West Virginia
54057,0-4,1317,54,Mineral County,West Virginia
54057,18-49,9912,54,Mineral County,West Virginia
54057,5-17,4048,54,Mineral County,West Virginia
54057,50-64,5582,54,Mineral County,West Virginia
54057,65+,6063,54,Mineral County,West Virginia
54059,0-4,1319,54,Mingo County,West Virginia
54059,18-49,8050,54,Mingo County,West Virginia
54059,5-17,3930,54,Mingo County,West Virginia
54059,50-64,4769,54,Mingo County,West Virginia
54059,65+,4911,54,Mingo County,West Virginia
54061,0-4,4806,54,Monongalia County,West Virginia
54061,18-49,58709,54,Monongalia County,West Virginia
54061,5-17,12427,54,Monongalia County,West Virginia
54061,50-64,16572,54,Monongalia County,West Virginia
54061,65+,14006,54,Monongalia County,West Virginia
54063,0-4,675,54,Monroe County,West Virginia
54063,18-49,4024,54,Monroe County,West Virginia
54063,5-17,1893,54,Monroe County,West Virginia
54063,50-64,2726,54,Monroe County,West Virginia
54063,65+,3083,54,Monroe County,West Virginia
54065,0-4,740,54,Morgan County,West Virginia
54065,18-49,5793,54,Morgan County,West Virginia
54065,5-17,2285,54,Morgan County,West Virginia
54065,50-64,4219,54,Morgan County,West Virginia
54065,65+,4290,54,Morgan County,West Virginia
54067,0-4,1121,54,Nicholas County,West Virginia
54067,18-49,8393,54,Nicholas County,West Virginia
54067,5-17,3927,54,Nicholas County,West Virginia
54067,50-64,5246,54,Nicholas County,West Virginia
54067,65+,5759,54,Nicholas County,West Virginia
54069,0-4,2139,54,Ohio County,West Virginia
54069,18-49,16038,54,Ohio County,West Virginia
54069,5-17,6097,54,Ohio County,West Virginia
54069,50-64,8269,54,Ohio County,West Virginia
54069,65+,9361,54,Ohio County,West Virginia
54071,0-4,296,54,Pendleton County,West Virginia
54071,18-49,1819,54,Pendleton County,West Virginia
54071,5-17,857,54,Pendleton County,West Virginia
54071,50-64,1359,54,Pendleton County,West Virginia
54071,65+,1780,54,Pendleton County,West Virginia
54073,0-4,362,54,Pleasants County,West Virginia
54073,18-49,3004,54,Pleasants County,West Virginia
54073,5-17,1124,54,Pleasants County,West Virginia
54073,50-64,1679,54,Pleasants County,West Virginia
54073,65+,1403,54,Pleasants County,West Virginia
54075,0-4,337,54,Pocahontas County,West Virginia
54075,18-49,2604,54,Pocahontas County,West Virginia
54075,5-17,1017,54,Pocahontas County,West Virginia
54075,50-64,1798,54,Pocahontas County,West Virginia
54075,65+,2099,54,Pocahontas County,West Virginia
54077,0-4,1574,54,Preston County,West Virginia
54077,18-49,14140,54,Preston County,West Virginia
54077,5-17,4564,54,Preston County,West Virginia
54077,50-64,7092,54,Preston County,West Virginia
54077,65+,6834,54,Preston County,West Virginia
54079,0-4,2677,54,Putnam County,West Virginia
54079,18-49,22002,54,Putnam County,West Virginia
54079,5-17,9795,54,Putnam County,West Virginia
54079,50-64,11738,54,Putnam County,West Virginia
54079,65+,11038,54,Putnam County,West Virginia
54081,0-4,3711,54,Raleigh County,West Virginia
54081,18-49,28480,54,Raleigh County,West Virginia
54081,5-17,11851,54,Raleigh County,West Virginia
54081,50-64,13612,54,Raleigh County,West Virginia
54081,65+,16012,54,Raleigh County,West Virginia
54083,0-4,1402,54,Randolph County,West Virginia
54083,18-49,10613,54,Randolph County,West Virginia
54083,5-17,3756,54,Randolph County,West Virginia
54083,50-64,5783,54,Randolph County,West Virginia
54083,65+,6228,54,Randolph County,West Virginia
54085,0-4,401,54,Ritchie County,West Virginia
54085,18-49,2828,54,Ritchie County,West Virginia
54085,5-17,1245,54,Ritchie County,West Virginia
54085,50-64,1945,54,Ritchie County,West Virginia
54085,65+,1953,54,Ritchie County,West Virginia
54087,0-4,640,54,Roane County,West Virginia
54087,18-49,4761,54,Roane County,West Virginia
54087,5-17,2252,54,Roane County,West Virginia
54087,50-64,3067,54,Roane County,West Virginia
54087,65+,3201,54,Roane County,West Virginia
54089,0-4,424,54,Summers County,West Virginia
54089,18-49,3970,54,Summers County,West Virginia
54089,5-17,1473,54,Summers County,West Virginia
54089,50-64,2797,54,Summers County,West Virginia
54089,65+,3169,54,Summers County,West Virginia
54091,0-4,782,54,Taylor County,West Virginia
54091,18-49,6204,54,Taylor County,West Virginia
54091,5-17,2580,54,Taylor County,West Virginia
54091,50-64,3519,54,Taylor County,West Virginia
54091,65+,3458,54,Taylor County,West Virginia
54093,0-4,246,54,Tucker County,West Virginia
54093,18-49,2254,54,Tucker County,West Virginia
54093,5-17,717,54,Tucker County,West Virginia
54093,50-64,1627,54,Tucker County,West Virginia
54093,65+,1854,54,Tucker County,West Virginia
54095,0-4,395,54,Tyler County,West Virginia
54095,18-49,2710,54,Tyler County,West Virginia
54095,5-17,1195,54,Tyler County,West Virginia
54095,50-64,1935,54,Tyler County,West Virginia
54095,65+,1946,54,Tyler County,West Virginia
54097,0-4,1214,54,Upshur County,West Virginia
54097,18-49,8969,54,Upshur County,West Virginia
54097,5-17,3729,54,Upshur County,West Virginia
54097,50-64,4780,54,Upshur County,West Virginia
54097,65+,5066,54,Upshur County,West Virginia
54099,0-4,1928,54,Wayne County,West Virginia
54099,18-49,14051,54,Wayne County,West Virginia
54099,5-17,5987,54,Wayne County,West Virginia
54099,50-64,8137,54,Wayne County,West Virginia
54099,65+,8395,54,Wayne County,West Virginia
54101,0-4,385,54,Webster County,West Virginia
54101,18-49,2770,54,Webster County,West Virginia
54101,5-17,1235,54,Webster County,West Virginia
54101,50-64,1850,54,Webster County,West Virginia
54101,65+,2013,54,Webster County,West Virginia
54103,0-4,819,54,Wetzel County,West Virginia
54103,18-49,4861,54,Wetzel County,West Virginia
54103,5-17,2217,54,Wetzel County,West Virginia
54103,50-64,3099,54,Wetzel County,West Virginia
54103,65+,3237,54,Wetzel County,West Virginia
54105,0-4,243,54,Wirt County,West Virginia
54105,18-49,1742,54,Wirt County,West Virginia
54105,5-17,853,54,Wirt County,West Virginia
54105,50-64,1152,54,Wirt County,West Virginia
54105,65+,1141,54,Wirt County,West Virginia
54107,0-4,4427,54,Wood County,West Virginia
54107,18-49,30863,54,Wood County,West Virginia
54107,5-17,13198,54,Wood County,West Virginia
54107,50-64,17550,54,Wood County,West Virginia
54107,65+,17791,54,Wood County,West Virginia
54109,0-4,973,54,Wyoming County,West Virginia
54109,18-49,7555,54,Wyoming County,West Virginia
54109,5-17,3302,54,Wyoming County,West Virginia
54109,50-64,4317,54,Wyoming County,West Virginia
54109,65+,4801,54,Wyoming County,West Virginia
55001,0-4,632,55,Adams County,Wisconsin
55001,18-49,6146,55,Adams County,Wisconsin
55001,5-17,2268,55,Adams County,Wisconsin
55001,50-64,5279,55,Adams County,Wisconsin
55001,65+,6603,55,Adams County,Wisconsin
55003,0-4,814,55,Ashland County,Wisconsin
55003,18-49,5822,55,Ashland County,Wisconsin
55003,5-17,2562,55,Ashland County,Wisconsin
55003,50-64,3472,55,Ashland County,Wisconsin
55003,65+,3380,55,Ashland County,Wisconsin
55005,0-4,2440,55,Barron County,Wisconsin
55005,18-49,16073,55,Barron County,Wisconsin
55005,5-17,7519,55,Barron County,Wisconsin
55005,50-64,9892,55,Barron County,Wisconsin
55005,65+,10817,55,Barron County,Wisconsin
55007,0-4,660,55,Bayfield County,Wisconsin
55007,18-49,4635,55,Bayfield County,Wisconsin
55007,5-17,2059,55,Bayfield County,Wisconsin
55007,50-64,4078,55,Bayfield County,Wisconsin
55007,65+,4978,55,Bayfield County,Wisconsin
55009,0-4,15823,55,Brown County,Wisconsin
55009,18-49,111752,55,Brown County,Wisconsin
55009,5-17,46929,55,Brown County,Wisconsin
55009,50-64,52129,55,Brown County,Wisconsin
55009,65+,42792,55,Brown County,Wisconsin
55011,0-4,643,55,Buffalo County,Wisconsin
55011,18-49,4532,55,Buffalo County,Wisconsin
55011,5-17,2041,55,Buffalo County,Wisconsin
55011,50-64,3019,55,Buffalo County,Wisconsin
55011,65+,3106,55,Buffalo County,Wisconsin
55013,0-4,597,55,Burnett County,Wisconsin
55013,18-49,4590,55,Burnett County,Wisconsin
55013,5-17,2104,55,Burnett County,Wisconsin
55013,50-64,4216,55,Burnett County,Wisconsin
55013,65+,5234,55,Burnett County,Wisconsin
55015,0-4,2602,55,Calumet County,Wisconsin
55015,18-49,20235,55,Calumet County,Wisconsin
55015,5-17,9367,55,Calumet County,Wisconsin
55015,50-64,11755,55,Calumet County,Wisconsin
55015,65+,8667,55,Calumet County,Wisconsin
55017,0-4,3513,55,Chippewa County,Wisconsin
55017,18-49,25226,55,Chippewa County,Wisconsin
55017,5-17,10913,55,Chippewa County,Wisconsin
55017,50-64,14165,55,Chippewa County,Wisconsin
55017,65+,12741,55,Chippewa County,Wisconsin
55019,0-4,2846,55,Clark County,Wisconsin
55019,18-49,11781,55,Clark County,Wisconsin
55019,5-17,7502,55,Clark County,Wisconsin
55019,50-64,6697,55,Clark County,Wisconsin
55019,65+,5910,55,Clark County,Wisconsin
55021,0-4,2983,55,Columbia County,Wisconsin
55021,18-49,22075,55,Columbia County,Wisconsin
55021,5-17,9148,55,Columbia County,Wisconsin
55021,50-64,12970,55,Columbia County,Wisconsin
55021,65+,11146,55,Columbia County,Wisconsin
55023,0-4,786,55,Crawford County,Wisconsin
55023,18-49,5394,55,Crawford County,Wisconsin
55023,5-17,2338,55,Crawford County,Wisconsin
55023,50-64,3564,55,Crawford County,Wisconsin
55023,65+,3982,55,Crawford County,Wisconsin
55025,0-4,29193,55,Dane County,Wisconsin
55025,18-49,273582,55,Dane County,Wisconsin
55025,5-17,83715,55,Dane County,Wisconsin
55025,50-64,95257,55,Dane County,Wisconsin
55025,65+,83030,55,Dane County,Wisconsin
55027,0-4,4052,55,Dodge County,Wisconsin
55027,18-49,34766,55,Dodge County,Wisconsin
55027,5-17,13444,55,Dodge County,Wisconsin
55027,50-64,20158,55,Dodge County,Wisconsin
55027,65+,16398,55,Dodge County,Wisconsin
55029,0-4,1190,55,Door County,Wisconsin
55029,18-49,8939,55,Door County,Wisconsin
55029,5-17,3661,55,Door County,Wisconsin
55029,50-64,6950,55,Door County,Wisconsin
55029,65+,9539,55,Door County,Wisconsin
55031,0-4,1992,55,Douglas County,Wisconsin
55031,18-49,17277,55,Douglas County,Wisconsin
55031,5-17,6539,55,Douglas County,Wisconsin
55031,50-64,9526,55,Douglas County,Wisconsin
55031,65+,8863,55,Douglas County,Wisconsin
55033,0-4,2152,55,Dunn County,Wisconsin
55033,18-49,20941,55,Dunn County,Wisconsin
55033,5-17,6684,55,Dunn County,Wisconsin
55033,50-64,8144,55,Dunn County,Wisconsin
55033,65+,7428,55,Dunn County,Wisconsin
55035,0-4,5440,55,Eau Claire County,Wisconsin
55035,18-49,49246,55,Eau Claire County,Wisconsin
55035,5-17,15879,55,Eau Claire County,Wisconsin
55035,50-64,18129,55,Eau Claire County,Wisconsin
55035,65+,17634,55,Eau Claire County,Wisconsin
55037,0-4,174,55,Florence County,Wisconsin
55037,18-49,1264,55,Florence County,Wisconsin
55037,5-17,552,55,Florence County,Wisconsin
55037,50-64,1316,55,Florence County,Wisconsin
55037,65+,1311,55,Florence County,Wisconsin
55039,0-4,5335,55,Fond du Lac County,Wisconsin
55039,18-49,39988,55,Fond du Lac County,Wisconsin
55039,5-17,16850,55,Fond du Lac County,Wisconsin
55039,50-64,21793,55,Fond du Lac County,Wisconsin
55039,65+,20087,55,Fond du Lac County,Wisconsin
55041,0-4,478,55,Forest County,Wisconsin
55041,18-49,2955,55,Forest County,Wisconsin
55041,5-17,1291,55,Forest County,Wisconsin
55041,50-64,2221,55,Forest County,Wisconsin
55041,65+,2316,55,Forest County,Wisconsin
55043,0-4,2960,55,Grant County,Wisconsin
55043,18-49,22010,55,Grant County,Wisconsin
55043,5-17,7999,55,Grant County,Wisconsin
55043,50-64,9429,55,Grant County,Wisconsin
55043,65+,9280,55,Grant County,Wisconsin
55045,0-4,1895,55,Green County,Wisconsin
55045,18-49,13312,55,Green County,Wisconsin
55045,5-17,6204,55,Green County,Wisconsin
55045,50-64,8277,55,Green County,Wisconsin
55045,65+,7348,55,Green County,Wisconsin
55047,0-4,1080,55,Green Lake County,Wisconsin
55047,18-49,6354,55,Green Lake County,Wisconsin
55047,5-17,3078,55,Green Lake County,Wisconsin
55047,50-64,4257,55,Green Lake County,Wisconsin
55047,65+,4396,55,Green Lake County,Wisconsin
55049,0-4,1274,55,Iowa County,Wisconsin
55049,18-49,8443,55,Iowa County,Wisconsin
55049,5-17,3938,55,Iowa County,Wisconsin
55049,50-64,5439,55,Iowa County,Wisconsin
55049,65+,4738,55,Iowa County,Wisconsin
55051,0-4,221,55,Iron County,Wisconsin
55051,18-49,1719,55,Iron County,Wisconsin
55051,5-17,727,55,Iron County,Wisconsin
55051,50-64,1522,55,Iron County,Wisconsin
55051,65+,1975,55,Iron County,Wisconsin
55053,0-4,1189,55,Jackson County,Wisconsin
55053,18-49,7709,55,Jackson County,Wisconsin
55053,5-17,3335,55,Jackson County,Wisconsin
55053,50-64,4564,55,Jackson County,Wisconsin
55053,65+,4174,55,Jackson County,Wisconsin
55055,0-4,4104,55,Jefferson County,Wisconsin
55055,18-49,34722,55,Jefferson County,Wisconsin
55055,5-17,13190,55,Jefferson County,Wisconsin
55055,50-64,18415,55,Jefferson County,Wisconsin
55055,65+,15436,55,Jefferson County,Wisconsin
55057,0-4,1301,55,Juneau County,Wisconsin
55057,18-49,9483,55,Juneau County,Wisconsin
55057,5-17,3925,55,Juneau County,Wisconsin
55057,50-64,6283,55,Juneau County,Wisconsin
55057,65+,5703,55,Juneau County,Wisconsin
55059,0-4,9088,55,Kenosha County,Wisconsin
55059,18-49,69674,55,Kenosha County,Wisconsin
55059,5-17,28108,55,Kenosha County,Wisconsin
55059,50-64,35803,55,Kenosha County,Wisconsin
55059,65+,25740,55,Kenosha County,Wisconsin
55061,0-4,1038,55,Kewaunee County,Wisconsin
55061,18-49,7321,55,Kewaunee County,Wisconsin
55061,5-17,3305,55,Kewaunee County,Wisconsin
55061,50-64,4516,55,Kewaunee County,Wisconsin
55061,65+,4441,55,Kewaunee County,Wisconsin
55063,0-4,5782,55,La Crosse County,Wisconsin
55063,18-49,54096,55,La Crosse County,Wisconsin
55063,5-17,17810,55,La Crosse County,Wisconsin
55063,50-64,21605,55,La Crosse County,Wisconsin
55063,65+,20969,55,La Crosse County,Wisconsin
55065,0-4,1145,55,Lafayette County,Wisconsin
55065,18-49,5834,55,Lafayette County,Wisconsin
55065,5-17,3024,55,Lafayette County,Wisconsin
55065,50-64,3463,55,Lafayette County,Wisconsin
55065,65+,3322,55,Lafayette County,Wisconsin
55067,0-4,1037,55,Langlade County,Wisconsin
55067,18-49,6176,55,Langlade County,Wisconsin
55067,5-17,2718,55,Langlade County,Wisconsin
55067,50-64,4656,55,Langlade County,Wisconsin
55067,65+,4886,55,Langlade County,Wisconsin
55069,0-4,1421,55,Lincoln County,Wisconsin
55069,18-49,9436,55,Lincoln County,Wisconsin
55069,5-17,3699,55,Lincoln County,Wisconsin
55069,50-64,7307,55,Lincoln County,Wisconsin
55069,65+,6540,55,Lincoln County,Wisconsin
55071,0-4,4066,55,Manitowoc County,Wisconsin
55071,18-49,28437,55,Manitowoc County,Wisconsin
55071,5-17,12626,55,Manitowoc County,Wisconsin
55071,50-64,18514,55,Manitowoc County,Wisconsin
55071,65+,17671,55,Manitowoc County,Wisconsin
55073,0-4,7770,55,Marathon County,Wisconsin
55073,18-49,52393,55,Marathon County,Wisconsin
55073,5-17,23535,55,Marathon County,Wisconsin
55073,50-64,28632,55,Marathon County,Wisconsin
55073,65+,25737,55,Marathon County,Wisconsin
55075,0-4,1927,55,Marinette County,Wisconsin
55075,18-49,13543,55,Marinette County,Wisconsin
55075,5-17,6041,55,Marinette County,Wisconsin
55075,50-64,10078,55,Marinette County,Wisconsin
55075,65+,10318,55,Marinette County,Wisconsin
55077,0-4,698,55,Marquette County,Wisconsin
55077,18-49,4786,55,Marquette County,Wisconsin
55077,5-17,2288,55,Marquette County,Wisconsin
55077,50-64,3859,55,Marquette County,Wisconsin
55077,65+,4075,55,Marquette County,Wisconsin
55078,0-4,341,55,Menominee County,Wisconsin
55078,18-49,1413,55,Menominee County,Wisconsin
55078,5-17,966,55,Menominee County,Wisconsin
55078,50-64,874,55,Menominee County,Wisconsin
55078,65+,662,55,Menominee County,Wisconsin
55079,0-4,60703,55,Milwaukee County,Wisconsin
55079,18-49,411525,55,Milwaukee County,Wisconsin
55079,5-17,160847,55,Milwaukee County,Wisconsin
55079,50-64,161103,55,Milwaukee County,Wisconsin
55079,65+,133478,55,Milwaukee County,Wisconsin
55081,0-4,2896,55,Monroe County,Wisconsin
55081,18-49,16902,55,Monroe County,Wisconsin
55081,5-17,8846,55,Monroe County,Wisconsin
55081,50-64,9390,55,Monroe County,Wisconsin
55081,65+,8135,55,Monroe County,Wisconsin
55083,0-4,1918,55,Oconto County,Wisconsin
55083,18-49,13113,55,Oconto County,Wisconsin
55083,5-17,5923,55,Oconto County,Wisconsin
55083,50-64,9714,55,Oconto County,Wisconsin
55083,65+,8661,55,Oconto County,Wisconsin
55085,0-4,1558,55,Oneida County,Wisconsin
55085,18-49,11476,55,Oneida County,Wisconsin
55085,5-17,4892,55,Oneida County,Wisconsin
55085,50-64,9633,55,Oneida County,Wisconsin
55085,65+,10448,55,Oneida County,Wisconsin
55087,0-4,11221,55,Outagamie County,Wisconsin
55087,18-49,78057,55,Outagamie County,Wisconsin
55087,5-17,33202,55,Outagamie County,Wisconsin
55087,50-64,38301,55,Outagamie County,Wisconsin
55087,65+,30756,55,Outagamie County,Wisconsin
55089,0-4,4672,55,Ozaukee County,Wisconsin
55089,18-49,33462,55,Ozaukee County,Wisconsin
55089,5-17,14802,55,Ozaukee County,Wisconsin
55089,50-64,19986,55,Ozaukee County,Wisconsin
55089,65+,19423,55,Ozaukee County,Wisconsin
55091,0-4,401,55,Pepin County,Wisconsin
55091,18-49,2363,55,Pepin County,Wisconsin
55091,5-17,1223,55,Pepin County,Wisconsin
55091,50-64,1625,55,Pepin County,Wisconsin
55091,65+,1760,55,Pepin County,Wisconsin
55093,0-4,2099,55,Pierce County,Wisconsin
55093,18-49,18332,55,Pierce County,Wisconsin
55093,5-17,6579,55,Pierce County,Wisconsin
55093,50-64,8516,55,Pierce County,Wisconsin
55093,65+,6825,55,Pierce County,Wisconsin
55095,0-4,2079,55,Polk County,Wisconsin
55095,18-49,15502,55,Polk County,Wisconsin
55095,5-17,7064,55,Polk County,Wisconsin
55095,50-64,10747,55,Polk County,Wisconsin
55095,65+,9935,55,Polk County,Wisconsin
55097,0-4,3234,55,Portage County,Wisconsin
55097,18-49,31007,55,Portage County,Wisconsin
55097,5-17,10169,55,Portage County,Wisconsin
55097,50-64,13409,55,Portage County,Wisconsin
55097,65+,12556,55,Portage County,Wisconsin
55099,0-4,570,55,Price County,Wisconsin
55099,18-49,4039,55,Price County,Wisconsin
55099,5-17,1944,55,Price County,Wisconsin
55099,50-64,3608,55,Price County,Wisconsin
55099,65+,3916,55,Price County,Wisconsin
55101,0-4,11282,55,Racine County,Wisconsin
55101,18-49,75379,55,Racine County,Wisconsin
55101,5-17,33860,55,Racine County,Wisconsin
55101,50-64,41610,55,Racine County,Wisconsin
55101,65+,34757,55,Racine County,Wisconsin
55103,0-4,848,55,Richland County,Wisconsin
55103,18-49,5703,55,Richland County,Wisconsin
55103,5-17,2822,55,Richland County,Wisconsin
55103,50-64,3657,55,Richland County,Wisconsin
55103,65+,4199,55,Richland County,Wisconsin
55105,0-4,9371,55,Rock County,Wisconsin
55105,18-49,64454,55,Rock County,Wisconsin
55105,5-17,27801,55,Rock County,Wisconsin
55105,50-64,33922,55,Rock County,Wisconsin
55105,65+,28396,55,Rock County,Wisconsin
55107,0-4,707,55,Rusk County,Wisconsin
55107,18-49,4420,55,Rusk County,Wisconsin
55107,5-17,2144,55,Rusk County,Wisconsin
55107,50-64,3286,55,Rusk County,Wisconsin
55107,65+,3589,55,Rusk County,Wisconsin
55109,0-4,5425,55,St. Croix County,Wisconsin
55109,18-49,37207,55,St. Croix County,Wisconsin
55109,5-17,17457,55,St. Croix County,Wisconsin
55109,50-64,20199,55,St. Croix County,Wisconsin
55109,65+,14531,55,St. Croix County,Wisconsin
55111,0-4,3690,55,Sauk County,Wisconsin
55111,18-49,24567,55,Sauk County,Wisconsin
55111,5-17,11129,55,Sauk County,Wisconsin
55111,50-64,13658,55,Sauk County,Wisconsin
55111,65+,12715,55,Sauk County,Wisconsin
55113,0-4,802,55,Sawyer County,Wisconsin
55113,18-49,5365,55,Sawyer County,Wisconsin
55113,5-17,2517,55,Sawyer County,Wisconsin
55113,50-64,4493,55,Sawyer County,Wisconsin
55113,65+,5066,55,Sawyer County,Wisconsin
55115,0-4,2176,55,Shawano County,Wisconsin
55115,18-49,13879,55,Shawano County,Wisconsin
55115,5-17,6529,55,Shawano County,Wisconsin
55115,50-64,9404,55,Shawano County,Wisconsin
55115,65+,8939,55,Shawano County,Wisconsin
55117,0-4,6202,55,Sheboygan County,Wisconsin
55117,18-49,44894,55,Sheboygan County,Wisconsin
55117,5-17,19429,55,Sheboygan County,Wisconsin
55117,50-64,24748,55,Sheboygan County,Wisconsin
55117,65+,22510,55,Sheboygan County,Wisconsin
55119,0-4,1090,55,Taylor County,Wisconsin
55119,18-49,6627,55,Taylor County,Wisconsin
55119,5-17,3555,55,Taylor County,Wisconsin
55119,50-64,4571,55,Taylor County,Wisconsin
55119,65+,4129,55,Taylor County,Wisconsin
55121,0-4,2274,55,Trempealeau County,Wisconsin
55121,18-49,10700,55,Trempealeau County,Wisconsin
55121,5-17,5931,55,Trempealeau County,Wisconsin
55121,50-64,6254,55,Trempealeau County,Wisconsin
55121,65+,5627,55,Trempealeau County,Wisconsin
55123,0-4,2102,55,Vernon County,Wisconsin
55123,18-49,10066,55,Vernon County,Wisconsin
55123,5-17,5970,55,Vernon County,Wisconsin
55123,50-64,6388,55,Vernon County,Wisconsin
55123,65+,6389,55,Vernon County,Wisconsin
55125,0-4,933,55,Vilas County,Wisconsin
55125,18-49,6146,55,Vilas County,Wisconsin
55125,5-17,2924,55,Vilas County,Wisconsin
55125,50-64,6108,55,Vilas County,Wisconsin
55125,65+,7299,55,Vilas County,Wisconsin
55127,0-4,4787,55,Walworth County,Wisconsin
55127,18-49,41952,55,Walworth County,Wisconsin
55127,5-17,16170,55,Walworth County,Wisconsin
55127,50-64,22264,55,Walworth County,Wisconsin
55127,65+,20274,55,Walworth County,Wisconsin
55129,0-4,640,55,Washburn County,Wisconsin
55129,18-49,4837,55,Washburn County,Wisconsin
55129,5-17,2436,55,Washburn County,Wisconsin
55129,50-64,4218,55,Washburn County,Wisconsin
55129,65+,4618,55,Washburn County,Wisconsin
55131,0-4,6710,55,Washington County,Wisconsin
55131,18-49,49990,55,Washington County,Wisconsin
55131,5-17,22543,55,Washington County,Wisconsin
55131,50-64,31734,55,Washington County,Wisconsin
55131,65+,26343,55,Washington County,Wisconsin
55133,0-4,20731,55,Waukesha County,Wisconsin
55133,18-49,151355,55,Waukesha County,Wisconsin
55133,5-17,66023,55,Waukesha County,Wisconsin
55133,50-64,89658,55,Waukesha County,Wisconsin
55133,65+,81273,55,Waukesha County,Wisconsin
55135,0-4,2625,55,Waupaca County,Wisconsin
55135,18-49,18262,55,Waupaca County,Wisconsin
55135,5-17,7848,55,Waupaca County,Wisconsin
55135,50-64,12162,55,Waupaca County,Wisconsin
55135,65+,10817,55,Waupaca County,Wisconsin
55137,0-4,1071,55,Waushara County,Wisconsin
55137,18-49,7944,55,Waushara County,Wisconsin
55137,5-17,3394,55,Waushara County,Wisconsin
55137,50-64,6040,55,Waushara County,Wisconsin
55137,65+,6303,55,Waushara County,Wisconsin
55139,0-4,8939,55,Winnebago County,Wisconsin
55139,18-49,73719,55,Winnebago County,Wisconsin
55139,5-17,26043,55,Winnebago County,Wisconsin
55139,50-64,33423,55,Winnebago County,Wisconsin
55139,65+,29233,55,Winnebago County,Wisconsin
55141,0-4,4013,55,Wood County,Wisconsin
55141,18-49,26101,55,Wood County,Wisconsin
55141,5-17,11962,55,Wood County,Wisconsin
55141,50-64,16115,55,Wood County,Wisconsin
55141,65+,15848,55,Wood County,Wisconsin
56001,0-4,1526,56,Albany County,Wyoming
56001,18-49,22059,56,Albany County,Wyoming
56001,5-17,4359,56,Albany County,Wyoming
56001,50-64,4838,56,Albany County,Wyoming
56001,65+,4931,56,Albany County,Wyoming
56003,0-4,623,56,Big Horn County,Wyoming
56003,18-49,4056,56,Big Horn County,Wyoming
56003,5-17,2258,56,Big Horn County,Wyoming
56003,50-64,2272,56,Big Horn County,Wyoming
56003,65+,2528,56,Big Horn County,Wyoming
56005,0-4,3068,56,Campbell County,Wyoming
56005,18-49,19849,56,Campbell County,Wyoming
56005,5-17,9653,56,Campbell County,Wyoming
56005,50-64,8710,56,Campbell County,Wyoming
56005,65+,5738,56,Campbell County,Wyoming
56007,0-4,827,56,Carbon County,Wyoming
56007,18-49,5757,56,Carbon County,Wyoming
56007,5-17,2504,56,Carbon County,Wyoming
56007,50-64,2700,56,Carbon County,Wyoming
56007,65+,2761,56,Carbon County,Wyoming
56009,0-4,884,56,Converse County,Wyoming
56009,18-49,5234,56,Converse County,Wyoming
56009,5-17,2484,56,Converse County,Wyoming
56009,50-64,2682,56,Converse County,Wyoming
56009,65+,2475,56,Converse County,Wyoming
56011,0-4,476,56,Crook County,Wyoming
56011,18-49,2283,56,Crook County,Wyoming
56011,5-17,1310,56,Crook County,Wyoming
56011,50-64,1636,56,Crook County,Wyoming
56011,65+,1634,56,Crook County,Wyoming
56013,0-4,2344,56,Fremont County,Wyoming
56013,18-49,14565,56,Fremont County,Wyoming
56013,5-17,7377,56,Fremont County,Wyoming
56013,50-64,7431,56,Fremont County,Wyoming
56013,65+,7755,56,Fremont County,Wyoming
56015,0-4,767,56,Goshen County,Wyoming
56015,18-49,4711,56,Goshen County,Wyoming
56015,5-17,1696,56,Goshen County,Wyoming
56015,50-64,2465,56,Goshen County,Wyoming
56015,65+,2948,56,Goshen County,Wyoming
56017,0-4,261,56,Hot Springs County,Wyoming
56017,18-49,1542,56,Hot Springs County,Wyoming
56017,5-17,738,56,Hot Springs County,Wyoming
56017,50-64,847,56,Hot Springs County,Wyoming
56017,65+,1230,56,Hot Springs County,Wyoming
56019,0-4,386,56,Johnson County,Wyoming
56019,18-49,2935,56,Johnson County,Wyoming
56019,5-17,1302,56,Johnson County,Wyoming
56019,50-64,1686,56,Johnson County,Wyoming
56019,65+,2293,56,Johnson County,Wyoming
56021,0-4,5854,56,Laramie County,Wyoming
56021,18-49,42014,56,Laramie County,Wyoming
56021,5-17,17016,56,Laramie County,Wyoming
56021,50-64,18771,56,Laramie County,Wyoming
56021,65+,17006,56,Laramie County,Wyoming
56023,0-4,1171,56,Lincoln County,Wyoming
56023,18-49,7185,56,Lincoln County,Wyoming
56023,5-17,4035,56,Lincoln County,Wyoming
56023,50-64,4022,56,Lincoln County,Wyoming
56023,65+,3745,56,Lincoln County,Wyoming
56025,0-4,4662,56,Natrona County,Wyoming
56025,18-49,32774,56,Natrona County,Wyoming
56025,5-17,14374,56,Natrona County,Wyoming
56025,50-64,14845,56,Natrona County,Wyoming
56025,65+,13080,56,Natrona County,Wyoming
56027,0-4,57,56,Niobrara County,Wyoming
56027,18-49,855,56,Niobrara County,Wyoming
56027,5-17,298,56,Niobrara County,Wyoming
56027,50-64,490,56,Niobrara County,Wyoming
56027,65+,715,56,Niobrara County,Wyoming
56029,0-4,1545,56,Park County,Wyoming
56029,18-49,10417,56,Park County,Wyoming
56029,5-17,4715,56,Park County,Wyoming
56029,50-64,5938,56,Park County,Wyoming
56029,65+,7494,56,Park County,Wyoming
56031,0-4,375,56,Platte County,Wyoming
56031,18-49,2806,56,Platte County,Wyoming
56031,5-17,1355,56,Platte County,Wyoming
56031,50-64,1819,56,Platte County,Wyoming
56031,65+,2251,56,Platte County,Wyoming
56033,0-4,1490,56,Sheridan County,Wyoming
56033,18-49,11615,56,Sheridan County,Wyoming
56033,5-17,5307,56,Sheridan County,Wyoming
56033,50-64,6199,56,Sheridan County,Wyoming
56033,65+,6974,56,Sheridan County,Wyoming
56035,0-4,423,56,Sublette County,Wyoming
56035,18-49,3102,56,Sublette County,Wyoming
56035,5-17,1525,56,Sublette County,Wyoming
56035,50-64,1687,56,Sublette County,Wyoming
56035,65+,2069,56,Sublette County,Wyoming
56037,0-4,2361,56,Sweetwater County,Wyoming
56037,18-49,17937,56,Sweetwater County,Wyoming
56037,5-17,8202,56,Sweetwater County,Wyoming
56037,50-64,7384,56,Sweetwater County,Wyoming
56037,65+,5902,56,Sweetwater County,Wyoming
56039,0-4,959,56,Teton County,Wyoming
56039,18-49,10958,56,Teton County,Wyoming
56039,5-17,3090,56,Teton County,Wyoming
56039,50-64,4264,56,Teton County,Wyoming
56039,65+,4087,56,Teton County,Wyoming
56041,0-4,1269,56,Uinta County,Wyoming
56041,18-49,7928,56,Uinta County,Wyoming
56041,5-17,4451,56,Uinta County,Wyoming
56041,50-64,3534,56,Uinta County,Wyoming
56041,65+,3423,56,Uinta County,Wyoming
56043,0-4,321,56,Washakie County,Wyoming
56043,18-49,2704,56,Washakie County,Wyoming
56043,5-17,1343,56,Washakie County,Wyoming
56043,50-64,1524,56,Washakie County,Wyoming
56043,65+,1816,56,Washakie County,Wyoming
56045,0-4,299,56,Weston County,Wyoming
56045,18-49,2613,56,Weston County,Wyoming
56045,5-17,1019,56,Weston County,Wyoming
56045,50-64,1438,56,Weston County,Wyoming
56045,65+,1466,56,Weston County,Wyoming
72001,0-4,560,NA,NA,NA
72001,18-49,6991,NA,NA,NA
72001,5-17,2609,NA,NA,NA
72001,50-64,3846,NA,NA,NA
72001,65+,3969,NA,NA,NA
72003,0-4,1136,NA,NA,NA
72003,18-49,14879,NA,NA,NA
72003,5-17,4782,NA,NA,NA
72003,50-64,8650,NA,NA,NA
72003,65+,8457,NA,NA,NA
72005,0-4,1743,NA,NA,NA
72005,18-49,21704,NA,NA,NA
72005,5-17,7438,NA,NA,NA
72005,50-64,10740,NA,NA,NA
72005,65+,12861,NA,NA,NA
72007,0-4,729,NA,NA,NA
72007,18-49,9779,NA,NA,NA
72007,5-17,3223,NA,NA,NA
72007,50-64,4832,NA,NA,NA
72007,65+,5325,NA,NA,NA
72009,0-4,789,NA,NA,NA
72009,18-49,9178,NA,NA,NA
72009,5-17,3250,NA,NA,NA
72009,50-64,5491,NA,NA,NA
72009,65+,5902,NA,NA,NA
72011,0-4,716,NA,NA,NA
72011,18-49,10166,NA,NA,NA
72011,5-17,3263,NA,NA,NA
72011,50-64,5416,NA,NA,NA
72011,65+,5755,NA,NA,NA
72013,0-4,2845,NA,NA,NA
72013,18-49,34632,NA,NA,NA
72013,5-17,11395,NA,NA,NA
72013,50-64,17639,NA,NA,NA
72013,65+,20364,NA,NA,NA
72015,0-4,558,NA,NA,NA
72015,18-49,6349,NA,NA,NA
72015,5-17,2352,NA,NA,NA
72015,50-64,2893,NA,NA,NA
72015,65+,3421,NA,NA,NA
72017,0-4,778,NA,NA,NA
72017,18-49,9830,NA,NA,NA
72017,5-17,3089,NA,NA,NA
72017,50-64,4116,NA,NA,NA
72017,65+,4752,NA,NA,NA
72019,0-4,1158,NA,NA,NA
72019,18-49,11953,NA,NA,NA
72019,5-17,4627,NA,NA,NA
72019,50-64,5862,NA,NA,NA
72019,65+,5384,NA,NA,NA
72021,0-4,6210,NA,NA,NA
72021,18-49,75204,NA,NA,NA
72021,5-17,22929,NA,NA,NA
72021,50-64,35518,NA,NA,NA
72021,65+,43595,NA,NA,NA
72023,0-4,1251,NA,NA,NA
72023,18-49,18613,NA,NA,NA
72023,5-17,6083,NA,NA,NA
72023,50-64,9520,NA,NA,NA
72023,65+,11488,NA,NA,NA
72025,0-4,4029,NA,NA,NA
72025,18-49,52422,NA,NA,NA
72025,5-17,16780,NA,NA,NA
72025,50-64,25169,NA,NA,NA
72025,65+,27839,NA,NA,NA
72027,0-4,1081,NA,NA,NA
72027,18-49,13197,NA,NA,NA
72027,5-17,4224,NA,NA,NA
72027,50-64,6929,NA,NA,NA
72027,65+,7322,NA,NA,NA
72029,0-4,1444,NA,NA,NA
72029,18-49,17874,NA,NA,NA
72029,5-17,6083,NA,NA,NA
72029,50-64,8693,NA,NA,NA
72029,65+,7943,NA,NA,NA
72031,0-4,4918,NA,NA,NA
72031,18-49,62074,NA,NA,NA
72031,5-17,19601,NA,NA,NA
72031,50-64,29626,NA,NA,NA
72031,65+,37007,NA,NA,NA
72033,0-4,771,NA,NA,NA
72033,18-49,9129,NA,NA,NA
72033,5-17,3177,NA,NA,NA
72033,50-64,4379,NA,NA,NA
72033,65+,5312,NA,NA,NA
72035,0-4,1328,NA,NA,NA
72035,18-49,16423,NA,NA,NA
72035,5-17,5276,NA,NA,NA
72035,50-64,8676,NA,NA,NA
72035,65+,9528,NA,NA,NA
72037,0-4,300,NA,NA,NA
72037,18-49,4413,NA,NA,NA
72037,5-17,1413,NA,NA,NA
72037,50-64,2153,NA,NA,NA
72037,65+,2849,NA,NA,NA
72039,0-4,585,NA,NA,NA
72039,18-49,6299,NA,NA,NA
72039,5-17,2342,NA,NA,NA
72039,50-64,3698,NA,NA,NA
72039,65+,3950,NA,NA,NA
72041,0-4,1360,NA,NA,NA
72041,18-49,16225,NA,NA,NA
72041,5-17,5618,NA,NA,NA
72041,50-64,8524,NA,NA,NA
72041,65+,8038,NA,NA,NA
72043,0-4,1124,NA,NA,NA
72043,18-49,13644,NA,NA,NA
72043,5-17,4743,NA,NA,NA
72043,50-64,7781,NA,NA,NA
72043,65+,7002,NA,NA,NA
72045,0-4,591,NA,NA,NA
72045,18-49,7805,NA,NA,NA
72045,5-17,2691,NA,NA,NA
72045,50-64,3809,NA,NA,NA
72045,65+,3879,NA,NA,NA
72047,0-4,1264,NA,NA,NA
72047,18-49,14086,NA,NA,NA
72047,5-17,5125,NA,NA,NA
72047,50-64,7020,NA,NA,NA
72047,65+,6979,NA,NA,NA
72049,0-4,34,NA,NA,NA
72049,18-49,641,NA,NA,NA
72049,5-17,170,NA,NA,NA
72049,50-64,201,NA,NA,NA
72049,65+,235,NA,NA,NA
72051,0-4,1237,NA,NA,NA
72051,18-49,15248,NA,NA,NA
72051,5-17,5342,NA,NA,NA
72051,50-64,7120,NA,NA,NA
72051,65+,6869,NA,NA,NA
72053,0-4,1119,NA,NA,NA
72053,18-49,12665,NA,NA,NA
72053,5-17,4361,NA,NA,NA
72053,50-64,6199,NA,NA,NA
72053,65+,7412,NA,NA,NA
72054,0-4,412,NA,NA,NA
72054,18-49,4897,NA,NA,NA
72054,5-17,1647,NA,NA,NA
72054,50-64,2233,NA,NA,NA
72054,65+,2435,NA,NA,NA
72055,0-4,465,NA,NA,NA
72055,18-49,5000,NA,NA,NA
72055,5-17,1874,NA,NA,NA
72055,50-64,2459,NA,NA,NA
72055,65+,3468,NA,NA,NA
72057,0-4,1169,NA,NA,NA
72057,18-49,15633,NA,NA,NA
72057,5-17,5038,NA,NA,NA
72057,50-64,6743,NA,NA,NA
72057,65+,7262,NA,NA,NA
72059,0-4,576,NA,NA,NA
72059,18-49,6898,NA,NA,NA
72059,5-17,2523,NA,NA,NA
72059,50-64,3416,NA,NA,NA
72059,65+,4005,NA,NA,NA
72061,0-4,2746,NA,NA,NA
72061,18-49,35512,NA,NA,NA
72061,5-17,10098,NA,NA,NA
72061,50-64,18844,NA,NA,NA
72061,65+,22303,NA,NA,NA
72063,0-4,1248,NA,NA,NA
72063,18-49,18322,NA,NA,NA
72063,5-17,5736,NA,NA,NA
72063,50-64,8059,NA,NA,NA
72063,65+,7018,NA,NA,NA
72065,0-4,1041,NA,NA,NA
72065,18-49,15558,NA,NA,NA
72065,5-17,4965,NA,NA,NA
72065,50-64,7993,NA,NA,NA
72065,65+,8709,NA,NA,NA
72067,0-4,373,NA,NA,NA
72067,18-49,5637,NA,NA,NA
72067,5-17,1813,NA,NA,NA
72067,50-64,3076,NA,NA,NA
72067,65+,4621,NA,NA,NA
72069,0-4,1643,NA,NA,NA
72069,18-49,19409,NA,NA,NA
72069,5-17,6555,NA,NA,NA
72069,50-64,10219,NA,NA,NA
72069,65+,12615,NA,NA,NA
72071,0-4,1307,NA,NA,NA
72071,18-49,17678,NA,NA,NA
72071,5-17,5578,NA,NA,NA
72071,50-64,8963,NA,NA,NA
72071,65+,9352,NA,NA,NA
72073,0-4,573,NA,NA,NA
72073,18-49,6144,NA,NA,NA
72073,5-17,2257,NA,NA,NA
72073,50-64,2832,NA,NA,NA
72073,65+,2847,NA,NA,NA
72075,0-4,1643,NA,NA,NA
72075,18-49,19040,NA,NA,NA
72075,5-17,6978,NA,NA,NA
72075,50-64,9331,NA,NA,NA
72075,65+,9284,NA,NA,NA
72077,0-4,1336,NA,NA,NA
72077,18-49,16732,NA,NA,NA
72077,5-17,5448,NA,NA,NA
72077,50-64,6820,NA,NA,NA
72077,65+,6559,NA,NA,NA
72079,0-4,706,NA,NA,NA
72079,18-49,8672,NA,NA,NA
72079,5-17,2897,NA,NA,NA
72079,50-64,4698,NA,NA,NA
72079,65+,6160,NA,NA,NA
72081,0-4,910,NA,NA,NA
72081,18-49,11097,NA,NA,NA
72081,5-17,3688,NA,NA,NA
72081,50-64,5863,NA,NA,NA
72081,65+,6386,NA,NA,NA
72083,0-4,290,NA,NA,NA
72083,18-49,3378,NA,NA,NA
72083,5-17,1328,NA,NA,NA
72083,50-64,1778,NA,NA,NA
72083,65+,2016,NA,NA,NA
72085,0-4,1137,NA,NA,NA
72085,18-49,14965,NA,NA,NA
72085,5-17,4872,NA,NA,NA
72085,50-64,6740,NA,NA,NA
72085,65+,7320,NA,NA,NA
72087,0-4,716,NA,NA,NA
72087,18-49,9373,NA,NA,NA
72087,5-17,3360,NA,NA,NA
72087,50-64,4688,NA,NA,NA
72087,65+,5039,NA,NA,NA
72089,0-4,549,NA,NA,NA
72089,18-49,7086,NA,NA,NA
72089,5-17,2344,NA,NA,NA
72089,50-64,3452,NA,NA,NA
72089,65+,4200,NA,NA,NA
72091,0-4,1381,NA,NA,NA
72091,18-49,15296,NA,NA,NA
72091,5-17,5315,NA,NA,NA
72091,50-64,7653,NA,NA,NA
72091,65+,9507,NA,NA,NA
72093,0-4,188,NA,NA,NA
72093,18-49,1812,NA,NA,NA
72093,5-17,673,NA,NA,NA
72093,50-64,1160,NA,NA,NA
72093,65+,1343,NA,NA,NA
72095,0-4,146,NA,NA,NA
72095,18-49,3794,NA,NA,NA
72095,5-17,1562,NA,NA,NA
72095,50-64,2296,NA,NA,NA
72095,65+,2684,NA,NA,NA
72097,0-4,2183,NA,NA,NA
72097,18-49,29740,NA,NA,NA
72097,5-17,9096,NA,NA,NA
72097,50-64,12171,NA,NA,NA
72097,65+,18634,NA,NA,NA
72099,0-4,1285,NA,NA,NA
72099,18-49,15637,NA,NA,NA
72099,5-17,5247,NA,NA,NA
72099,50-64,7746,NA,NA,NA
72099,65+,7487,NA,NA,NA
72101,0-4,1037,NA,NA,NA
72101,18-49,12080,NA,NA,NA
72101,5-17,4074,NA,NA,NA
72101,50-64,6038,NA,NA,NA
72101,65+,5305,NA,NA,NA
72103,0-4,843,NA,NA,NA
72103,18-49,10153,NA,NA,NA
72103,5-17,3633,NA,NA,NA
72103,50-64,4001,NA,NA,NA
72103,65+,4575,NA,NA,NA
72105,0-4,1061,NA,NA,NA
72105,18-49,11582,NA,NA,NA
72105,5-17,4069,NA,NA,NA
72105,50-64,6022,NA,NA,NA
72105,65+,6512,NA,NA,NA
72107,0-4,858,NA,NA,NA
72107,18-49,8635,NA,NA,NA
72107,5-17,3143,NA,NA,NA
72107,50-64,4597,NA,NA,NA
72107,65+,4118,NA,NA,NA
72109,0-4,454,NA,NA,NA
72109,18-49,5736,NA,NA,NA
72109,5-17,2035,NA,NA,NA
72109,50-64,3562,NA,NA,NA
72109,65+,3966,NA,NA,NA
72111,0-4,801,NA,NA,NA
72111,18-49,8162,NA,NA,NA
72111,5-17,3160,NA,NA,NA
72111,50-64,4114,NA,NA,NA
72111,65+,3845,NA,NA,NA
72113,0-4,4809,NA,NA,NA
72113,18-49,52553,NA,NA,NA
72113,5-17,18956,NA,NA,NA
72113,50-64,25318,NA,NA,NA
72113,65+,33040,NA,NA,NA
72115,0-4,771,NA,NA,NA
72115,18-49,9426,NA,NA,NA
72115,5-17,3217,NA,NA,NA
72115,50-64,4868,NA,NA,NA
72115,65+,5204,NA,NA,NA
72117,0-4,408,NA,NA,NA
72117,18-49,5538,NA,NA,NA
72117,5-17,1784,NA,NA,NA
72117,50-64,3400,NA,NA,NA
72117,65+,4146,NA,NA,NA
72119,0-4,1468,NA,NA,NA
72119,18-49,19284,NA,NA,NA
72119,5-17,6055,NA,NA,NA
72119,50-64,9451,NA,NA,NA
72119,65+,10220,NA,NA,NA
72121,0-4,763,NA,NA,NA
72121,18-49,8741,NA,NA,NA
72121,5-17,3093,NA,NA,NA
72121,50-64,4321,NA,NA,NA
72121,65+,5623,NA,NA,NA
72123,0-4,851,NA,NA,NA
72123,18-49,10255,NA,NA,NA
72123,5-17,3861,NA,NA,NA
72123,50-64,4888,NA,NA,NA
72123,65+,5542,NA,NA,NA
72125,0-4,994,NA,NA,NA
72125,18-49,11575,NA,NA,NA
72125,5-17,4314,NA,NA,NA
72125,50-64,6117,NA,NA,NA
72125,65+,8514,NA,NA,NA
72127,0-4,11601,NA,NA,NA
72127,18-49,134456,NA,NA,NA
72127,5-17,41860,NA,NA,NA
72127,50-64,66795,NA,NA,NA
72127,65+,83949,NA,NA,NA
72129,0-4,1181,NA,NA,NA
72129,18-49,15202,NA,NA,NA
72129,5-17,4964,NA,NA,NA
72129,50-64,8137,NA,NA,NA
72129,65+,8031,NA,NA,NA
72131,0-4,1246,NA,NA,NA
72131,18-49,14757,NA,NA,NA
72131,5-17,5310,NA,NA,NA
72131,50-64,7885,NA,NA,NA
72131,65+,9970,NA,NA,NA
72133,0-4,735,NA,NA,NA
72133,18-49,9057,NA,NA,NA
72133,5-17,2986,NA,NA,NA
72133,50-64,3772,NA,NA,NA
72133,65+,3514,NA,NA,NA
72135,0-4,2030,NA,NA,NA
72135,18-49,29881,NA,NA,NA
72135,5-17,9457,NA,NA,NA
72135,50-64,14127,NA,NA,NA
72135,65+,11041,NA,NA,NA
72137,0-4,2362,NA,NA,NA
72137,18-49,31244,NA,NA,NA
72137,5-17,9991,NA,NA,NA
72137,50-64,14364,NA,NA,NA
72137,65+,16026,NA,NA,NA
72139,0-4,1966,NA,NA,NA
72139,18-49,28342,NA,NA,NA
72139,5-17,9169,NA,NA,NA
72139,50-64,13446,NA,NA,NA
72139,65+,14406,NA,NA,NA
72141,0-4,884,NA,NA,NA
72141,18-49,10417,NA,NA,NA
72141,5-17,3827,NA,NA,NA
72141,50-64,5914,NA,NA,NA
72141,65+,6854,NA,NA,NA
72143,0-4,1179,NA,NA,NA
72143,18-49,14706,NA,NA,NA
72143,5-17,5221,NA,NA,NA
72143,50-64,6855,NA,NA,NA
72143,65+,7153,NA,NA,NA
72145,0-4,1934,NA,NA,NA
72145,18-49,21800,NA,NA,NA
72145,5-17,7147,NA,NA,NA
72145,50-64,11032,NA,NA,NA
72145,65+,12145,NA,NA,NA
72147,0-4,297,NA,NA,NA
72147,18-49,3074,NA,NA,NA
72147,5-17,1123,NA,NA,NA
72147,50-64,1667,NA,NA,NA
72147,65+,1986,NA,NA,NA
72149,0-4,885,NA,NA,NA
72149,18-49,8481,NA,NA,NA
72149,5-17,3228,NA,NA,NA
72149,50-64,4706,NA,NA,NA
72149,65+,4478,NA,NA,NA
72151,0-4,910,NA,NA,NA
72151,18-49,11404,NA,NA,NA
72151,5-17,3898,NA,NA,NA
72151,50-64,6434,NA,NA,NA
72151,65+,7222,NA,NA,NA
72153,0-4,1046,NA,NA,NA
72153,18-49,12510,NA,NA,NA
72153,5-17,4428,NA,NA,NA
72153,50-64,7204,NA,NA,NA
72153,65+,8321,NA,NA,NA
