"STATE_FIPS","COUNTY_NAME","COUNTY_FIPS","STATE_NAME"
"31","Cuming County","31039","Nebraska"
"53","Wahkiakum County","53069","Washington"
"35","De Baca County","35011","New Mexico"
"31","Lancaster County","31109","Nebraska"
"31","Nuckolls County","31129","Nebraska"
"46","Minnehaha County","46099","South Dakota"
"48","Menard County","48327","Texas"
"06","Sierra County","06091","California"
"21","Clinton County","21053","Kentucky"
"39","Hancock County","39063","Ohio"
"48","Hale County","48189","Texas"
"01","Clay County","01027","Alabama"
"48","Armstrong County","48011","Texas"
"39","Allen County","39003","Ohio"
"13","McDuffie County","13189","Georgia"
"55","Sauk County","55111","Wisconsin"
"05","Stone County","05137","Arkansas"
"41","Wallowa County","41063","Oregon"
"42","Beaver County","42007","Pennsylvania"
"28","Jasper County","28061","Mississippi"
"29","Henry County","29083","Missouri"
"08","Saguache County","08109","Colorado"
"37","Chatham County","37037","North Carolina"
"49","Rich County","49033","Utah"
"40","Adair County","40001","Oklahoma"
"39","Lake County","39085","Ohio"
"51","Salem city","51775","Virginia"
"51","Montgomery County","51121","Virginia"
"47","Hamilton County","47065","Tennessee"
"35","Otero County","35035","New Mexico"
"35","Catron County","35003","New Mexico"
"01","Marengo County","01091","Alabama"
"56","Lincoln County","56023","Wyoming"
"29","Barton County","29011","Missouri"
"48","Calhoun County","48057","Texas"
"51","Poquoson city","51735","Virginia"
"54","Pocahontas County","54075","West Virginia"
"48","Clay County","48077","Texas"
"51","James City County","51095","Virginia"
"31","Keith County","31101","Nebraska"
"31","Phelps County","31137","Nebraska"
"22","Calcasieu Parish","22019","Louisiana"
"22","Union Parish","22111","Louisiana"
"40","Sequoyah County","40135","Oklahoma"
"01","DeKalb County","01049","Alabama"
"36","Steuben County","36101","New York"
"42","Forest County","42053","Pennsylvania"
"22","Tangipahoa Parish","22105","Louisiana"
"51","Stafford County","51179","Virginia"
"26","Menominee County","26109","Michigan"
"18","Jasper County","18073","Indiana"
"13","Brantley County","13025","Georgia"
"13","Lamar County","13171","Georgia"
"18","Steuben County","18151","Indiana"
"48","Orange County","48361","Texas"
"39","Fayette County","39047","Ohio"
"25","Hampshire County","25015","Massachusetts"
"21","Allen County","21003","Kentucky"
"37","Alamance County","37001","North Carolina"
"20","Greenwood County","20073","Kansas"
"25","Suffolk County","25025","Massachusetts"
"16","Jefferson County","16051","Idaho"
"48","Gonzales County","48177","Texas"
"47","Marion County","47115","Tennessee"
"26","Alpena County","26007","Michigan"
"21","Wayne County","21231","Kentucky"
"47","White County","47185","Tennessee"
"48","Fannin County","48147","Texas"
"20","Doniphan County","20043","Kansas"
"48","Kerr County","48265","Texas"
"12","Hernando County","12053","Florida"
"12","Wakulla County","12129","Florida"
"12","Walton County","12131","Florida"
"28","Chickasaw County","28017","Mississippi"
"02","Ketchikan Gateway Borough","02130","Alaska"
"26","Clare County","26035","Michigan"
"20","Republic County","20157","Kansas"
"12","Volusia County","12127","Florida"
"40","Canadian County","40017","Oklahoma"
"13","Floyd County","13115","Georgia"
"32","Churchill County","32001","Nevada"
"31","Webster County","31181","Nebraska"
"17","Hancock County","17067","Illinois"
"46","Hutchinson County","46067","South Dakota"
"41","Crook County","41013","Oregon"
"50","Franklin County","50011","Vermont"
"26","Marquette County","26103","Michigan"
"37","Davidson County","37057","North Carolina"
"17","Clay County","17025","Illinois"
"29","Knox County","29103","Missouri"
"29","Livingston County","29117","Missouri"
"42","Tioga County","42117","Pennsylvania"
"31","Dakota County","31043","Nebraska"
"26","Leelanau County","26089","Michigan"
"51","Surry County","51181","Virginia"
"48","Refugio County","48391","Texas"
"39","Butler County","39017","Ohio"
"13","Terrell County","13273","Georgia"
"13","Clayton County","13063","Georgia"
"56","Fremont County","56013","Wyoming"
"18","Ohio County","18115","Indiana"
"13","Columbia County","13073","Georgia"
"08","Sedgwick County","08115","Colorado"
"30","Musselshell County","30065","Montana"
"42","Dauphin County","42043","Pennsylvania"
"46","Moody County","46101","South Dakota"
"54","Putnam County","54079","West Virginia"
"34","Sussex County","34037","New Jersey"
"20","Decatur County","20039","Kansas"
"18","Perry County","18123","Indiana"
"28","Union County","28145","Mississippi"
"31","Boyd County","31015","Nebraska"
"27","Mille Lacs County","27095","Minnesota"
"38","Walsh County","38099","North Dakota"
"39","Morgan County","39115","Ohio"
"39","Portage County","39133","Ohio"
"56","Uinta County","56041","Wyoming"
"32","Humboldt County","32013","Nevada"
"48","Jim Hogg County","48247","Texas"
"08","Cheyenne County","08017","Colorado"
"41","Clackamas County","41005","Oregon"
"05","Polk County","05113","Arkansas"
"13","Macon County","13193","Georgia"
"18","Benton County","18007","Indiana"
"47","Morgan County","47129","Tennessee"
"46","Douglas County","46043","South Dakota"
"24","Worcester County","24047","Maryland"
"17","Wabash County","17185","Illinois"
"18","Huntington County","18069","Indiana"
"21","Scott County","21209","Kentucky"
"19","Decatur County","19053","Iowa"
"18","Wabash County","18169","Indiana"
"18","Allen County","18003","Indiana"
"18","Marshall County","18099","Indiana"
"31","Thomas County","31171","Nebraska"
"38","Sioux County","38085","North Dakota"
"48","Dimmit County","48127","Texas"
"27","Fillmore County","27045","Minnesota"
"45","Chester County","45023","South Carolina"
"27","Lac qui Parle County","27073","Minnesota"
"49","Cache County","49005","Utah"
"55","Pierce County","55093","Wisconsin"
"13","Charlton County","13049","Georgia"
"13","Polk County","13233","Georgia"
"17","McLean County","17113","Illinois"
"23","Androscoggin County","23001","Maine"
"16","Kootenai County","16055","Idaho"
"32","Clark County","32003","Nevada"
"20","Phillips County","20147","Kansas"
"31","Holt County","31089","Nebraska"
"29","Johnson County","29101","Missouri"
"55","La Crosse County","55063","Wisconsin"
"22","Caldwell Parish","22021","Louisiana"
"21","Edmonson County","21061","Kentucky"
"17","Bond County","17005","Illinois"
"17","Brown County","17009","Illinois"
"27","McLeod County","27085","Minnesota"
"55","Dunn County","55033","Wisconsin"
"08","Custer County","08027","Colorado"
"29","Madison County","29123","Missouri"
"48","Nolan County","48353","Texas"
"42","Wayne County","42127","Pennsylvania"
"36","Saratoga County","36091","New York"
"48","Brazos County","48041","Texas"
"40","Marshall County","40095","Oklahoma"
"24","Allegany County","24001","Maryland"
"54","Wetzel County","54103","West Virginia"
"55","Jackson County","55053","Wisconsin"
"41","Clatsop County","41007","Oregon"
"53","Lewis County","53041","Washington"
"36","Allegany County","36003","New York"
"19","Cedar County","19031","Iowa"
"18","Orange County","18117","Indiana"
"13","DeKalb County","13089","Georgia"
"13","Pickens County","13227","Georgia"
"30","Chouteau County","30015","Montana"
"31","Brown County","31017","Nebraska"
"47","Campbell County","47013","Tennessee"
"37","Franklin County","37069","North Carolina"
"24","Baltimore city","24510","Maryland"
"20","Lyon County","20111","Kansas"
"19","Carroll County","19027","Iowa"
"22","Tensas Parish","22107","Louisiana"
"47","Monroe County","47123","Tennessee"
"20","Hamilton County","20075","Kansas"
"19","Pocahontas County","19151","Iowa"
"16","Gem County","16045","Idaho"
"05","Independence County","05063","Arkansas"
"05","Lonoke County","05085","Arkansas"
"18","Newton County","18111","Indiana"
"13","Franklin County","13119","Georgia"
"12","Hendry County","12051","Florida"
"13","Taliaferro County","13265","Georgia"
"48","Jefferson County","48245","Texas"
"30","Meagher County","30059","Montana"
"08","La Plata County","08067","Colorado"
"48","Bell County","48027","Texas"
"28","Kemper County","28069","Mississippi"
"05","Clark County","05019","Arkansas"
"41","Klamath County","41035","Oregon"
"36","Oswego County","36075","New York"
"01","Cherokee County","01019","Alabama"
"48","Bandera County","48019","Texas"
"30","Rosebud County","30087","Montana"
"35","Union County","35059","New Mexico"
"26","Schoolcraft County","26153","Michigan"
"36","Ulster County","36111","New York"
"34","Camden County","34007","New Jersey"
"17","Jersey County","17083","Illinois"
"51","Hanover County","51085","Virginia"
"20","Wallace County","20199","Kansas"
"26","Alger County","26003","Michigan"
"05","Fulton County","05049","Arkansas"
"48","Hidalgo County","48215","Texas"
"37","Robeson County","37155","North Carolina"
"26","Newaygo County","26123","Michigan"
"41","Morrow County","41049","Oregon"
"27","Todd County","27153","Minnesota"
"05","Logan County","05083","Arkansas"
"37","Lincoln County","37109","North Carolina"
"05","Miller County","05091","Arkansas"
"12","Orange County","12095","Florida"
"08","San Juan County","08111","Colorado"
"16","Franklin County","16041","Idaho"
"13","Carroll County","13045","Georgia"
"20","Riley County","20161","Kansas"
"48","Schleicher County","48413","Texas"
"51","Russell County","51167","Virginia"
"37","Caldwell County","37027","North Carolina"
"16","Madison County","16065","Idaho"
"18","Warrick County","18173","Indiana"
"21","Adair County","21001","Kentucky"
"21","Gallatin County","21077","Kentucky"
"21","Harrison County","21097","Kentucky"
"23","Sagadahoc County","23023","Maine"
"30","Sweet Grass County","30097","Montana"
"48","Grayson County","48181","Texas"
"42","Greene County","42059","Pennsylvania"
"02","Northwest Arctic Borough","02188","Alaska"
"20","Ellis County","20051","Kansas"
"01","Hale County","01065","Alabama"
"01","Perry County","01105","Alabama"
"01","Colbert County","01033","Alabama"
"20","Pratt County","20151","Kansas"
"21","Bourbon County","21017","Kentucky"
"47","Rutherford County","47149","Tennessee"
"13","Cook County","13075","Georgia"
"20","Lane County","20101","Kansas"
"40","Harper County","40059","Oklahoma"
"17","Piatt County","17147","Illinois"
"48","Crosby County","48107","Texas"
"01","Greene County","01063","Alabama"
"16","Clark County","16033","Idaho"
"19","Kossuth County","19109","Iowa"
"38","Burke County","38013","North Dakota"
"37","Durham County","37063","North Carolina"
"19","Harrison County","19085","Iowa"
"31","Keya Paha County","31103","Nebraska"
"19","Webster County","19187","Iowa"
"17","Pope County","17151","Illinois"
"47","Smith County","47159","Tennessee"
"51","Henry County","51089","Virginia"
"51","Alexandria city","51510","Virginia"
"19","Jefferson County","19101","Iowa"
"30","Lewis and Clark County","30049","Montana"
"49","Duchesne County","49013","Utah"
"40","Alfalfa County","40003","Oklahoma"
"48","Delta County","48119","Texas"
"47","Trousdale County","47169","Tennessee"
"21","Perry County","21193","Kentucky"
"46","Deuel County","46039","South Dakota"
"41","Jackson County","41029","Oregon"
"48","Zavala County","48507","Texas"
"31","Banner County","31007","Nebraska"
"19","Madison County","19121","Iowa"
"12","Broward County","12011","Florida"
"13","Toombs County","13279","Georgia"
"26","Sanilac County","26151","Michigan"
"48","Rockwall County","48397","Texas"
"26","Wayne County","26163","Michigan"
"27","Nobles County","27105","Minnesota"
"27","Aitkin County","27001","Minnesota"
"38","Ramsey County","38071","North Dakota"
"37","Person County","37145","North Carolina"
"20","Trego County","20195","Kansas"
"28","Washington County","28151","Mississippi"
"48","Eastland County","48133","Texas"
"28","Issaquena County","28055","Mississippi"
"48","DeWitt County","48123","Texas"
"48","Angelina County","48005","Texas"
"45","Saluda County","45081","South Carolina"
"29","Maries County","29125","Missouri"
"05","Arkansas County","05001","Arkansas"
"29","Lawrence County","29109","Missouri"
"51","Charlottesville city","51540","Virginia"
"17","Bureau County","17011","Illinois"
"39","Scioto County","39145","Ohio"
"37","Madison County","37115","North Carolina"
"16","Jerome County","16053","Idaho"
"39","Vinton County","39163","Ohio"
"48","McLennan County","48309","Texas"
"16","Custer County","16037","Idaho"
"19","Howard County","19089","Iowa"
"12","Palm Beach County","12099","Florida"
"13","Lincoln County","13181","Georgia"
"01","Butler County","01013","Alabama"
"47","Sumner County","47165","Tennessee"
"51","King and Queen County","51097","Virginia"
"05","Carroll County","05015","Arkansas"
"51","Waynesboro city","51820","Virginia"
"02","Sitka City and Borough","02220","Alaska"
"41","Multnomah County","41051","Oregon"
"47","Grundy County","47061","Tennessee"
"27","Hubbard County","27057","Minnesota"
"38","Sargent County","38081","North Dakota"
"36","St. Lawrence County","36089","New York"
"29","Reynolds County","29179","Missouri"
"06","Sacramento County","06067","California"
"39","Paulding County","39125","Ohio"
"18","Wells County","18179","Indiana"
"51","Floyd County","51063","Virginia"
"06","Santa Barbara County","06083","California"
"54","Boone County","54005","West Virginia"
"28","Benton County","28009","Mississippi"
"21","Crittenden County","21055","Kentucky"
"19","Palo Alto County","19147","Iowa"
"19","Ringgold County","19159","Iowa"
"37","Randolph County","37151","North Carolina"
"24","Cecil County","24015","Maryland"
"18","Warren County","18171","Indiana"
"31","Greeley County","31077","Nebraska"
"31","Jefferson County","31095","Nebraska"
"31","Saline County","31151","Nebraska"
"21","Knott County","21119","Kentucky"
"19","Clinton County","19045","Iowa"
"27","Jackson County","27063","Minnesota"
"27","Dodge County","27039","Minnesota"
"27","Freeborn County","27047","Minnesota"
"06","Calaveras County","06009","California"
"25","Barnstable County","25001","Massachusetts"
"51","Middlesex County","51119","Virginia"
"42","Jefferson County","42065","Pennsylvania"
"18","Lake County","18089","Indiana"
"47","Bedford County","47003","Tennessee"
"47","Clay County","47027","Tennessee"
"17","Coles County","17029","Illinois"
"47","Lauderdale County","47097","Tennessee"
"41","Baker County","41001","Oregon"
"36","Schuyler County","36097","New York"
"26","Van Buren County","26159","Michigan"
"17","Mercer County","17131","Illinois"
"21","Lawrence County","21127","Kentucky"
"21","Morgan County","21175","Kentucky"
"21","Muhlenberg County","21177","Kentucky"
"17","Effingham County","17049","Illinois"
"47","Loudon County","47105","Tennessee"
"46","Clark County","46025","South Dakota"
"15","Honolulu County","15003","Hawaii"
"12","Gilchrist County","12041","Florida"
"18","Tippecanoe County","18157","Indiana"
"42","Snyder County","42109","Pennsylvania"
"48","Lamar County","48277","Texas"
"12","Miami-Dade County","12086","Florida"
"31","Dundy County","31057","Nebraska"
"48","Leon County","48289","Texas"
"08","Pitkin County","08097","Colorado"
"38","Grand Forks County","38035","North Dakota"
"18","LaPorte County","18091","Indiana"
"18","Hamilton County","18057","Indiana"
"51","Emporia city","51595","Virginia"
"40","Lincoln County","40081","Oklahoma"
"20","Greeley County","20071","Kansas"
"13","Harris County","13145","Georgia"
"13","Screven County","13251","Georgia"
"48","Stonewall County","48433","Texas"
"39","Henry County","39069","Ohio"
"33","Grafton County","33009","New Hampshire"
"29","Newton County","29145","Missouri"
"18","Posey County","18129","Indiana"
"48","McMullen County","48311","Texas"
"17","Cumberland County","17035","Illinois"
"13","Walton County","13297","Georgia"
"27","Pope County","27121","Minnesota"
"51","Rappahannock County","51157","Virginia"
"51","Amherst County","51009","Virginia"
"06","Ventura County","06111","California"
"17","Crawford County","17033","Illinois"
"08","Park County","08093","Colorado"
"06","Los Angeles County","06037","California"
"04","Yuma County","04027","Arizona"
"13","Gordon County","13129","Georgia"
"19","Calhoun County","19025","Iowa"
"12","Highlands County","12055","Florida"
"51","Covington city","51580","Virginia"
"50","Orange County","50017","Vermont"
"20","McPherson County","20113","Kansas"
"04","Pinal County","04021","Arizona"
"39","Fulton County","39051","Ohio"
"08","Alamosa County","08003","Colorado"
"12","Citrus County","12017","Florida"
"47","DeKalb County","47041","Tennessee"
"42","Clarion County","42031","Pennsylvania"
"46","Miner County","46097","South Dakota"
"46","Jerauld County","46073","South Dakota"
"18","Decatur County","18031","Indiana"
"18","Dubois County","18037","Indiana"
"51","Essex County","51057","Virginia"
"45","Williamsburg County","45089","South Carolina"
"36","Essex County","36031","New York"
"19","Worth County","19195","Iowa"
"40","Hughes County","40063","Oklahoma"
"51","Buchanan County","51027","Virginia"
"51","Alleghany County","51005","Virginia"
"28","Lowndes County","28087","Mississippi"
"18","Scott County","18143","Indiana"
"08","Prowers County","08099","Colorado"
"48","Sutton County","48435","Texas"
"40","Muskogee County","40101","Oklahoma"
"29","Christian County","29043","Missouri"
"28","Lamar County","28073","Mississippi"
"18","Ripley County","18137","Indiana"
"38","Mercer County","38057","North Dakota"
"13","Hart County","13147","Georgia"
"22","Jackson Parish","22049","Louisiana"
"51","Northumberland County","51133","Virginia"
"48","Fort Bend County","48157","Texas"
"55","Green Lake County","55047","Wisconsin"
"30","Pondera County","30073","Montana"
"55","Walworth County","55127","Wisconsin"
"32","Mineral County","32021","Nevada"
"17","Fulton County","17057","Illinois"
"36","Suffolk County","36103","New York"
"18","Union County","18161","Indiana"
"29","McDonald County","29119","Missouri"
"31","Scotts Bluff County","31157","Nebraska"
"35","San Miguel County","35047","New Mexico"
"01","Lee County","01081","Alabama"
"48","Parker County","48367","Texas"
"38","Dickey County","38021","North Dakota"
"38","Barnes County","38003","North Dakota"
"27","Sibley County","27143","Minnesota"
"13","Upson County","13293","Georgia"
"06","Sonoma County","06097","California"
"26","Chippewa County","26033","Michigan"
"16","Bonneville County","16019","Idaho"
"13","Barrow County","13013","Georgia"
"13","Long County","13183","Georgia"
"48","Kinney County","48271","Texas"
"40","Ottawa County","40115","Oklahoma"
"42","Clearfield County","42033","Pennsylvania"
"26","Clinton County","26037","Michigan"
"17","Montgomery County","17135","Illinois"
"28","Alcorn County","28003","Mississippi"
"28","Lafayette County","28071","Mississippi"
"22","Grant Parish","22043","Louisiana"
"29","Atchison County","29005","Missouri"
"17","Macon County","17115","Illinois"
"26","St. Joseph County","26149","Michigan"
"17","Franklin County","17055","Illinois"
"30","Garfield County","30033","Montana"
"31","Adams County","31001","Nebraska"
"27","Olmsted County","27109","Minnesota"
"34","Union County","34039","New Jersey"
"01","Mobile County","01097","Alabama"
"46","McCook County","46087","South Dakota"
"01","Fayette County","01057","Alabama"
"01","Chambers County","01017","Alabama"
"37","Northampton County","37131","North Carolina"
"08","Moffat County","08081","Colorado"
"21","Green County","21087","Kentucky"
"18","Franklin County","18047","Indiana"
"37","Beaufort County","37013","North Carolina"
"38","Burleigh County","38015","North Dakota"
"37","Rowan County","37159","North Carolina"
"26","Iron County","26071","Michigan"
"27","Kandiyohi County","27067","Minnesota"
"21","Wolfe County","21237","Kentucky"
"48","Fayette County","48149","Texas"
"46","Lawrence County","46081","South Dakota"
"23","Washington County","23029","Maine"
"48","Briscoe County","48045","Texas"
"26","Ontonagon County","26131","Michigan"
"28","Carroll County","28015","Mississippi"
"41","Benton County","41003","Oregon"
"27","Rock County","27133","Minnesota"
"42","Indiana County","42063","Pennsylvania"
"22","Lincoln Parish","22061","Louisiana"
"42","Perry County","42099","Pennsylvania"
"46","Ziebach County","46137","South Dakota"
"48","Harrison County","48203","Texas"
"26","Baraga County","26013","Michigan"
"40","Rogers County","40131","Oklahoma"
"29","Boone County","29019","Missouri"
"40","Caddo County","40015","Oklahoma"
"08","Jefferson County","08059","Colorado"
"54","Cabell County","54011","West Virginia"
"48","Reagan County","48383","Texas"
"05","Van Buren County","05141","Arkansas"
"08","Summit County","08117","Colorado"
"20","Cowley County","20035","Kansas"
"05","Johnson County","05071","Arkansas"
"36","Hamilton County","36041","New York"
"51","Craig County","51045","Virginia"
"48","Coleman County","48083","Texas"
"02","Yukon-Koyukuk Census Area","02290","Alaska"
"04","Navajo County","04017","Arizona"
"28","Lincoln County","28085","Mississippi"
"48","Ochiltree County","48357","Texas"
"48","Crane County","48103","Texas"
"56","Big Horn County","56003","Wyoming"
"47","Hickman County","47081","Tennessee"
"28","Tunica County","28143","Mississippi"
"29","Harrison County","29081","Missouri"
"18","Bartholomew County","18005","Indiana"
"13","Paulding County","13223","Georgia"
"39","Brown County","39015","Ohio"
"47","Putnam County","47141","Tennessee"
"38","Ward County","38101","North Dakota"
"25","Worcester County","25027","Massachusetts"
"39","Logan County","39091","Ohio"
"06","Kings County","06031","California"
"06","San Diego County","06073","California"
"13","Crawford County","13079","Georgia"
"29","Cass County","29037","Missouri"
"36","Dutchess County","36027","New York"
"48","Washington County","48477","Texas"
"08","Pueblo County","08101","Colorado"
"29","Douglas County","29067","Missouri"
"38","Bottineau County","38009","North Dakota"
"37","Cumberland County","37051","North Carolina"
"56","Hot Springs County","56017","Wyoming"
"26","Alcona County","26001","Michigan"
"06","Placer County","06061","California"
"05","Searcy County","05129","Arkansas"
"48","Lynn County","48305","Texas"
"36","Otsego County","36077","New York"
"37","Richmond County","37153","North Carolina"
"37","Hoke County","37093","North Carolina"
"31","Otoe County","31131","Nebraska"
"42","Cameron County","42023","Pennsylvania"
"45","Dorchester County","45035","South Carolina"
"27","Waseca County","27161","Minnesota"
"46","Brule County","46015","South Dakota"
"47","Warren County","47177","Tennessee"
"17","Clark County","17023","Illinois"
"21","Robertson County","21201","Kentucky"
"47","Lake County","47095","Tennessee"
"45","Berkeley County","45015","South Carolina"
"05","Garland County","05051","Arkansas"
"20","Osage County","20139","Kansas"
"39","Trumbull County","39155","Ohio"
"48","Mills County","48333","Texas"
"48","Oldham County","48359","Texas"
"42","Butler County","42019","Pennsylvania"
"16","Idaho County","16049","Idaho"
"20","Marion County","20115","Kansas"
"51","Buckingham County","51029","Virginia"
"37","Cabarrus County","37025","North Carolina"
"29","Webster County","29225","Missouri"
"49","Davis County","49011","Utah"
"27","Cottonwood County","27033","Minnesota"
"12","Okeechobee County","12093","Florida"
"13","Union County","13291","Georgia"
"19","Black Hawk County","19013","Iowa"
"48","Sabine County","48403","Texas"
"39","Pike County","39131","Ohio"
"01","Tuscaloosa County","01125","Alabama"
"01","Wilcox County","01131","Alabama"
"28","Montgomery County","28097","Mississippi"
"31","Kearney County","31099","Nebraska"
"31","Hitchcock County","31087","Nebraska"
"10","New Castle County","10003","Delaware"
"16","Teton County","16081","Idaho"
"17","Rock Island County","17161","Illinois"
"51","Gloucester County","51073","Virginia"
"05","Sevier County","05133","Arkansas"
"18","Cass County","18017","Indiana"
"16","Power County","16077","Idaho"
"18","Carroll County","18015","Indiana"
"42","Philadelphia County","42101","Pennsylvania"
"56","Washakie County","56043","Wyoming"
"37","Camden County","37029","North Carolina"
"36","Tompkins County","36109","New York"
"05","Jefferson County","05069","Arkansas"
"05","Lincoln County","05079","Arkansas"
"55","Vernon County","55123","Wisconsin"
"29","Iron County","29093","Missouri"
"48","Hopkins County","48223","Texas"
"36","Albany County","36001","New York"
"48","Houston County","48225","Texas"
"39","Monroe County","39111","Ohio"
"20","Rush County","20165","Kansas"
"18","Montgomery County","18107","Indiana"
"20","Stanton County","20187","Kansas"
"21","Lee County","21129","Kentucky"
"27","Koochiching County","27071","Minnesota"
"48","Bexar County","48029","Texas"
"08","Boulder County","08013","Colorado"
"47","Jefferson County","47089","Tennessee"
"40","Mayes County","40097","Oklahoma"
"27","Watonwan County","27165","Minnesota"
"16","Blaine County","16013","Idaho"
"22","Jefferson Davis Parish","22053","Louisiana"
"46","Sully County","46119","South Dakota"
"08","Denver County","08031","Colorado"
"40","Coal County","40029","Oklahoma"
"30","Carter County","30011","Montana"
"48","Upton County","48461","Texas"
"18","Gibson County","18051","Indiana"
"31","Kimball County","31105","Nebraska"
"17","Kendall County","17093","Illinois"
"11","District of Columbia","11001","District of Columbia"
"08","Montrose County","08085","Colorado"
"27","Wright County","27171","Minnesota"
"55","Kenosha County","55059","Wisconsin"
"08","Eagle County","08037","Colorado"
"06","San Francisco County","06075","California"
"08","San Miguel County","08113","Colorado"
"02","Anchorage Municipality","02020","Alaska"
"12","St. Johns County","12109","Florida"
"28","Choctaw County","28019","Mississippi"
"29","Grundy County","29079","Missouri"
"26","Lake County","26085","Michigan"
"26","Ottawa County","26139","Michigan"
"17","Cook County","17031","Illinois"
"17","Gallatin County","17059","Illinois"
"45","Greenwood County","45047","South Carolina"
"20","Franklin County","20059","Kansas"
"27","Clay County","27027","Minnesota"
"47","Haywood County","47075","Tennessee"
"49","Box Elder County","49003","Utah"
"28","Tippah County","28139","Mississippi"
"54","Marshall County","54051","West Virginia"
"54","Jackson County","54035","West Virginia"
"16","Elmore County","16039","Idaho"
"24","Baltimore County","24005","Maryland"
"38","Benson County","38005","North Dakota"
"29","Pike County","29163","Missouri"
"39","Lawrence County","39087","Ohio"
"29","Scott County","29201","Missouri"
"39","Adams County","39001","Ohio"
"48","Erath County","48143","Texas"
"13","Habersham County","13137","Georgia"
"13","Wilkinson County","13319","Georgia"
"54","Monongalia County","54061","West Virginia"
"39","Crawford County","39033","Ohio"
"12","DeSoto County","12027","Florida"
"39","Guernsey County","39059","Ohio"
"26","Barry County","26015","Michigan"
"29","Stone County","29209","Missouri"
"51","Richmond city","51760","Virginia"
"37","Stokes County","37169","North Carolina"
"19","Clarke County","19039","Iowa"
"19","Fayette County","19065","Iowa"
"06","Marin County","06041","California"
"48","Randall County","48381","Texas"
"48","Rusk County","48401","Texas"
"19","Warren County","19181","Iowa"
"39","Van Wert County","39161","Ohio"
"12","Glades County","12043","Florida"
"13","Meriwether County","13199","Georgia"
"08","Costilla County","08023","Colorado"
"48","Coryell County","48099","Texas"
"19","Adair County","19001","Iowa"
"13","Chattahoochee County","13053","Georgia"
"06","Mariposa County","06043","California"
"29","Howard County","29089","Missouri"
"41","Marion County","41047","Oregon"
"55","Milwaukee County","55079","Wisconsin"
"27","Scott County","27139","Minnesota"
"39","Pickaway County","39129","Ohio"
"51","Powhatan County","51145","Virginia"
"08","Broomfield County","08014","Colorado"
"47","Lawrence County","47099","Tennessee"
"26","Antrim County","26009","Michigan"
"45","Marlboro County","45069","South Carolina"
"16","Benewah County","16009","Idaho"
"17","Lee County","17103","Illinois"
"31","Nemaha County","31127","Nebraska"
"37","Carteret County","37031","North Carolina"
"20","Pottawatomie County","20149","Kansas"
"26","Jackson County","26075","Michigan"
"48","Comal County","48091","Texas"
"25","Nantucket County","25019","Massachusetts"
"45","Bamberg County","45009","South Carolina"
"48","Aransas County","48007","Texas"
"13","Berrien County","13019","Georgia"
"18","Vermillion County","18165","Indiana"
"26","Roscommon County","26143","Michigan"
"37","Alleghany County","37005","North Carolina"
"06","Lassen County","06035","California"
"51","Falls Church city","51610","Virginia"
"12","Manatee County","12081","Florida"
"39","Muskingum County","39119","Ohio"
"08","Chaffee County","08015","Colorado"
"08","Crowley County","08025","Colorado"
"08","Fremont County","08043","Colorado"
"28","Pearl River County","28109","Mississippi"
"28","Perry County","28111","Mississippi"
"31","Custer County","31041","Nebraska"
"12","Calhoun County","12013","Florida"
"21","Kenton County","21117","Kentucky"
"19","Chickasaw County","19037","Iowa"
"17","DeKalb County","17037","Illinois"
"19","Hancock County","19081","Iowa"
"38","Stark County","38089","North Dakota"
"26","Luce County","26095","Michigan"
"40","Carter County","40019","Oklahoma"
"37","Pasquotank County","37139","North Carolina"
"35","Taos County","35055","New Mexico"
"28","Bolivar County","28011","Mississippi"
"32","Nye County","32023","Nevada"
"47","Hawkins County","47073","Tennessee"
"38","Bowman County","38011","North Dakota"
"42","Fulton County","42057","Pennsylvania"
"22","Lafayette Parish","22055","Louisiana"
"48","Jack County","48237","Texas"
"17","Stark County","17175","Illinois"
"40","Greer County","40055","Oklahoma"
"48","Hemphill County","48211","Texas"
"16","Nez Perce County","16069","Idaho"
"46","Walworth County","46129","South Dakota"
"06","Napa County","06055","California"
"40","Cotton County","40033","Oklahoma"
"29","Washington County","29221","Missouri"
"36","Cayuga County","36011","New York"
"48","Shackelford County","48417","Texas"
"48","San Jacinto County","48407","Texas"
"19","Dubuque County","19061","Iowa"
"51","Goochland County","51075","Virginia"
"20","Sherman County","20181","Kansas"
"39","Richland County","39139","Ohio"
"17","Adams County","17001","Illinois"
"39","Champaign County","39021","Ohio"
"33","Sullivan County","33019","New Hampshire"
"17","Iroquois County","17075","Illinois"
"19","Poweshiek County","19157","Iowa"
"39","Wayne County","39169","Ohio"
"13","Fayette County","13113","Georgia"
"13","Hancock County","13141","Georgia"
"48","Kendall County","48259","Texas"
"36","Greene County","36039","New York"
"51","Orange County","51137","Virginia"
"40","McCurtain County","40089","Oklahoma"
"13","Tift County","13277","Georgia"
"31","Cass County","31025","Nebraska"
"46","Kingsbury County","46077","South Dakota"
"56","Converse County","56009","Wyoming"
"36","Herkimer County","36043","New York"
"38","Logan County","38047","North Dakota"
"26","Gogebic County","26053","Michigan"
"27","Becker County","27005","Minnesota"
"01","Marshall County","01095","Alabama"
"47","Union County","47173","Tennessee"
"54","Mineral County","54057","West Virginia"
"55","Ashland County","55003","Wisconsin"
"17","Ford County","17053","Illinois"
"38","Emmons County","38029","North Dakota"
"06","Shasta County","06089","California"
"22","Vermilion Parish","22113","Louisiana"
"05","Randolph County","05121","Arkansas"
"55","Oneida County","55085","Wisconsin"
"22","East Carroll Parish","22035","Louisiana"
"22","East Feliciana Parish","22037","Louisiana"
"22","St. Bernard Parish","22087","Louisiana"
"48","Wharton County","48481","Texas"
"02","Prince of Wales-Hyder Census Area","02198","Alaska"
"02","Petersburg Borough","02195","Alaska"
"48","Floyd County","48153","Texas"
"02","Wrangell City and Borough","02275","Alaska"
"21","Madison County","21151","Kentucky"
"47","Blount County","47009","Tennessee"
"30","Gallatin County","30031","Montana"
"45","Darlington County","45031","South Carolina"
"01","Escambia County","01053","Alabama"
"13","Haralson County","13143","Georgia"
"20","Allen County","20001","Kansas"
"17","Douglas County","17041","Illinois"
"51","Greene County","51079","Virginia"
"55","Waushara County","55137","Wisconsin"
"05","Izard County","05065","Arkansas"
"06","Monterey County","06053","California"
"35","Grant County","35017","New Mexico"
"29","Miller County","29131","Missouri"
"37","Wilkes County","37193","North Carolina"
"02","Juneau City and Borough","02110","Alaska"
"29","Platte County","29165","Missouri"
"29","Buchanan County","29021","Missouri"
"01","Limestone County","01083","Alabama"
"18","Henry County","18065","Indiana"
"31","Polk County","31143","Nebraska"
"39","Ottawa County","39123","Ohio"
"27","Norman County","27107","Minnesota"
"19","Shelby County","19165","Iowa"
"24","Carroll County","24013","Maryland"
"19","Benton County","19011","Iowa"
"21","Martin County","21159","Kentucky"
"27","Chisago County","27025","Minnesota"
"21","Owsley County","21189","Kentucky"
"42","Bradford County","42015","Pennsylvania"
"54","Hancock County","54029","West Virginia"
"29","Cole County","29051","Missouri"
"26","Berrien County","26021","Michigan"
"42","Huntingdon County","42061","Pennsylvania"
"31","Dawes County","31045","Nebraska"
"51","Patrick County","51141","Virginia"
"26","Montmorency County","26119","Michigan"
"26","Oscoda County","26135","Michigan"
"35","Colfax County","35007","New Mexico"
"17","St. Clair County","17163","Illinois"
"17","Washington County","17189","Illinois"
"42","Bedford County","42009","Pennsylvania"
"05","Scott County","05127","Arkansas"
"20","Labette County","20099","Kansas"
"42","Lawrence County","42073","Pennsylvania"
"39","Harrison County","39067","Ohio"
"37","Alexander County","37003","North Carolina"
"34","Cape May County","34009","New Jersey"
"33","Cheshire County","33005","New Hampshire"
"27","Marshall County","27089","Minnesota"
"51","King William County","51101","Virginia"
"08","Huerfano County","08055","Colorado"
"48","Karnes County","48255","Texas"
"47","Chester County","47023","Tennessee"
"17","Scott County","17171","Illinois"
"49","Millard County","49027","Utah"
"49","Morgan County","49029","Utah"
"48","Kaufman County","48257","Texas"
"04","Greenlee County","04011","Arizona"
"04","Maricopa County","04013","Arizona"
"26","Ogemaw County","26129","Michigan"
"47","Jackson County","47087","Tennessee"
"17","Richland County","17159","Illinois"
"01","Blount County","01009","Alabama"
"30","Liberty County","30051","Montana"
"48","Duval County","48131","Texas"
"29","Ralls County","29173","Missouri"
"48","Johnson County","48251","Texas"
"13","Clay County","13061","Georgia"
"41","Grant County","41023","Oregon"
"41","Coos County","41011","Oregon"
"48","Franklin County","48159","Texas"
"36","Warren County","36113","New York"
"51","Madison County","51113","Virginia"
"40","Atoka County","40005","Oklahoma"
"17","Menard County","17129","Illinois"
"13","Bartow County","13015","Georgia"
"12","Lake County","12069","Florida"
"40","Okmulgee County","40111","Oklahoma"
"38","Sheridan County","38083","North Dakota"
"18","Fulton County","18049","Indiana"
"20","Johnson County","20091","Kansas"
"24","Calvert County","24009","Maryland"
"55","Washburn County","55129","Wisconsin"
"53","Jefferson County","53031","Washington"
"27","Winona County","27169","Minnesota"
"28","Warren County","28149","Mississippi"
"29","Andrew County","29003","Missouri"
"29","Montgomery County","29139","Missouri"
"20","Cherokee County","20021","Kansas"
"37","Halifax County","37083","North Carolina"
"35","Sandoval County","35043","New Mexico"
"21","Clay County","21051","Kentucky"
"42","Clinton County","42035","Pennsylvania"
"41","Linn County","41043","Oregon"
"55","Lafayette County","55065","Wisconsin"
"40","Washington County","40147","Oklahoma"
"54","Preston County","54077","West Virginia"
"55","Waupaca County","55135","Wisconsin"
"48","Edwards County","48137","Texas"
"41","Lake County","41037","Oregon"
"29","Ozark County","29153","Missouri"
"48","Waller County","48473","Texas"
"01","Monroe County","01099","Alabama"
"50","Essex County","50009","Vermont"
"51","Lunenburg County","51111","Virginia"
"38","Traill County","38097","North Dakota"
"13","Hall County","13139","Georgia"
"13","Treutlen County","13283","Georgia"
"13","Calhoun County","13037","Georgia"
"55","Vilas County","55125","Wisconsin"
"27","Beltrami County","27007","Minnesota"
"24","Dorchester County","24019","Maryland"
"42","Columbia County","42037","Pennsylvania"
"39","Clark County","39023","Ohio"
"48","Maverick County","48323","Texas"
"04","Pima County","04019","Arizona"
"35","Cibola County","35006","New Mexico"
"34","Burlington County","34005","New Jersey"
"50","Rutland County","50021","Vermont"
"13","Early County","13099","Georgia"
"25","Dukes County","25007","Massachusetts"
"38","McHenry County","38049","North Dakota"
"31","Wayne County","31179","Nebraska"
"38","LaMoure County","38045","North Dakota"
"16","Butte County","16023","Idaho"
"33","Coos County","33007","New Hampshire"
"38","Kidder County","38043","North Dakota"
"48","Kleberg County","48273","Texas"
"18","Porter County","18127","Indiana"
"28","Newton County","28101","Mississippi"
"37","Sampson County","37163","North Carolina"
"47","Moore County","47127","Tennessee"
"12","Pinellas County","12103","Florida"
"17","Hamilton County","17065","Illinois"
"05","Perry County","05105","Arkansas"
"20","Cheyenne County","20023","Kansas"
"08","Delta County","08029","Colorado"
"19","Wayne County","19185","Iowa"
"48","Gaines County","48165","Texas"
"01","Marion County","01093","Alabama"
"37","Watauga County","37189","North Carolina"
"51","Roanoke city","51770","Virginia"
"48","Martin County","48317","Texas"
"48","Bowie County","48037","Texas"
"49","Weber County","49057","Utah"
"29","Marion County","29127","Missouri"
"36","Jefferson County","36045","New York"
"19","Jackson County","19097","Iowa"
"38","Nelson County","38063","North Dakota"
"36","Clinton County","36019","New York"
"08","Garfield County","08045","Colorado"
"29","Ray County","29177","Missouri"
"39","Hocking County","39073","Ohio"
"01","Lowndes County","01085","Alabama"
"13","Candler County","13043","Georgia"
"19","Linn County","19113","Iowa"
"06","Trinity County","06105","California"
"13","Muscogee County","13215","Georgia"
"28","Tallahatchie County","28135","Mississippi"
"20","Atchison County","20005","Kansas"
"48","Andrews County","48003","Texas"
"39","Miami County","39109","Ohio"
"48","Potter County","48375","Texas"
"40","Seminole County","40133","Oklahoma"
"45","Aiken County","45003","South Carolina"
"06","Mendocino County","06045","California"
"51","Chesapeake city","51550","Virginia"
"56","Sweetwater County","56037","Wyoming"
"48","Garza County","48169","Texas"
"54","Hardy County","54031","West Virginia"
"55","Ozaukee County","55089","Wisconsin"
"47","Sullivan County","47163","Tennessee"
"45","Laurens County","45059","South Carolina"
"56","Crook County","56011","Wyoming"
"55","Sheboygan County","55117","Wisconsin"
"25","Hampden County","25013","Massachusetts"
"48","Caldwell County","48055","Texas"
"20","Cloud County","20029","Kansas"
"06","Inyo County","06027","California"
"01","Coosa County","01037","Alabama"
"19","Dickinson County","19059","Iowa"
"21","Harlan County","21095","Kentucky"
"20","Geary County","20061","Kansas"
"42","Berks County","42011","Pennsylvania"
"47","Carter County","47019","Tennessee"
"27","Lyon County","27083","Minnesota"
"51","Charlotte County","51037","Virginia"
"47","Washington County","47179","Tennessee"
"45","Newberry County","45071","South Carolina"
"51","Isle of Wight County","51093","Virginia"
"41","Wheeler County","41069","Oregon"
"29","Butler County","29023","Missouri"
"22","Iberville Parish","22047","Louisiana"
"28","Sharkey County","28125","Mississippi"
"51","Fauquier County","51061","Virginia"
"51","Radford city","51750","Virginia"
"32","Douglas County","32005","Nevada"
"12","Franklin County","12037","Florida"
"18","Greene County","18055","Indiana"
"18","Rush County","18139","Indiana"
"55","Washington County","55131","Wisconsin"
"29","Laclede County","29105","Missouri"
"42","Mercer County","42085","Pennsylvania"
"05","Craighead County","05031","Arkansas"
"29","Saline County","29195","Missouri"
"17","White County","17193","Illinois"
"17","De Witt County","17039","Illinois"
"32","White Pine County","32033","Nevada"
"27","Goodhue County","27049","Minnesota"
"37","Swain County","37173","North Carolina"
"12","Pasco County","12101","Florida"
"12","Sumter County","12119","Florida"
"36","Nassau County","36059","New York"
"38","Steele County","38091","North Dakota"
"18","Vanderburgh County","18163","Indiana"
"29","Franklin County","29071","Missouri"
"37","Avery County","37011","North Carolina"
"54","Wood County","54107","West Virginia"
"55","Bayfield County","55007","Wisconsin"
"47","Stewart County","47161","Tennessee"
"55","Portage County","55097","Wisconsin"
"45","Lexington County","45063","South Carolina"
"24","Anne Arundel County","24003","Maryland"
"55","Fond du Lac County","55039","Wisconsin"
"54","Webster County","54101","West Virginia"
"55","Kewaunee County","55061","Wisconsin"
"48","Parmer County","48369","Texas"
"40","Woods County","40151","Oklahoma"
"21","Elliott County","21063","Kentucky"
"25","Berkshire County","25003","Massachusetts"
"29","Chariton County","29041","Missouri"
"08","Rio Blanco County","08103","Colorado"
"08","Morgan County","08087","Colorado"
"41","Malheur County","41045","Oregon"
"34","Middlesex County","34023","New Jersey"
"20","Russell County","20167","Kansas"
"17","Putnam County","17155","Illinois"
"46","Haakon County","46055","South Dakota"
"47","Macon County","47111","Tennessee"
"05","Cleburne County","05023","Arkansas"
"01","Pike County","01109","Alabama"
"16","Adams County","16003","Idaho"
"25","Bristol County","25005","Massachusetts"
"42","Schuylkill County","42107","Pennsylvania"
"38","Wells County","38103","North Dakota"
"37","Cleveland County","37045","North Carolina"
"05","Hot Spring County","05059","Arkansas"
"24","Frederick County","24021","Maryland"
"17","Schuyler County","17169","Illinois"
"06","Mono County","06051","California"
"06","Tuolumne County","06109","California"
"35","Doña Ana County","35013","New Mexico"
"13","Crisp County","13081","Georgia"
"05","Columbia County","05027","Arkansas"
"38","Griggs County","38039","North Dakota"
"06","Solano County","06095","California"
"19","Clayton County","19043","Iowa"
"48","Titus County","48449","Texas"
"54","Hampshire County","54027","West Virginia"
"37","Moore County","37125","North Carolina"
"20","Barton County","20009","Kansas"
"38","Slope County","38087","North Dakota"
"22","Richland Parish","22083","Louisiana"
"31","Garfield County","31071","Nebraska"
"22","St. Martin Parish","22099","Louisiana"
"01","Sumter County","01119","Alabama"
"01","Winston County","01133","Alabama"
"12","Seminole County","12117","Florida"
"28","Forrest County","28035","Mississippi"
"26","Ingham County","26065","Michigan"
"20","Shawnee County","20177","Kansas"
"46","Hanson County","46061","South Dakota"
"27","Itasca County","27061","Minnesota"
"08","Lincoln County","08073","Colorado"
"36","Madison County","36053","New York"
"36","Washington County","36115","New York"
"18","Johnson County","18081","Indiana"
"48","Terry County","48445","Texas"
"35","Harding County","35021","New Mexico"
"01","Talladega County","01121","Alabama"
"55","Langlade County","55067","Wisconsin"
"48","Foard County","48155","Texas"
"19","Buena Vista County","19021","Iowa"
"19","Mills County","19129","Iowa"
"48","Real County","48385","Texas"
"39","Delaware County","39041","Ohio"
"37","Forsyth County","37067","North Carolina"
"32","Carson City","32510","Nevada"
"19","Dallas County","19049","Iowa"
"48","Carson County","48065","Texas"
"13","Sumter County","13261","Georgia"
"29","Wayne County","29223","Missouri"
"45","Anderson County","45007","South Carolina"
"56","Carbon County","56007","Wyoming"
"30","Silver Bow County","30093","Montana"
"17","Stephenson County","17177","Illinois"
"26","Lapeer County","26087","Michigan"
"22","Claiborne Parish","22027","Louisiana"
"28","Yalobusha County","28161","Mississippi"
"26","Kalkaska County","26079","Michigan"
"22","Evangeline Parish","22039","Louisiana"
"47","Hardeman County","47069","Tennessee"
"04","Cochise County","04003","Arizona"
"35","Hidalgo County","35023","New Mexico"
"38","Divide County","38023","North Dakota"
"06","San Bernardino County","06071","California"
"08","Montezuma County","08083","Colorado"
"28","Clarke County","28023","Mississippi"
"19","Marion County","19125","Iowa"
"31","Douglas County","31055","Nebraska"
"51","Fairfax city","51600","Virginia"
"40","Harmon County","40057","Oklahoma"
"29","Cedar County","29039","Missouri"
"13","Clarke County","13059","Georgia"
"16","Valley County","16085","Idaho"
"48","Knox County","48275","Texas"
"05","Ouachita County","05103","Arkansas"
"39","Darke County","39037","Ohio"
"40","Kay County","40071","Oklahoma"
"46","Dewey County","46041","South Dakota"
"41","Tillamook County","41057","Oregon"
"13","Coweta County","13077","Georgia"
"28","Simpson County","28127","Mississippi"
"28","Stone County","28131","Mississippi"
"06","Contra Costa County","06013","California"
"47","Carroll County","47017","Tennessee"
"51","Henrico County","51087","Virginia"
"18","Owen County","18119","Indiana"
"36","Westchester County","36119","New York"
"29","Bollinger County","29017","Missouri"
"54","McDowell County","54047","West Virginia"
"54","Harrison County","54033","West Virginia"
"37","Granville County","37077","North Carolina"
"31","Pierce County","31139","Nebraska"
"13","Bleckley County","13023","Georgia"
"13","Burke County","13033","Georgia"
"17","Union County","17181","Illinois"
"17","Kankakee County","17091","Illinois"
"38","McIntosh County","38051","North Dakota"
"31","Platte County","31141","Nebraska"
"37","Warren County","37185","North Carolina"
"13","Marion County","13197","Georgia"
"46","Clay County","46027","South Dakota"
"10","Sussex County","10005","Delaware"
"13","Jasper County","13159","Georgia"
"29","Randolph County","29175","Missouri"
"20","Butler County","20015","Kansas"
"48","Hays County","48209","Texas"
"48","Medina County","48325","Texas"
"26","Mason County","26105","Michigan"
"45","Beaufort County","45013","South Carolina"
"46","Yankton County","46135","South Dakota"
"55","Rock County","55105","Wisconsin"
"45","Pickens County","45077","South Carolina"
"53","Columbia County","53013","Washington"
"18","Clinton County","18023","Indiana"
"17","Clinton County","17027","Illinois"
"16","Minidoka County","16067","Idaho"
"42","Sullivan County","42113","Pennsylvania"
"28","Rankin County","28121","Mississippi"
"48","Motley County","48345","Texas"
"41","Lane County","41039","Oregon"
"48","Wichita County","48485","Texas"
"26","Shiawassee County","26155","Michigan"
"20","Jewell County","20089","Kansas"
"20","Mitchell County","20123","Kansas"
"12","Bradford County","12007","Florida"
"28","Marion County","28091","Mississippi"
"28","George County","28039","Mississippi"
"17","Jo Daviess County","17085","Illinois"
"18","Hancock County","18059","Indiana"
"51","Franklin city","51620","Virginia"
"48","Midland County","48329","Texas"
"20","Scott County","20171","Kansas"
"30","Cascade County","30013","Montana"
"51","Harrisonburg city","51660","Virginia"
"17","Williamson County","17199","Illinois"
"30","Flathead County","30029","Montana"
"20","Stevens County","20189","Kansas"
"21","Fayette County","21067","Kentucky"
"21","Hancock County","21091","Kentucky"
"46","Brown County","46013","South Dakota"
"54","Barbour County","54001","West Virginia"
"47","Wayne County","47181","Tennessee"
"31","Box Butte County","31013","Nebraska"
"42","Northumberland County","42097","Pennsylvania"
"48","Victoria County","48469","Texas"
"51","Buena Vista city","51530","Virginia"
"26","St. Clair County","26147","Michigan"
"31","Thurston County","31173","Nebraska"
"50","Lamoille County","50015","Vermont"
"51","Franklin County","51067","Virginia"
"40","Blaine County","40011","Oklahoma"
"53","Kittitas County","53037","Washington"
"18","Randolph County","18135","Indiana"
"49","Kane County","49025","Utah"
"54","Tucker County","54093","West Virginia"
"55","Crawford County","55023","Wisconsin"
"01","Jackson County","01071","Alabama"
"19","Mahaska County","19123","Iowa"
"20","Douglas County","20045","Kansas"
"21","Daviess County","21059","Kentucky"
"21","Powell County","21197","Kentucky"
"29","Jasper County","29097","Missouri"
"41","Union County","41061","Oregon"
"13","Henry County","13151","Georgia"
"38","Adams County","38001","North Dakota"
"37","Pamlico County","37137","North Carolina"
"21","Graves County","21083","Kentucky"
"42","Cambria County","42021","Pennsylvania"
"47","McMinn County","47107","Tennessee"
"26","Livingston County","26093","Michigan"
"08","Adams County","08001","Colorado"
"42","Lackawanna County","42069","Pennsylvania"
"40","Pontotoc County","40123","Oklahoma"
"40","Creek County","40037","Oklahoma"
"48","Tyler County","48457","Texas"
"47","Van Buren County","47175","Tennessee"
"40","Pottawatomie County","40125","Oklahoma"
"35","Socorro County","35053","New Mexico"
"13","Atkinson County","13003","Georgia"
"12","Duval County","12031","Florida"
"48","Falls County","48145","Texas"
"05","Yell County","05149","Arkansas"
"20","Comanche County","20033","Kansas"
"21","Jessamine County","21113","Kentucky"
"21","Monroe County","21171","Kentucky"
"40","Kiowa County","40075","Oklahoma"
"46","Lake County","46079","South Dakota"
"37","Caswell County","37033","North Carolina"
"48","Presidio County","48377","Texas"
"39","Greene County","39057","Ohio"
"48","Willacy County","48489","Texas"
"35","Los Alamos County","35028","New Mexico"
"02","Kenai Peninsula Borough","02122","Alaska"
"01","Baldwin County","01003","Alabama"
"19","Appanoose County","19007","Iowa"
"51","New Kent County","51127","Virginia"
"13","Talbot County","13263","Georgia"
"36","Lewis County","36049","New York"
"54","Clay County","54015","West Virginia"
"18","Jefferson County","18077","Indiana"
"51","Bedford County","51019","Virginia"
"35","Mora County","35033","New Mexico"
"31","Boone County","31011","Nebraska"
"29","Oregon County","29149","Missouri"
"47","Houston County","47083","Tennessee"
"42","Wyoming County","42131","Pennsylvania"
"37","Lenoir County","37107","North Carolina"
"18","Vigo County","18167","Indiana"
"18","Elkhart County","18039","Indiana"
"51","Grayson County","51077","Virginia"
"48","Lubbock County","48303","Texas"
"27","Meeker County","27093","Minnesota"
"39","Ashland County","39005","Ohio"
"31","Madison County","31119","Nebraska"
"12","Martin County","12085","Florida"
"08","Mineral County","08079","Colorado"
"13","Dawson County","13085","Georgia"
"13","Johnson County","13167","Georgia"
"05","Monroe County","05095","Arkansas"
"29","Dallas County","29059","Missouri"
"51","Pittsylvania County","51143","Virginia"
"02","Denali Borough","02068","Alaska"
"20","Pawnee County","20145","Kansas"
"20","Wyandotte County","20209","Kansas"
"12","Dixie County","12029","Florida"
"26","Tuscola County","26157","Michigan"
"02","Southeast Fairbanks Census Area","02240","Alaska"
"20","Graham County","20065","Kansas"
"22","St. Landry Parish","22097","Louisiana"
"47","Giles County","47055","Tennessee"
"39","Lucas County","39095","Ohio"
"05","Mississippi County","05093","Arkansas"
"18","Floyd County","18043","Indiana"
"20","Morton County","20129","Kansas"
"21","Grant County","21081","Kentucky"
"21","Taylor County","21217","Kentucky"
"37","Graham County","37075","North Carolina"
"54","Logan County","54045","West Virginia"
"54","Pleasants County","54073","West Virginia"
"51","Giles County","51071","Virginia"
"54","Fayette County","54019","West Virginia"
"53","Snohomish County","53061","Washington"
"35","Eddy County","35015","New Mexico"
"31","McPherson County","31117","Nebraska"
"31","Red Willow County","31145","Nebraska"
"31","Rock County","31149","Nebraska"
"47","Humphreys County","47085","Tennessee"
"17","Mason County","17125","Illinois"
"51","Wythe County","51197","Virginia"
"13","Washington County","13303","Georgia"
"53","Yakima County","53077","Washington"
"05","Washington County","05143","Arkansas"
"48","Henderson County","48213","Texas"
"55","Eau Claire County","55035","Wisconsin"
"47","Sequatchie County","47153","Tennessee"
"48","Walker County","48471","Texas"
"04","Coconino County","04005","Arizona"
"20","Sumner County","20191","Kansas"
"26","Oceana County","26127","Michigan"
"27","Kanabec County","27065","Minnesota"
"39","Ashtabula County","39007","Ohio"
"06","Alpine County","06003","California"
"48","Galveston County","48167","Texas"
"01","Bullock County","01011","Alabama"
"17","Livingston County","17105","Illinois"
"39","Preble County","39135","Ohio"
"39","Jackson County","39079","Ohio"
"48","Harris County","48201","Texas"
"25","Middlesex County","25017","Massachusetts"
"48","Dawson County","48115","Texas"
"36","Ontario County","36069","New York"
"01","Autauga County","01001","Alabama"
"20","Miami County","20121","Kansas"
"13","Dodge County","13091","Georgia"
"36","Cortland County","36023","New York"
"13","Camden County","13039","Georgia"
"26","Washtenaw County","26161","Michigan"
"18","LaGrange County","18087","Indiana"
"48","Pecos County","48371","Texas"
"13","Peach County","13225","Georgia"
"13","White County","13311","Georgia"
"13","Jefferson County","13163","Georgia"
"55","Oconto County","55083","Wisconsin"
"48","Nacogdoches County","48347","Texas"
"44","Washington County","44009","Rhode Island"
"53","Okanogan County","53047","Washington"
"53","Spokane County","53063","Washington"
"55","Forest County","55041","Wisconsin"
"55","Sawyer County","55113","Wisconsin"
"34","Hudson County","34017","New Jersey"
"39","Stark County","39151","Ohio"
"48","Guadalupe County","48187","Texas"
"53","Island County","53029","Washington"
"54","Jefferson County","54037","West Virginia"
"51","Prince William County","51153","Virginia"
"42","Chester County","42029","Pennsylvania"
"54","Mercer County","54055","West Virginia"
"47","Roane County","47145","Tennessee"
"53","Clallam County","53009","Washington"
"53","Stevens County","53065","Washington"
"19","Van Buren County","19177","Iowa"
"31","Gosper County","31073","Nebraska"
"28","Monroe County","28095","Mississippi"
"12","Escambia County","12033","Florida"
"48","Tarrant County","48439","Texas"
"24","Prince George's County","24033","Maryland"
"51","Scott County","51169","Virginia"
"48","Jackson County","48239","Texas"
"40","Love County","40085","Oklahoma"
"13","Twiggs County","13289","Georgia"
"39","Mahoning County","39099","Ohio"
"01","Macon County","01087","Alabama"
"17","Wayne County","17191","Illinois"
"48","Swisher County","48437","Texas"
"29","Osage County","29151","Missouri"
"17","Kane County","17089","Illinois"
"06","El Dorado County","06017","California"
"45","Kershaw County","45055","South Carolina"
"37","Gates County","37073","North Carolina"
"08","Otero County","08089","Colorado"
"41","Douglas County","41019","Oregon"
"42","Monroe County","42089","Pennsylvania"
"05","Newton County","05101","Arkansas"
"38","Cavalier County","38019","North Dakota"
"40","Noble County","40103","Oklahoma"
"20","Gove County","20063","Kansas"
"22","Pointe Coupee Parish","22077","Louisiana"
"31","Gage County","31067","Nebraska"
"01","St. Clair County","01115","Alabama"
"28","Scott County","28123","Mississippi"
"13","Dougherty County","13095","Georgia"
"18","Harrison County","18061","Indiana"
"16","Bonner County","16017","Idaho"
"13","Catoosa County","13047","Georgia"
"22","LaSalle Parish","22059","Louisiana"
"23","Waldo County","23027","Maine"
"24","Howard County","24027","Maryland"
"49","Salt Lake County","49035","Utah"
"12","Monroe County","12087","Florida"
"39","Tuscarawas County","39157","Ohio"
"09","Capitol Planning Region","09110","Connecticut"
"09","Greater Bridgeport Planning Region","09120","Connecticut"
"09","Lower Connecticut River Valley Planning Region","09130","Connecticut"
"09","Naugatuck Valley Planning Region","09140","Connecticut"
"09","Northeastern Connecticut Planning Region","09150","Connecticut"
"09","Northwest Hills Planning Region","09160","Connecticut"
"09","South Central Connecticut Planning Region","09170","Connecticut"
"09","Southeastern Connecticut Planning Region","09180","Connecticut"
"09","Western Connecticut Planning Region","09190","Connecticut"
"36","Richmond County","36085","New York"
"39","Highland County","39071","Ohio"
"27","Lake of the Woods County","27077","Minnesota"
"16","Bingham County","16011","Idaho"
"45","Greenville County","45045","South Carolina"
"46","Lyman County","46085","South Dakota"
"55","Trempealeau County","55121","Wisconsin"
"06","Yolo County","06113","California"
"48","Sterling County","48431","Texas"
"48","Winkler County","48495","Texas"
"46","Jackson County","46071","South Dakota"
"49","Sevier County","49041","Utah"
"51","Charles City County","51036","Virginia"
"01","Choctaw County","01023","Alabama"
"18","Knox County","18083","Indiana"
"31","Dawson County","31047","Nebraska"
"20","Ford County","20057","Kansas"
"38","Williams County","38105","North Dakota"
"38","Cass County","38017","North Dakota"
"17","Hardin County","17069","Illinois"
"31","Arthur County","31005","Nebraska"
"48","Frio County","48163","Texas"
"19","Johnson County","19103","Iowa"
"20","Neosho County","20133","Kansas"
"21","Greenup County","21089","Kentucky"
"20","Linn County","20107","Kansas"
"49","Garfield County","49017","Utah"
"32","Eureka County","32011","Nevada"
"31","Hayes County","31085","Nebraska"
"08","Phillips County","08095","Colorado"
"05","Calhoun County","05013","Arkansas"
"02","Fairbanks North Star Borough","02090","Alaska"
"21","Henderson County","21101","Kentucky"
"28","Holmes County","28051","Mississippi"
"28","Oktibbeha County","28105","Mississippi"
"30","Fergus County","30027","Montana"
"24","Garrett County","24023","Maryland"
"22","Webster Parish","22119","Louisiana"
"26","Hillsdale County","26059","Michigan"
"21","Logan County","21141","Kentucky"
"46","Custer County","46033","South Dakota"
"33","Merrimack County","33013","New Hampshire"
"42","York County","42133","Pennsylvania"
"37","Rutherford County","37161","North Carolina"
"46","Beadle County","46005","South Dakota"
"01","Cullman County","01043","Alabama"
"13","Douglas County","13097","Georgia"
"31","Johnson County","31097","Nebraska"
"37","Washington County","37187","North Carolina"
"46","Jones County","46075","South Dakota"
"37","Anson County","37007","North Carolina"
"02","Haines Borough","02100","Alaska"
"38","Billings County","38007","North Dakota"
"31","Antelope County","31003","Nebraska"
"29","Gasconade County","29073","Missouri"
"21","Butler County","21031","Kentucky"
"56","Campbell County","56005","Wyoming"
"13","Morgan County","13211","Georgia"
"05","Cross County","05037","Arkansas"
"05","Phillips County","05107","Arkansas"
"22","St. James Parish","22093","Louisiana"
"06","Yuba County","06115","California"
"01","Shelby County","01117","Alabama"
"08","Ouray County","08091","Colorado"
"35","Curry County","35009","New Mexico"
"40","Washita County","40149","Oklahoma"
"37","Orange County","37135","North Carolina"
"18","Pulaski County","18131","Indiana"
"26","Benzie County","26019","Michigan"
"36","Erie County","36029","New York"
"24","Montgomery County","24031","Maryland"
"51","Manassas Park city","51685","Virginia"
"51","Arlington County","51013","Virginia"
"51","Carroll County","51035","Virginia"
"29","St. Charles County","29183","Missouri"
"06","San Benito County","06069","California"
"24","Queen Anne's County","24035","Maryland"
"20","Brown County","20013","Kansas"
"13","Bulloch County","13031","Georgia"
"21","Floyd County","21071","Kentucky"
"30","Broadwater County","30007","Montana"
"13","Wheeler County","13309","Georgia"
"37","Craven County","37049","North Carolina"
"29","Holt County","29087","Missouri"
"48","Lipscomb County","48295","Texas"
"41","Columbia County","41009","Oregon"
"45","Florence County","45041","South Carolina"
"38","Mountrail County","38061","North Dakota"
"49","Washington County","49053","Utah"
"30","Big Horn County","30003","Montana"
"42","Elk County","42047","Pennsylvania"
"31","Sioux County","31165","Nebraska"
"28","Covington County","28031","Mississippi"
"18","Brown County","18013","Indiana"
"18","Clark County","18019","Indiana"
"21","Boyle County","21021","Kentucky"
"21","Estill County","21065","Kentucky"
"48","Collingsworth County","48087","Texas"
"48","Colorado County","48089","Texas"
"17","Grundy County","17063","Illinois"
"27","Lincoln County","27081","Minnesota"
"13","Evans County","13109","Georgia"
"48","Wise County","48497","Texas"
"02","Bethel Census Area","02050","Alaska"
"13","Webster County","13307","Georgia"
"13","Jones County","13169","Georgia"
"13","Gwinnett County","13135","Georgia"
"55","Polk County","55095","Wisconsin"
"55","Green County","55045","Wisconsin"
"36","Putnam County","36079","New York"
"51","Newport News city","51700","Virginia"
"08","Bent County","08011","Colorado"
"40","Jackson County","40065","Oklahoma"
"30","Sanders County","30089","Montana"
"48","Glasscock County","48173","Texas"
"05","Franklin County","05047","Arkansas"
"40","Major County","40093","Oklahoma"
"47","Montgomery County","47125","Tennessee"
"53","Pend Oreille County","53051","Washington"
"38","McLean County","38055","North Dakota"
"41","Hood River County","41027","Oregon"
"19","Wright County","19197","Iowa"
"48","Shelby County","48419","Texas"
"29","Crawford County","29055","Missouri"
"51","Bath County","51017","Virginia"
"27","Otter Tail County","27111","Minnesota"
"22","Plaquemines Parish","22075","Louisiana"
"28","Pontotoc County","28115","Mississippi"
"22","Morehouse Parish","22067","Louisiana"
"21","Bullitt County","21029","Kentucky"
"01","Dallas County","01047","Alabama"
"48","Comanche County","48093","Texas"
"30","Lincoln County","30053","Montana"
"27","Cass County","27021","Minnesota"
"08","Archuleta County","08007","Colorado"
"28","Yazoo County","28163","Mississippi"
"55","Outagamie County","55087","Wisconsin"
"29","Lafayette County","29107","Missouri"
"37","Wilson County","37195","North Carolina"
"39","Morrow County","39117","Ohio"
"30","Granite County","30039","Montana"
"38","Foster County","38031","North Dakota"
"05","Crawford County","05033","Arkansas"
"48","Burnet County","48053","Texas"
"29","Ste. Genevieve County","29186","Missouri"
"48","Gray County","48179","Texas"
"17","McDonough County","17109","Illinois"
"19","Montgomery County","19137","Iowa"
"05","Jackson County","05067","Arkansas"
"48","Hudspeth County","48229","Texas"
"22","Rapides Parish","22079","Louisiana"
"31","Lincoln County","31111","Nebraska"
"48","Cass County","48067","Texas"
"47","Henry County","47079","Tennessee"
"51","Winchester city","51840","Virginia"
"37","Duplin County","37061","North Carolina"
"37","Haywood County","37087","North Carolina"
"27","Dakota County","27037","Minnesota"
"41","Harney County","41025","Oregon"
"55","Adams County","55001","Wisconsin"
"29","Clark County","29045","Missouri"
"21","Boone County","21015","Kentucky"
"21","Washington County","21229","Kentucky"
"22","Avoyelles Parish","22009","Louisiana"
"28","Tate County","28137","Mississippi"
"29","Worth County","29227","Missouri"
"31","Sherman County","31163","Nebraska"
"46","Campbell County","46021","South Dakota"
"46","Harding County","46063","South Dakota"
"26","Gratiot County","26057","Michigan"
"19","Union County","19175","Iowa"
"17","Massac County","17127","Illinois"
"31","Logan County","31113","Nebraska"
"31","Merrick County","31121","Nebraska"
"31","Sheridan County","31161","Nebraska"
"21","Carlisle County","21039","Kentucky"
"56","Natrona County","56025","Wyoming"
"13","Worth County","13321","Georgia"
"18","Morgan County","18109","Indiana"
"48","Ellis County","48139","Texas"
"13","Pierce County","13229","Georgia"
"18","Grant County","18053","Indiana"
"12","Flagler County","12035","Florida"
"28","Lawrence County","28077","Mississippi"
"22","Winn Parish","22127","Louisiana"
"17","Henry County","17073","Illinois"
"41","Lincoln County","41041","Oregon"
"23","York County","23031","Maine"
"46","Codington County","46029","South Dakota"
"13","Pike County","13231","Georgia"
"13","Stewart County","13259","Georgia"
"34","Monmouth County","34025","New Jersey"
"05","Clay County","05021","Arkansas"
"05","Faulkner County","05045","Arkansas"
"40","Delaware County","40041","Oklahoma"
"19","Keokuk County","19107","Iowa"
"17","Greene County","17061","Illinois"
"27","Lake County","27075","Minnesota"
"13","Troup County","13285","Georgia"
"06","Humboldt County","06023","California"
"47","Dickson County","47043","Tennessee"
"27","Anoka County","27003","Minnesota"
"46","Bon Homme County","46009","South Dakota"
"47","Greene County","47059","Tennessee"
"51","Sussex County","51183","Virginia"
"18","St. Joseph County","18141","Indiana"
"38","Pembina County","38067","North Dakota"
"46","Bennett County","46007","South Dakota"
"22","Vernon Parish","22115","Louisiana"
"23","Penobscot County","23019","Maine"
"24","Talbot County","24041","Maryland"
"13","Stephens County","13257","Georgia"
"06","Riverside County","06065","California"
"05","Baxter County","05005","Arkansas"
"28","Attala County","28007","Mississippi"
"19","Story County","19169","Iowa"
"20","Bourbon County","20011","Kansas"
"51","Cumberland County","51049","Virginia"
"45","Sumter County","45085","South Carolina"
"02","Lake and Peninsula Borough","02164","Alaska"
"54","Wyoming County","54109","West Virginia"
"06","Kern County","06029","California"
"48","Cooke County","48097","Texas"
"45","Orangeburg County","45075","South Carolina"
"55","Taylor County","55119","Wisconsin"
"27","Mower County","27099","Minnesota"
"27","Murray County","27101","Minnesota"
"44","Providence County","44007","Rhode Island"
"29","Phelps County","29161","Missouri"
"28","Prentiss County","28117","Mississippi"
"21","Whitley County","21235","Kentucky"
"18","Starke County","18149","Indiana"
"48","Williamson County","48491","Texas"
"19","Mitchell County","19131","Iowa"
"13","Emanuel County","13107","Georgia"
"22","Catahoula Parish","22025","Louisiana"
"42","Carbon County","42025","Pennsylvania"
"31","Pawnee County","31133","Nebraska"
"47","Unicoi County","47171","Tennessee"
"45","Spartanburg County","45083","South Carolina"
"55","Marathon County","55073","Wisconsin"
"32","Elko County","32007","Nevada"
"54","Braxton County","54007","West Virginia"
"26","Wexford County","26165","Michigan"
"48","Cochran County","48079","Texas"
"42","Blair County","42013","Pennsylvania"
"29","Hickory County","29085","Missouri"
"29","Barry County","29009","Missouri"
"27","Ramsey County","27123","Minnesota"
"05","Little River County","05081","Arkansas"
"32","Lyon County","32019","Nevada"
"12","Lee County","12071","Florida"
"41","Josephine County","41033","Oregon"
"28","Pike County","28113","Mississippi"
"47","Coffee County","47031","Tennessee"
"16","Lemhi County","16059","Idaho"
"21","Ohio County","21183","Kentucky"
"31","Sarpy County","31153","Nebraska"
"13","Colquitt County","13071","Georgia"
"27","Wilkin County","27167","Minnesota"
"17","Randolph County","17157","Illinois"
"23","Kennebec County","23011","Maine"
"51","Smyth County","51173","Virginia"
"35","Roosevelt County","35041","New Mexico"
"42","Somerset County","42111","Pennsylvania"
"51","Washington County","51191","Virginia"
"37","Guilford County","37081","North Carolina"
"16","Ada County","16001","Idaho"
"40","Custer County","40039","Oklahoma"
"39","Marion County","39101","Ohio"
"17","Pike County","17149","Illinois"
"17","Woodford County","17203","Illinois"
"13","Richmond County","13245","Georgia"
"01","Pickens County","01107","Alabama"
"40","Ellis County","40045","Oklahoma"
"17","Perry County","17145","Illinois"
"19","Grundy County","19075","Iowa"
"08","Routt County","08107","Colorado"
"34","Somerset County","34035","New Jersey"
"06","Colusa County","06011","California"
"17","Johnson County","17087","Illinois"
"08","Hinsdale County","08053","Colorado"
"16","Cassia County","16031","Idaho"
"27","Isanti County","27059","Minnesota"
"42","Erie County","42049","Pennsylvania"
"28","Copiah County","28029","Mississippi"
"48","Van Zandt County","48467","Texas"
"51","Roanoke County","51161","Virginia"
"51","Augusta County","51015","Virginia"
"02","Bristol Bay Borough","02060","Alaska"
"49","Piute County","49031","Utah"
"21","Mason County","21161","Kentucky"
"27","Benton County","27009","Minnesota"
"48","Donley County","48129","Texas"
"12","Bay County","12005","Florida"
"01","Lauderdale County","01077","Alabama"
"18","Fountain County","18045","Indiana"
"17","Shelby County","17173","Illinois"
"17","Fayette County","17051","Illinois"
"39","Perry County","39127","Ohio"
"51","Danville city","51590","Virginia"
"13","Banks County","13011","Georgia"
"13","Wayne County","13305","Georgia"
"40","Oklahoma County","40109","Oklahoma"
"40","Johnston County","40069","Oklahoma"
"37","Jackson County","37099","North Carolina"
"49","Summit County","49043","Utah"
"29","Polk County","29167","Missouri"
"32","Lander County","32015","Nevada"
"19","Winneshiek County","19191","Iowa"
"21","Bracken County","21023","Kentucky"
"55","Florence County","55037","Wisconsin"
"54","Roane County","54087","West Virginia"
"27","Wadena County","27159","Minnesota"
"51","Hopewell city","51670","Virginia"
"17","Winnebago County","17201","Illinois"
"04","Gila County","04007","Arizona"
"24","Wicomico County","24045","Maryland"
"21","Carter County","21043","Kentucky"
"37","Iredell County","37097","North Carolina"
"51","Halifax County","51083","Virginia"
"37","Hertford County","37091","North Carolina"
"36","Montgomery County","36057","New York"
"27","Pennington County","27113","Minnesota"
"53","Whatcom County","53073","Washington"
"41","Gilliam County","41021","Oregon"
"34","Ocean County","34029","New Jersey"
"05","Boone County","05009","Arkansas"
"40","Comanche County","40031","Oklahoma"
"48","Jones County","48253","Texas"
"48","Grimes County","48185","Texas"
"26","Genesee County","26049","Michigan"
"22","Assumption Parish","22007","Louisiana"
"28","Calhoun County","28013","Mississippi"
"28","Greene County","28041","Mississippi"
"30","Custer County","30017","Montana"
"46","Roberts County","46109","South Dakota"
"17","Ogle County","17141","Illinois"
"38","Richland County","38077","North Dakota"
"55","Barron County","55005","Wisconsin"
"55","Iron County","55051","Wisconsin"
"27","Wabasha County","27157","Minnesota"
"06","Del Norte County","06015","California"
"40","Pushmataha County","40127","Oklahoma"
"53","Chelan County","53007","Washington"
"26","Presque Isle County","26141","Michigan"
"40","Cleveland County","40027","Oklahoma"
"36","Sullivan County","36105","New York"
"37","Polk County","37149","North Carolina"
"37","Scotland County","37165","North Carolina"
"37","Harnett County","37085","North Carolina"
"37","Lee County","37105","North Carolina"
"18","Tipton County","18159","Indiana"
"20","Clay County","20027","Kansas"
"40","Wagoner County","40145","Oklahoma"
"30","Richland County","30083","Montana"
"05","Ashley County","05003","Arkansas"
"05","Desha County","05041","Arkansas"
"47","Perry County","47135","Tennessee"
"27","Washington County","27163","Minnesota"
"51","Portsmouth city","51740","Virginia"
"42","Fayette County","42051","Pennsylvania"
"54","Grant County","54023","West Virginia"
"51","Shenandoah County","51171","Virginia"
"48","Irion County","48235","Texas"
"29","Caldwell County","29025","Missouri"
"12","Putnam County","12107","Florida"
"18","Crawford County","18025","Indiana"
"29","Lewis County","29111","Missouri"
"31","Grant County","31075","Nebraska"
"16","Oneida County","16071","Idaho"
"17","Moultrie County","17139","Illinois"
"21","Hopkins County","21107","Kentucky"
"16","Clearwater County","16035","Idaho"
"21","Bell County","21013","Kentucky"
"27","Crow Wing County","27035","Minnesota"
"04","Graham County","04009","Arizona"
"05","St. Francis County","05123","Arkansas"
"13","Echols County","13101","Georgia"
"02","Dillingham Census Area","02070","Alaska"
"20","Lincoln County","20105","Kansas"
"20","Smith County","20183","Kansas"
"12","Jefferson County","12065","Florida"
"28","Amite County","28005","Mississippi"
"05","Montgomery County","05097","Arkansas"
"26","Calhoun County","26025","Michigan"
"01","Cleburne County","01029","Alabama"
"08","Weld County","08123","Colorado"
"40","Beckham County","40009","Oklahoma"
"06","Modoc County","06049","California"
"19","Polk County","19153","Iowa"
"13","Liberty County","13179","Georgia"
"48","Navarro County","48349","Texas"
"48","Brooks County","48047","Texas"
"47","Williamson County","47187","Tennessee"
"56","Laramie County","56021","Wyoming"
"53","Asotin County","53003","Washington"
"27","Traverse County","27155","Minnesota"
"17","Cass County","17017","Illinois"
"13","Rockdale County","13247","Georgia"
"42","Juniata County","42067","Pennsylvania"
"42","McKean County","42083","Pennsylvania"
"40","Garvin County","40049","Oklahoma"
"31","Burt County","31021","Nebraska"
"35","San Juan County","35045","New Mexico"
"36","Orleans County","36073","New York"
"22","De Soto Parish","22031","Louisiana"
"06","Fresno County","06019","California"
"13","Elbert County","13105","Georgia"
"01","Barbour County","01005","Alabama"
"37","Bladen County","37017","North Carolina"
"48","Dallam County","48111","Texas"
"17","Sangamon County","17167","Illinois"
"40","Craig County","40035","Oklahoma"
"47","Cumberland County","47035","Tennessee"
"26","Otsego County","26137","Michigan"
"19","Sac County","19161","Iowa"
"49","Emery County","49015","Utah"
"53","Ferry County","53019","Washington"
"30","Wibaux County","30109","Montana"
"35","Lincoln County","35027","New Mexico"
"40","Cherokee County","40021","Oklahoma"
"27","Yellow Medicine County","27173","Minnesota"
"48","Hunt County","48231","Texas"
"48","Mitchell County","48335","Texas"
"48","Wood County","48499","Texas"
"40","Osage County","40113","Oklahoma"
"37","Cherokee County","37039","North Carolina"
"26","Mecosta County","26107","Michigan"
"21","Pike County","21195","Kentucky"
"12","Lafayette County","12067","Florida"
"37","Catawba County","37035","North Carolina"
"21","Breathitt County","21025","Kentucky"
"48","Childress County","48075","Texas"
"29","Ripley County","29181","Missouri"
"17","Tazewell County","17179","Illinois"
"48","Jeff Davis County","48243","Texas"
"51","Lexington city","51678","Virginia"
"05","Sharp County","05135","Arkansas"
"08","Larimer County","08069","Colorado"
"37","Tyrrell County","37177","North Carolina"
"27","Rice County","27131","Minnesota"
"29","Warren County","29219","Missouri"
"21","Warren County","21227","Kentucky"
"22","Caddo Parish","22017","Louisiana"
"46","Todd County","46121","South Dakota"
"19","Marshall County","19127","Iowa"
"40","Tillman County","40141","Oklahoma"
"37","Macon County","37113","North Carolina"
"54","Monroe County","54063","West Virginia"
"18","Switzerland County","18155","Indiana"
"21","Hickman County","21105","Kentucky"
"01","Geneva County","01061","Alabama"
"17","LaSalle County","17099","Illinois"
"19","Delaware County","19055","Iowa"
"20","Morris County","20127","Kansas"
"19","Davis County","19051","Iowa"
"16","Boise County","16015","Idaho"
"55","Monroe County","55081","Wisconsin"
"37","Perquimans County","37143","North Carolina"
"12","Hamilton County","12047","Florida"
"02","Matanuska-Susitna Borough","02170","Alaska"
"18","Delaware County","18035","Indiana"
"12","Levy County","12075","Florida"
"28","Hancock County","28045","Mississippi"
"13","Wilcox County","13315","Georgia"
"22","Red River Parish","22081","Louisiana"
"47","Knox County","47093","Tennessee"
"23","Oxford County","23017","Maine"
"29","Jackson County","29095","Missouri"
"13","Towns County","13281","Georgia"
"28","Smith County","28129","Mississippi"
"16","Payette County","16075","Idaho"
"16","Shoshone County","16079","Idaho"
"37","Hyde County","37095","North Carolina"
"19","Floyd County","19067","Iowa"
"21","McCracken County","21145","Kentucky"
"21","Union County","21225","Kentucky"
"46","Turner County","46125","South Dakota"
"47","Cocke County","47029","Tennessee"
"47","Hancock County","47067","Tennessee"
"47","Hardin County","47071","Tennessee"
"45","Marion County","45067","South Carolina"
"22","Washington Parish","22117","Louisiana"
"29","Stoddard County","29207","Missouri"
"13","Dooly County","13093","Georgia"
"27","Stearns County","27145","Minnesota"
"31","Saunders County","31155","Nebraska"
"27","Sherburne County","27141","Minnesota"
"46","Davison County","46035","South Dakota"
"47","Claiborne County","47025","Tennessee"
"48","Montague County","48337","Texas"
"48","Brown County","48049","Texas"
"55","Racine County","55101","Wisconsin"
"55","Shawano County","55115","Wisconsin"
"19","Audubon County","19009","Iowa"
"48","Haskell County","48207","Texas"
"40","Logan County","40083","Oklahoma"
"36","Oneida County","36065","New York"
"08","Lake County","08065","Colorado"
"40","Pittsburg County","40121","Oklahoma"
"54","Doddridge County","54017","West Virginia"
"54","Wirt County","54105","West Virginia"
"33","Carroll County","33003","New Hampshire"
"54","Tyler County","54095","West Virginia"
"27","Le Sueur County","27079","Minnesota"
"53","Douglas County","53017","Washington"
"36","Cattaraugus County","36009","New York"
"55","Dodge County","55027","Wisconsin"
"19","Jones County","19105","Iowa"
"20","Barber County","20007","Kansas"
"29","Pulaski County","29169","Missouri"
"01","Dale County","01045","Alabama"
"20","Logan County","20109","Kansas"
"06","Madera County","06039","California"
"29","Gentry County","29075","Missouri"
"31","Blaine County","31009","Nebraska"
"49","Daggett County","49009","Utah"
"56","Platte County","56031","Wyoming"
"37","Gaston County","37071","North Carolina"
"35","Guadalupe County","35019","New Mexico"
"30","Golden Valley County","30037","Montana"
"37","Johnston County","37101","North Carolina"
"06","Santa Clara County","06085","California"
"45","Charleston County","45019","South Carolina"
"53","Benton County","53005","Washington"
"29","Adair County","29001","Missouri"
"39","Erie County","39043","Ohio"
"17","Vermilion County","17183","Illinois"
"29","St. Louis County","29189","Missouri"
"17","Boone County","17007","Illinois"
"06","Tehama County","06103","California"
"55","Dane County","55025","Wisconsin"
"48","Fisher County","48151","Texas"
"22","Sabine Parish","22085","Louisiana"
"17","Morgan County","17137","Illinois"
"13","Pulaski County","13235","Georgia"
"37","Bertie County","37015","North Carolina"
"37","Stanly County","37167","North Carolina"
"47","Rhea County","47143","Tennessee"
"37","Greene County","37079","North Carolina"
"21","Leslie County","21131","Kentucky"
"24","Somerset County","24039","Maryland"
"17","Marshall County","17123","Illinois"
"21","Lyon County","21143","Kentucky"
"48","Concho County","48095","Texas"
"48","Coke County","48081","Texas"
"47","Overton County","47133","Tennessee"
"26","Huron County","26063","Michigan"
"26","Iosco County","26069","Michigan"
"13","Coffee County","13069","Georgia"
"13","Ware County","13299","Georgia"
"38","Grant County","38037","North Dakota"
"22","Jefferson Parish","22051","Louisiana"
"22","St. Tammany Parish","22103","Louisiana"
"19","Hardin County","19083","Iowa"
"22","Cameron Parish","22023","Louisiana"
"39","Clinton County","39027","Ohio"
"27","St. Louis County","27137","Minnesota"
"39","Lorain County","39093","Ohio"
"19","Boone County","19015","Iowa"
"48","Polk County","48373","Texas"
"31","Dixon County","31051","Nebraska"
"24","Harford County","24025","Maryland"
"45","Edgefield County","45037","South Carolina"
"51","Accomack County","51001","Virginia"
"55","Calumet County","55015","Wisconsin"
"21","Knox County","21121","Kentucky"
"26","Ionia County","26067","Michigan"
"37","New Hanover County","37129","North Carolina"
"47","Obion County","47131","Tennessee"
"21","Calloway County","21035","Kentucky"
"51","Albemarle County","51003","Virginia"
"47","Robertson County","47147","Tennessee"
"51","Clarke County","51043","Virginia"
"53","Garfield County","53023","Washington"
"21","Jackson County","21109","Kentucky"
"27","Cook County","27031","Minnesota"
"45","Oconee County","45073","South Carolina"
"22","East Baton Rouge Parish","22033","Louisiana"
"28","Claiborne County","28021","Mississippi"
"24","St. Mary's County","24037","Maryland"
"26","Kent County","26081","Michigan"
"37","Pitt County","37147","North Carolina"
"30","Carbon County","30009","Montana"
"31","Stanton County","31167","Nebraska"
"13","Appling County","13001","Georgia"
"19","Jasper County","19099","Iowa"
"28","Wayne County","28153","Mississippi"
"48","Cottle County","48101","Texas"
"51","Greensville County","51081","Virginia"
"12","Polk County","12105","Florida"
"48","Young County","48503","Texas"
"01","Tallapoosa County","01123","Alabama"
"33","Rockingham County","33015","New Hampshire"
"08","Rio Grande County","08105","Colorado"
"19","Plymouth County","19149","Iowa"
"36","Yates County","36123","New York"
"53","King County","53033","Washington"
"41","Deschutes County","41017","Oregon"
"19","Pottawattamie County","19155","Iowa"
"29","Wright County","29229","Missouri"
"30","Toole County","30101","Montana"
"36","Tioga County","36107","New York"
"48","Lee County","48287","Texas"
"13","Fulton County","13121","Georgia"
"48","Cherokee County","48073","Texas"
"29","Audrain County","29007","Missouri"
"45","Colleton County","45029","South Carolina"
"55","Jefferson County","55055","Wisconsin"
"05","Greene County","05055","Arkansas"
"48","Hall County","48191","Texas"
"55","Burnett County","55013","Wisconsin"
"35","Torrance County","35057","New Mexico"
"53","Pacific County","53049","Washington"
"37","Pender County","37141","North Carolina"
"48","Hood County","48221","Texas"
"46","Stanley County","46117","South Dakota"
"32","Washoe County","32031","Nevada"
"21","Ballard County","21007","Kentucky"
"48","Archer County","48009","Texas"
"48","Baylor County","48023","Texas"
"48","San Augustine County","48405","Texas"
"32","Storey County","32029","Nevada"
"13","Schley County","13249","Georgia"
"48","Madison County","48313","Texas"
"06","San Joaquin County","06077","California"
"28","Winston County","28159","Mississippi"
"21","Henry County","21103","Kentucky"
"21","Mercer County","21167","Kentucky"
"31","Wheeler County","31183","Nebraska"
"21","Lewis County","21135","Kentucky"
"27","Grant County","27051","Minnesota"
"28","Humphreys County","28053","Mississippi"
"01","Clarke County","01025","Alabama"
"20","Chase County","20017","Kansas"
"21","Trigg County","21221","Kentucky"
"01","Houston County","01069","Alabama"
"46","Aurora County","46003","South Dakota"
"02","Aleutians East Borough","02013","Alaska"
"31","Franklin County","31061","Nebraska"
"24","Kent County","24029","Maryland"
"20","Crawford County","20037","Kansas"
"27","Chippewa County","27023","Minnesota"
"46","Pennington County","46103","South Dakota"
"45","Hampton County","45049","South Carolina"
"16","Fremont County","16043","Idaho"
"13","Bryan County","13029","Georgia"
"51","Dinwiddie County","51053","Virginia"
"12","St. Lucie County","12111","Florida"
"36","Monroe County","36055","New York"
"46","Lincoln County","46083","South Dakota"
"55","Chippewa County","55017","Wisconsin"
"20","Woodson County","20207","Kansas"
"21","Marshall County","21157","Kentucky"
"13","Clinch County","13065","Georgia"
"13","Lowndes County","13185","Georgia"
"15","Kalawao County","15005","Hawaii"
"15","Kauai County","15007","Hawaii"
"26","Macomb County","26099","Michigan"
"13","Turner County","13287","Georgia"
"17","Jasper County","17079","Illinois"
"48","Milam County","48331","Texas"
"18","Spencer County","18147","Indiana"
"21","Hart County","21099","Kentucky"
"21","Lincoln County","21137","Kentucky"
"30","Blaine County","30005","Montana"
"51","Norfolk city","51710","Virginia"
"48","Reeves County","48389","Texas"
"51","Pulaski County","51155","Virginia"
"37","Union County","37179","North Carolina"
"38","McKenzie County","38053","North Dakota"
"12","Okaloosa County","12091","Florida"
"06","Alameda County","06001","California"
"17","Calhoun County","17013","Illinois"
"18","Kosciusko County","18085","Indiana"
"28","Noxubee County","28103","Mississippi"
"05","Woodruff County","05147","Arkansas"
"34","Gloucester County","34015","New Jersey"
"33","Hillsborough County","33011","New Hampshire"
"30","Judith Basin County","30045","Montana"
"37","Mitchell County","37121","North Carolina"
"30","Powell County","30077","Montana"
"41","Polk County","41053","Oregon"
"41","Wasco County","41065","Oregon"
"46","Perkins County","46105","South Dakota"
"19","Taylor County","19173","Iowa"
"01","Washington County","01129","Alabama"
"39","Defiance County","39039","Ohio"
"54","Greenbrier County","54025","West Virginia"
"17","Marion County","17121","Illinois"
"51","Dickenson County","51051","Virginia"
"51","Amelia County","51007","Virginia"
"13","Randolph County","13243","Georgia"
"35","Luna County","35029","New Mexico"
"48","Nueces County","48355","Texas"
"56","Weston County","56045","Wyoming"
"17","Warren County","17187","Illinois"
"01","Madison County","01089","Alabama"
"47","Wilson County","47189","Tennessee"
"48","Camp County","48063","Texas"
"40","Jefferson County","40067","Oklahoma"
"54","Ritchie County","54085","West Virginia"
"19","Page County","19145","Iowa"
"20","Jefferson County","20087","Kansas"
"22","Iberia Parish","22045","Louisiana"
"02","Kusilvak Census Area","02158","Alaska"
"37","Onslow County","37133","North Carolina"
"27","Faribault County","27043","Minnesota"
"47","Grainger County","47057","Tennessee"
"48","Freestone County","48161","Texas"
"42","Mifflin County","42087","Pennsylvania"
"01","Crenshaw County","01041","Alabama"
"51","Bristol city","51520","Virginia"
"48","Runnels County","48399","Texas"
"48","Terrell County","48443","Texas"
"20","Rawlins County","20153","Kansas"
"20","Thomas County","20193","Kansas"
"13","Jeff Davis County","13161","Georgia"
"19","Cherokee County","19035","Iowa"
"05","White County","05145","Arkansas"
"28","Leflore County","28083","Mississippi"
"29","Cooper County","29053","Missouri"
"26","Dickinson County","26043","Michigan"
"17","Will County","17197","Illinois"
"48","Deaf Smith County","48117","Texas"
"46","Brookings County","46011","South Dakota"
"29","Clay County","29047","Missouri"
"28","Coahoma County","28027","Mississippi"
"18","Boone County","18011","Indiana"
"19","Des Moines County","19057","Iowa"
"19","Scott County","19163","Iowa"
"20","Ottawa County","20143","Kansas"
"12","Columbia County","12023","Florida"
"12","Holmes County","12059","Florida"
"28","Harrison County","28047","Mississippi"
"47","Bradley County","47011","Tennessee"
"27","Carlton County","27017","Minnesota"
"48","Marion County","48315","Texas"
"36","Schoharie County","36095","New York"
"40","Pawnee County","40117","Oklahoma"
"36","Broome County","36007","New York"
"48","Liberty County","48291","Texas"
"39","Athens County","39009","Ohio"
"39","Jefferson County","39081","Ohio"
"54","Randolph County","54083","West Virginia"
"54","Marion County","54049","West Virginia"
"34","Cumberland County","34011","New Jersey"
"06","Nevada County","06057","California"
"55","Douglas County","55031","Wisconsin"
"21","Pulaski County","21199","Kentucky"
"37","Edgecombe County","37065","North Carolina"
"48","Jasper County","48241","Texas"
"49","Beaver County","49001","Utah"
"13","Murray County","13213","Georgia"
"18","Jay County","18075","Indiana"
"26","Montcalm County","26117","Michigan"
"36","Rensselaer County","36083","New York"
"12","Collier County","12021","Florida"
"35","McKinley County","35031","New Mexico"
"13","Ben Hill County","13017","Georgia"
"05","Lee County","05077","Arkansas"
"12","Baker County","12003","Florida"
"13","Lanier County","13173","Georgia"
"20","Rice County","20159","Kansas"
"01","Calhoun County","01015","Alabama"
"28","Jackson County","28059","Mississippi"
"21","Campbell County","21037","Kentucky"
"21","Cumberland County","21057","Kentucky"
"28","Panola County","28107","Mississippi"
"48","Hansford County","48195","Texas"
"48","Chambers County","48071","Texas"
"13","Quitman County","13239","Georgia"
"48","Hardin County","48199","Texas"
"39","Sandusky County","39143","Ohio"
"23","Piscataquis County","23021","Maine"
"17","Pulaski County","17153","Illinois"
"40","Okfuskee County","40107","Oklahoma"
"26","Saginaw County","26145","Michigan"
"35","Rio Arriba County","35039","New Mexico"
"50","Caledonia County","50005","Vermont"
"51","Botetourt County","51023","Virginia"
"17","Madison County","17119","Illinois"
"48","Collin County","48085","Texas"
"45","Abbeville County","45001","South Carolina"
"31","Dodge County","31053","Nebraska"
"12","Sarasota County","12115","Florida"
"55","Marquette County","55077","Wisconsin"
"04","Mohave County","04015","Arizona"
"04","Yavapai County","04025","Arizona"
"45","Horry County","45051","South Carolina"
"42","Montgomery County","42091","Pennsylvania"
"16","Lewis County","16061","Idaho"
"51","Norton city","51720","Virginia"
"34","Morris County","34027","New Jersey"
"29","Sullivan County","29211","Missouri"
"20","Ness County","20135","Kansas"
"48","Brazoria County","48039","Texas"
"51","Staunton city","51790","Virginia"
"31","Chase County","31029","Nebraska"
"39","Montgomery County","39113","Ohio"
"48","Throckmorton County","48447","Texas"
"13","Oglethorpe County","13221","Georgia"
"05","Conway County","05029","Arkansas"
"29","Nodaway County","29147","Missouri"
"38","Ransom County","38073","North Dakota"
"26","Bay County","26017","Michigan"
"47","Shelby County","47157","Tennessee"
"06","Butte County","06007","California"
"27","Pine County","27115","Minnesota"
"48","Bastrop County","48021","Texas"
"53","Klickitat County","53039","Washington"
"53","San Juan County","53055","Washington"
"55","Brown County","55009","Wisconsin"
"20","Wilson County","20205","Kansas"
"22","Natchitoches Parish","22069","Louisiana"
"22","Terrebonne Parish","22109","Louisiana"
"13","Irwin County","13155","Georgia"
"02","North Slope Borough","02185","Alaska"
"26","Arenac County","26011","Michigan"
"19","Lee County","19111","Iowa"
"20","Osborne County","20141","Kansas"
"26","Emmet County","26047","Michigan"
"19","Fremont County","19071","Iowa"
"23","Lincoln County","23015","Maine"
"36","Seneca County","36099","New York"
"21","Laurel County","21125","Kentucky"
"47","Meigs County","47121","Tennessee"
"29","Taney County","29213","Missouri"
"13","Taylor County","13269","Georgia"
"51","Williamsburg city","51830","Virginia"
"48","Scurry County","48415","Texas"
"08","Gilpin County","08047","Colorado"
"40","McClain County","40087","Oklahoma"
"54","Pendleton County","54071","West Virginia"
"51","Page County","51139","Virginia"
"40","Le Flore County","40079","Oklahoma"
"54","Summers County","54089","West Virginia"
"37","Mecklenburg County","37119","North Carolina"
"34","Essex County","34013","New Jersey"
"29","Linn County","29115","Missouri"
"13","Montgomery County","13209","Georgia"
"41","Sherman County","41055","Oregon"
"13","Greene County","13133","Georgia"
"46","Buffalo County","46017","South Dakota"
"46","Mellette County","46095","South Dakota"
"48","Ector County","48135","Texas"
"48","Limestone County","48293","Texas"
"53","Grays Harbor County","53027","Washington"
"54","Berkeley County","54003","West Virginia"
"30","Park County","30067","Montana"
"48","Denton County","48121","Texas"
"45","Cherokee County","45021","South Carolina"
"37","Yancey County","37199","North Carolina"
"48","Red River County","48387","Texas"
"48","Matagorda County","48321","Texas"
"27","Stevens County","27149","Minnesota"
"13","Warren County","13301","Georgia"
"48","Hardeman County","48197","Texas"
"17","Monroe County","17133","Illinois"
"13","Jenkins County","13165","Georgia"
"21","Grayson County","21085","Kentucky"
"48","Palo Pinto County","48363","Texas"
"13","Heard County","13149","Georgia"
"01","Lawrence County","01079","Alabama"
"28","Marshall County","28093","Mississippi"
"20","Clark County","20025","Kansas"
"20","Haskell County","20081","Kansas"
"22","Bienville Parish","22013","Louisiana"
"13","Walker County","13295","Georgia"
"19","Iowa County","19095","Iowa"
"31","Buffalo County","31019","Nebraska"
"40","Beaver County","40007","Oklahoma"
"19","Butler County","19023","Iowa"
"30","Roosevelt County","30085","Montana"
"53","Cowlitz County","53015","Washington"
"48","Live Oak County","48297","Texas"
"29","Moniteau County","29135","Missouri"
"51","Westmoreland County","51193","Virginia"
"37","Yadkin County","37197","North Carolina"
"06","Merced County","06047","California"
"40","Dewey County","40043","Oklahoma"
"37","Burke County","37023","North Carolina"
"37","Wayne County","37191","North Carolina"
"42","Warren County","42123","Pennsylvania"
"05","Howard County","05061","Arkansas"
"37","Davie County","37059","North Carolina"
"37","McDowell County","37111","North Carolina"
"05","Nevada County","05099","Arkansas"
"08","Yuma County","08125","Colorado"
"48","Sherman County","48421","Texas"
"48","Uvalde County","48463","Texas"
"39","Auglaize County","39011","Ohio"
"22","Bossier Parish","22015","Louisiana"
"19","Emmet County","19063","Iowa"
"20","Saline County","20169","Kansas"
"21","Magoffin County","21153","Kentucky"
"48","Bailey County","48017","Texas"
"29","Callaway County","29027","Missouri"
"56","Albany County","56001","Wyoming"
"56","Park County","56029","Wyoming"
"42","Montour County","42093","Pennsylvania"
"36","Queens County","36081","New York"
"12","Suwannee County","12121","Florida"
"26","Cheboygan County","26031","Michigan"
"26","Gladwin County","26051","Michigan"
"21","Montgomery County","21173","Kentucky"
"45","Lancaster County","45057","South Carolina"
"21","Larue County","21123","Kentucky"
"19","Woodbury County","19193","Iowa"
"12","Taylor County","12123","Florida"
"17","Alexander County","17003","Illinois"
"29","Jefferson County","29099","Missouri"
"29","Lincoln County","29113","Missouri"
"13","Chatham County","13051","Georgia"
"12","Union County","12125","Florida"
"36","Genesee County","36037","New York"
"19","Clay County","19041","Iowa"
"30","Fallon County","30025","Montana"
"46","Potter County","46107","South Dakota"
"48","Culberson County","48109","Texas"
"23","Cumberland County","23005","Maine"
"48","Atascosa County","48013","Texas"
"20","Kingman County","20095","Kansas"
"13","Rabun County","13241","Georgia"
"54","Upshur County","54097","West Virginia"
"29","Texas County","29215","Missouri"
"05","Pulaski County","05119","Arkansas"
"19","Crawford County","19047","Iowa"
"16","Bannock County","16005","Idaho"
"39","Geauga County","39055","Ohio"
"06","Tulare County","06107","California"
"36","Wayne County","36117","New York"
"51","Rockbridge County","51163","Virginia"
"38","Towner County","38095","North Dakota"
"42","Delaware County","42045","Pennsylvania"
"36","Niagara County","36063","New York"
"50","Bennington County","50003","Vermont"
"12","Clay County","12019","Florida"
"37","Wake County","37183","North Carolina"
"39","Hamilton County","39061","Ohio"
"34","Bergen County","34003","New Jersey"
"32","Lincoln County","32017","Nevada"
"02","Nome Census Area","02180","Alaska"
"30","McCone County","30055","Montana"
"19","Buchanan County","19019","Iowa"
"17","DuPage County","17043","Illinois"
"46","Fall River County","46047","South Dakota"
"27","Kittson County","27069","Minnesota"
"13","Oconee County","13219","Georgia"
"48","Wilson County","48493","Texas"
"31","Fillmore County","31059","Nebraska"
"12","Madison County","12079","Florida"
"18","Sullivan County","18153","Indiana"
"04","La Paz County","04012","Arizona"
"13","Brooks County","13027","Georgia"
"02","Aleutians West Census Area","02016","Alaska"
"02","Kodiak Island Borough","02150","Alaska"
"20","Stafford County","20185","Kansas"
"13","Telfair County","13271","Georgia"
"26","Monroe County","26115","Michigan"
"18","White County","18181","Indiana"
"18","Noble County","18113","Indiana"
"21","Livingston County","21139","Kentucky"
"13","Miller County","13201","Georgia"
"47","Lincoln County","47103","Tennessee"
"21","Shelby County","21211","Kentucky"
"31","York County","31185","Nebraska"
"42","Adams County","42001","Pennsylvania"
"45","Allendale County","45005","South Carolina"
"47","Davidson County","47037","Tennessee"
"49","Uintah County","49047","Utah"
"49","Utah County","49049","Utah"
"18","Clay County","18021","Indiana"
"36","Kings County","36047","New York"
"29","Morgan County","29141","Missouri"
"39","Holmes County","39075","Ohio"
"19","Osceola County","19143","Iowa"
"18","Jennings County","18079","Indiana"
"16","Twin Falls County","16083","Idaho"
"17","Saline County","17165","Illinois"
"26","Kalamazoo County","26077","Michigan"
"45","Lee County","45061","South Carolina"
"56","Johnson County","56019","Wyoming"
"18","Daviess County","18027","Indiana"
"26","Grand Traverse County","26055","Michigan"
"22","Allen Parish","22003","Louisiana"
"46","Hughes County","46065","South Dakota"
"46","Hyde County","46069","South Dakota"
"45","Clarendon County","45027","South Carolina"
"30","Stillwater County","30095","Montana"
"47","Bledsoe County","47007","Tennessee"
"21","Todd County","21219","Kentucky"
"47","Weakley County","47183","Tennessee"
"29","Greene County","29077","Missouri"
"42","Lehigh County","42077","Pennsylvania"
"31","Seward County","31159","Nebraska"
"36","Chemung County","36015","New York"
"36","Wyoming County","36121","New York"
"06","Stanislaus County","06099","California"
"42","Northampton County","42095","Pennsylvania"
"01","Morgan County","01103","Alabama"
"21","Breckinridge County","21027","Kentucky"
"28","Grenada County","28043","Mississippi"
"21","Simpson County","21213","Kentucky"
"50","Grand Isle County","50013","Vermont"
"39","Columbiana County","39029","Ohio"
"51","Nelson County","51125","Virginia"
"12","Osceola County","12097","Florida"
"05","Grant County","05053","Arkansas"
"13","Laurens County","13175","Georgia"
"36","New York County","36061","New York"
"05","Benton County","05007","Arkansas"
"12","Marion County","12083","Florida"
"51","Nottoway County","51135","Virginia"
"34","Warren County","34041","New Jersey"
"36","Columbia County","36021","New York"
"51","Martinsville city","51690","Virginia"
"40","Choctaw County","40023","Oklahoma"
"20","Dickinson County","20041","Kansas"
"48","Starr County","48427","Texas"
"13","Effingham County","13103","Georgia"
"40","Roger Mills County","40129","Oklahoma"
"55","Richland County","55103","Wisconsin"
"35","Lea County","35025","New Mexico"
"01","Lamar County","01075","Alabama"
"47","Marshall County","47117","Tennessee"
"51","Appomattox County","51011","Virginia"
"05","Madison County","05087","Arkansas"
"56","Sheridan County","56033","Wyoming"
"42","Cumberland County","42041","Pennsylvania"
"42","Franklin County","42055","Pennsylvania"
"42","Luzerne County","42079","Pennsylvania"
"26","Crawford County","26039","Michigan"
"01","Russell County","01113","Alabama"
"39","Carroll County","39019","Ohio"
"51","Fluvanna County","51065","Virginia"
"17","Lake County","17097","Illinois"
"13","Madison County","13195","Georgia"
"05","Dallas County","05039","Arkansas"
"08","Jackson County","08057","Colorado"
"08","Kit Carson County","08063","Colorado"
"16","Owyhee County","16073","Idaho"
"55","Wood County","55141","Wisconsin"
"36","Chautauqua County","36013","New York"
"13","Cobb County","13067","Georgia"
"47","Johnson County","47091","Tennessee"
"39","Belmont County","39013","Ohio"
"51","Wise County","51195","Virginia"
"29","Carter County","29035","Missouri"
"40","Bryan County","40013","Oklahoma"
"31","Clay County","31035","Nebraska"
"24","Charles County","24017","Maryland"
"19","Cerro Gordo County","19033","Iowa"
"19","Greene County","19073","Iowa"
"21","Rowan County","21205","Kentucky"
"49","Wayne County","49055","Utah"
"29","Cape Girardeau County","29031","Missouri"
"53","Walla Walla County","53071","Washington"
"29","Mississippi County","29133","Missouri"
"05","Cleveland County","05025","Arkansas"
"48","Dallas County","48113","Texas"
"18","DeKalb County","18033","Indiana"
"22","Ouachita Parish","22073","Louisiana"
"22","St. John the Baptist Parish","22095","Louisiana"
"22","St. Helena Parish","22091","Louisiana"
"29","Schuyler County","29197","Missouri"
"01","Franklin County","01059","Alabama"
"21","Carroll County","21041","Kentucky"
"08","Clear Creek County","08019","Colorado"
"48","Kimble County","48267","Texas"
"26","Mackinac County","26097","Michigan"
"48","McCulloch County","48307","Texas"
"28","Tishomingo County","28141","Mississippi"
"48","Crockett County","48105","Texas"
"48","Hill County","48217","Texas"
"08","Logan County","08075","Colorado"
"20","Finney County","20055","Kansas"
"20","Montgomery County","20125","Kansas"
"45","Fairfield County","45039","South Carolina"
"31","Cheyenne County","31033","Nebraska"
"27","Martin County","27091","Minnesota"
"47","Sevier County","47155","Tennessee"
"47","Polk County","47139","Tennessee"
"48","Kent County","48263","Texas"
"30","Teton County","30099","Montana"
"31","Garden County","31069","Nebraska"
"17","Macoupin County","17117","Illinois"
"39","Ross County","39141","Ohio"
"17","Whiteside County","17195","Illinois"
"48","El Paso County","48141","Texas"
"48","Loving County","48301","Texas"
"40","Latimer County","40077","Oklahoma"
"39","Washington County","39167","Ohio"
"29","Howell County","29091","Missouri"
"20","Edwards County","20047","Kansas"
"21","Jefferson County","21111","Kentucky"
"17","Logan County","17107","Illinois"
"55","Winnebago County","55139","Wisconsin"
"21","Fulton County","21075","Kentucky"
"20","Harvey County","20079","Kansas"
"30","Dawson County","30021","Montana"
"54","Taylor County","54091","West Virginia"
"26","Midland County","26111","Michigan"
"28","Quitman County","28119","Mississippi"
"21","Hardin County","21093","Kentucky"
"17","Jefferson County","17081","Illinois"
"46","Hamlin County","46057","South Dakota"
"55","Lincoln County","55069","Wisconsin"
"36","Franklin County","36033","New York"
"51","Fredericksburg city","51630","Virginia"
"54","Raleigh County","54081","West Virginia"
"35","Chaves County","35005","New Mexico"
"35","Santa Fe County","35049","New Mexico"
"06","Orange County","06059","California"
"04","Santa Cruz County","04023","Arizona"
"37","Currituck County","37053","North Carolina"
"17","Lawrence County","17101","Illinois"
"18","Howard County","18067","Indiana"
"18","Pike County","18125","Indiana"
"21","Christian County","21047","Kentucky"
"26","Eaton County","26045","Michigan"
"19","Wapello County","19179","Iowa"
"06","Imperial County","06025","California"
"26","Cass County","26027","Michigan"
"28","Wilkinson County","28157","Mississippi"
"02","Yakutat City and Borough","02282","Alaska"
"20","Sheridan County","20179","Kansas"
"28","Leake County","28079","Mississippi"
"28","Clay County","28025","Mississippi"
"28","Franklin County","28037","Mississippi"
"28","Neshoba County","28099","Mississippi"
"46","Edmunds County","46045","South Dakota"
"01","Conecuh County","01035","Alabama"
"18","Dearborn County","18029","Indiana"
"18","Jackson County","18071","Indiana"
"28","Lee County","28081","Mississippi"
"22","West Feliciana Parish","22125","Louisiana"
"05","Crittenden County","05035","Arkansas"
"12","Jackson County","12063","Florida"
"48","Dickens County","48125","Texas"
"51","Mathews County","51115","Virginia"
"38","Renville County","38075","North Dakota"
"48","La Salle County","48283","Texas"
"36","Onondaga County","36067","New York"
"19","Henry County","19087","Iowa"
"31","Harlan County","31083","Nebraska"
"30","Powder River County","30075","Montana"
"55","Pepin County","55091","Wisconsin"
"04","Apache County","04001","Arizona"
"29","Macon County","29121","Missouri"
"48","Lamb County","48279","Texas"
"20","Kiowa County","20097","Kansas"
"48","Austin County","48015","Texas"
"29","Daviess County","29061","Missouri"
"13","Seminole County","13253","Georgia"
"26","Manistee County","26101","Michigan"
"19","Lyon County","19119","Iowa"
"48","Hutchinson County","48233","Texas"
"40","Texas County","40139","Oklahoma"
"40","Woodward County","40153","Oklahoma"
"19","Adams County","19003","Iowa"
"06","Sutter County","06101","California"
"42","Potter County","42105","Pennsylvania"
"48","Val Verde County","48465","Texas"
"20","Harper County","20077","Kansas"
"19","Monona County","19133","Iowa"
"49","Juab County","49023","Utah"
"40","Stephens County","40137","Oklahoma"
"36","Chenango County","36017","New York"
"17","Peoria County","17143","Illinois"
"19","Humboldt County","19091","Iowa"
"31","Washington County","31177","Nebraska"
"55","Iowa County","55049","Wisconsin"
"27","Morrison County","27097","Minnesota"
"42","Allegheny County","42003","Pennsylvania"
"29","Shelby County","29205","Missouri"
"39","Madison County","39097","Ohio"
"20","Washington County","20201","Kansas"
"17","Champaign County","17019","Illinois"
"16","Washington County","16087","Idaho"
"17","Edgar County","17045","Illinois"
"08","Washington County","08121","Colorado"
"39","Hardin County","39065","Ohio"
"26","Missaukee County","26113","Michigan"
"38","Stutsman County","38093","North Dakota"
"29","Shannon County","29203","Missouri"
"48","Smith County","48423","Texas"
"40","Tulsa County","40143","Oklahoma"
"40","McIntosh County","40091","Oklahoma"
"48","Robertson County","48395","Texas"
"48","Gillespie County","48171","Texas"
"26","Oakland County","26125","Michigan"
"38","Golden Valley County","38033","North Dakota"
"56","Niobrara County","56027","Wyoming"
"27","Pipestone County","27117","Minnesota"
"51","King George County","51099","Virginia"
"53","Grant County","53025","Washington"
"27","Renville County","27129","Minnesota"
"12","Alachua County","12001","Florida"
"31","Hooker County","31091","Nebraska"
"51","Prince Edward County","51147","Virginia"
"49","Carbon County","49007","Utah"
"42","Bucks County","42017","Pennsylvania"
"46","Hand County","46059","South Dakota"
"42","Lycoming County","42081","Pennsylvania"
"16","Latah County","16057","Idaho"
"13","Putnam County","13237","Georgia"
"51","Galax city","51640","Virginia"
"35","Quay County","35037","New Mexico"
"48","King County","48269","Texas"
"05","Lafayette County","05073","Arkansas"
"48","Tom Green County","48451","Texas"
"12","Hardee County","12049","Florida"
"39","Clermont County","39025","Ohio"
"48","Yoakum County","48501","Texas"
"41","Yamhill County","41071","Oregon"
"19","Louisa County","19115","Iowa"
"20","Elk County","20049","Kansas"
"39","Noble County","39121","Ohio"
"39","Putnam County","39137","Ohio"
"48","Somervell County","48425","Texas"
"42","Lebanon County","42075","Pennsylvania"
"30","Glacier County","30035","Montana"
"32","Pershing County","32027","Nevada"
"27","Mahnomen County","27087","Minnesota"
"34","Passaic County","34031","New Jersey"
"30","Lake County","30047","Montana"
"48","Kenedy County","48261","Texas"
"48","Borden County","48033","Texas"
"29","Perry County","29157","Missouri"
"48","San Saba County","48411","Texas"
"40","Kingfisher County","40073","Oklahoma"
"48","Burleson County","48051","Texas"
"36","Fulton County","36035","New York"
"28","Sunflower County","28133","Mississippi"
"27","Hennepin County","27053","Minnesota"
"42","Centre County","42027","Pennsylvania"
"48","Bee County","48025","Texas"
"47","Henderson County","47077","Tennessee"
"19","Tama County","19171","Iowa"
"20","Seward County","20175","Kansas"
"19","Monroe County","19135","Iowa"
"31","Richardson County","31147","Nebraska"
"17","Christian County","17021","Illinois"
"12","Nassau County","12089","Florida"
"12","Washington County","12133","Florida"
"13","Baker County","13007","Georgia"
"13","Thomas County","13275","Georgia"
"21","Anderson County","21005","Kentucky"
"21","Oldham County","21185","Kentucky"
"13","Cherokee County","13057","Georgia"
"38","Oliver County","38065","North Dakota"
"26","Osceola County","26133","Michigan"
"47","McNairy County","47109","Tennessee"
"53","Adams County","53001","Washington"
"29","Dade County","29057","Missouri"
"22","St. Mary Parish","22101","Louisiana"
"50","Chittenden County","50007","Vermont"
"15","Maui County","15009","Hawaii"
"22","Lafourche Parish","22057","Louisiana"
"19","Muscatine County","19139","Iowa"
"12","Santa Rosa County","12113","Florida"
"18","Martin County","18101","Indiana"
"21","Rockcastle County","21203","Kentucky"
"21","Trimble County","21223","Kentucky"
"13","Chattooga County","13055","Georgia"
"45","Dillon County","45033","South Carolina"
"37","Jones County","37103","North Carolina"
"29","Scotland County","29199","Missouri"
"20","Nemaha County","20131","Kansas"
"20","Norton County","20137","Kansas"
"31","Furnas County","31065","Nebraska"
"13","Decatur County","13087","Georgia"
"18","Wayne County","18177","Indiana"
"21","Barren County","21009","Kentucky"
"31","Howard County","31093","Nebraska"
"38","Dunn County","38025","North Dakota"
"06","Amador County","06005","California"
"47","Fentress County","47049","Tennessee"
"20","Coffey County","20031","Kansas"
"26","Branch County","26023","Michigan"
"51","Campbell County","51031","Virginia"
"39","Meigs County","39105","Ohio"
"54","Nicholas County","54067","West Virginia"
"40","Grant County","40053","Oklahoma"
"46","Spink County","46115","South Dakota"
"50","Windsor County","50027","Vermont"
"48","Trinity County","48455","Texas"
"35","Bernalillo County","35001","New Mexico"
"13","Mitchell County","13205","Georgia"
"15","Hawaii County","15001","Hawaii"
"21","McCreary County","21147","Kentucky"
"21","Pendleton County","21191","Kentucky"
"21","Spencer County","21215","Kentucky"
"30","Hill County","30041","Montana"
"31","Valley County","31175","Nebraska"
"48","Castro County","48069","Texas"
"24","Washington County","24043","Maryland"
"21","Letcher County","21133","Kentucky"
"34","Salem County","34033","New Jersey"
"51","Lynchburg city","51680","Virginia"
"05","Saline County","05125","Arkansas"
"54","Mason County","54053","West Virginia"
"54","Gilmer County","54021","West Virginia"
"28","Jefferson County","28063","Mississippi"
"38","Rolette County","38079","North Dakota"
"30","Treasure County","30103","Montana"
"21","Clark County","21049","Kentucky"
"26","Allegan County","26005","Michigan"
"47","Benton County","47005","Tennessee"
"27","Brown County","27015","Minnesota"
"47","Pickett County","47137","Tennessee"
"51","Louisa County","51109","Virginia"
"18","Shelby County","18145","Indiana"
"39","Franklin County","39049","Ohio"
"49","Iron County","49021","Utah"
"32","Esmeralda County","32009","Nevada"
"26","Keweenaw County","26083","Michigan"
"49","Sanpete County","49039","Utah"
"20","Kearny County","20093","Kansas"
"12","Brevard County","12009","Florida"
"18","Monroe County","18105","Indiana"
"19","Lucas County","19117","Iowa"
"21","Woodford County","21239","Kentucky"
"45","Jasper County","45053","South Carolina"
"48","Brewster County","48043","Texas"
"45","McCormick County","45065","South Carolina"
"45","Union County","45087","South Carolina"
"27","Nicollet County","27103","Minnesota"
"55","Marinette County","55075","Wisconsin"
"53","Clark County","53011","Washington"
"55","Price County","55099","Wisconsin"
"18","Miami County","18103","Indiana"
"20","Ellsworth County","20053","Kansas"
"22","West Carroll Parish","22123","Louisiana"
"12","Liberty County","12077","Florida"
"20","Hodgeman County","20083","Kansas"
"20","Meade County","20119","Kansas"
"21","McLean County","21149","Kentucky"
"28","Adams County","28001","Mississippi"
"28","Itawamba County","28057","Mississippi"
"21","Franklin County","21073","Kentucky"
"23","Hancock County","23009","Maine"
"23","Knox County","23013","Maine"
"13","Newton County","13217","Georgia"
"46","Faulk County","46049","South Dakota"
"26","Houghton County","26061","Michigan"
"30","Mineral County","30061","Montana"
"47","Franklin County","47051","Tennessee"
"22","Concordia Parish","22029","Louisiana"
"22","Livingston Parish","22063","Louisiana"
"25","Essex County","25009","Massachusetts"
"46","Butte County","46019","South Dakota"
"08","Douglas County","08035","Colorado"
"45","Richland County","45079","South Carolina"
"18","Madison County","18095","Indiana"
"40","Murray County","40099","Oklahoma"
"54","Brooke County","54009","West Virginia"
"54","Calhoun County","54013","West Virginia"
"51","Bland County","51021","Virginia"
"30","Yellowstone County","30111","Montana"
"54","Lincoln County","54043","West Virginia"
"06","Lake County","06033","California"
"13","Grady County","13131","Georgia"
"08","Conejos County","08021","Colorado"
"49","San Juan County","49037","Utah"
"18","Putnam County","18133","Indiana"
"16","Gooding County","16047","Idaho"
"47","Tipton County","47167","Tennessee"
"22","West Baton Rouge Parish","22121","Louisiana"
"29","Putnam County","29171","Missouri"
"56","Teton County","56039","Wyoming"
"55","Grant County","55043","Wisconsin"
"38","Morton County","38059","North Dakota"
"37","Chowan County","37041","North Carolina"
"37","Buncombe County","37021","North Carolina"
"06","Plumas County","06063","California"
"51","Petersburg city","51730","Virginia"
"50","Washington County","50023","Vermont"
"46","Meade County","46093","South Dakota"
"18","Marion County","18097","Indiana"
"05","Chicot County","05017","Arkansas"
"13","Bibb County","13021","Georgia"
"05","Pope County","05115","Arkansas"
"51","Southampton County","51175","Virginia"
"48","Gregg County","48183","Texas"
"36","Rockland County","36087","New York"
"05","Marion County","05089","Arkansas"
"51","Suffolk city","51800","Virginia"
"08","El Paso County","08041","Colorado"
"29","St. Francois County","29187","Missouri"
"48","Ward County","48475","Texas"
"08","Kiowa County","08061","Colorado"
"48","Wilbarger County","48487","Texas"
"41","Curry County","41015","Oregon"
"08","Teller County","08119","Colorado"
"29","Clinton County","29049","Missouri"
"49","Wasatch County","49051","Utah"
"16","Caribou County","16029","Idaho"
"37","Rockingham County","37157","North Carolina"
"05","Prairie County","05117","Arkansas"
"05","Bradley County","05011","Arkansas"
"48","Hamilton County","48193","Texas"
"24","Caroline County","24011","Maryland"
"27","Douglas County","27041","Minnesota"
"30","Jefferson County","30043","Montana"
"51","Fairfax County","51059","Virginia"
"30","Deer Lodge County","30023","Montana"
"47","Anderson County","47001","Tennessee"
"39","Huron County","39077","Ohio"
"13","Bacon County","13005","Georgia"
"10","Kent County","10001","Delaware"
"39","Wood County","39173","Ohio"
"13","Jackson County","13157","Georgia"
"20","Anderson County","20003","Kansas"
"17","Knox County","17095","Illinois"
"30","Wheatland County","30107","Montana"
"47","Cannon County","47015","Tennessee"
"23","Franklin County","23007","Maine"
"21","Menifee County","21165","Kentucky"
"46","McPherson County","46089","South Dakota"
"08","Gunnison County","08051","Colorado"
"26","Charlevoix County","26029","Michigan"
"27","Swift County","27151","Minnesota"
"39","Seneca County","39147","Ohio"
"13","Tattnall County","13267","Georgia"
"48","Stephens County","48429","Texas"
"37","Martin County","37117","North Carolina"
"30","Ravalli County","30081","Montana"
"13","Wilkes County","13317","Georgia"
"53","Lincoln County","53043","Washington"
"06","San Mateo County","06081","California"
"39","Williams County","39171","Ohio"
"08","Baca County","08009","Colorado"
"16","Boundary County","16021","Idaho"
"16","Bear Lake County","16007","Idaho"
"39","Union County","39159","Ohio"
"39","Cuyahoga County","39035","Ohio"
"48","Lavaca County","48285","Texas"
"40","Nowata County","40105","Oklahoma"
"13","Glascock County","13125","Georgia"
"41","Umatilla County","41059","Oregon"
"46","Oglala Lakota County","46102","South Dakota"
"20","Marshall County","20117","Kansas"
"22","Madison Parish","22065","Louisiana"
"30","Valley County","30105","Montana"
"13","Whitfield County","13313","Georgia"
"20","Wichita County","20203","Kansas"
"46","Charles Mix County","46023","South Dakota"
"31","Cedar County","31027","Nebraska"
"53","Kitsap County","53035","Washington"
"17","McHenry County","17111","Illinois"
"30","Petroleum County","30069","Montana"
"29","Carroll County","29033","Missouri"
"53","Whitman County","53075","Washington"
"27","Steele County","27147","Minnesota"
"31","Thayer County","31169","Nebraska"
"47","Crockett County","47033","Tennessee"
"19","Hamilton County","19079","Iowa"
"39","Warren County","39165","Ohio"
"13","Spalding County","13255","Georgia"
"34","Hunterdon County","34019","New Jersey"
"29","Vernon County","29217","Missouri"
"18","Parke County","18121","Indiana"
"19","Franklin County","19069","Iowa"
"13","Butts County","13035","Georgia"
"08","Elbert County","08039","Colorado"
"44","Bristol County","44001","Rhode Island"
"48","Bosque County","48035","Texas"
"44","Newport County","44005","Rhode Island"
"39","Fairfield County","39045","Ohio"
"38","Pierce County","38069","North Dakota"
"17","Carroll County","17015","Illinois"
"27","Red Lake County","27125","Minnesota"
"41","Jefferson County","41031","Oregon"
"47","Cheatham County","47021","Tennessee"
"46","Union County","46127","South Dakota"
"01","Elmore County","01051","Alabama"
"13","Lumpkin County","13187","Georgia"
"39","Knox County","39083","Ohio"
"19","Bremer County","19017","Iowa"
"48","Goliad County","48175","Texas"
"37","Henderson County","37089","North Carolina"
"12","Indian River County","12061","Florida"
"48","Roberts County","48393","Texas"
"31","Deuel County","31049","Nebraska"
"36","Livingston County","36051","New York"
"19","O'Brien County","19141","Iowa"
"48","Callahan County","48059","Texas"
"48","Rains County","48379","Texas"
"20","Grant County","20067","Kansas"
"51","Lee County","51105","Virginia"
"35","Sierra County","35051","New Mexico"
"05","Drew County","05043","Arkansas"
"31","Morrill County","31123","Nebraska"
"29","Benton County","29015","Missouri"
"05","Pike County","05109","Arkansas"
"08","Mesa County","08077","Colorado"
"29","Dent County","29065","Missouri"
"51","Tazewell County","51185","Virginia"
"42","Pike County","42103","Pennsylvania"
"42","Susquehanna County","42115","Pennsylvania"
"48","Morris County","48343","Texas"
"42","Washington County","42125","Pennsylvania"
"50","Addison County","50001","Vermont"
"20","Leavenworth County","20103","Kansas"
"26","Muskegon County","26121","Michigan"
"02","Copper River Census Area","02066","Alaska"
"02","Chugach Census Area","02063","Alaska"
"28","Hinds County","28049","Mississippi"
"48","Lampasas County","48281","Texas"
"51","Loudoun County","51107","Virginia"
"29","St. Clair County","29185","Missouri"
"36","Delaware County","36025","New York"
"30","Phillips County","30071","Montana"
"29","Mercer County","29129","Missouri"
"53","Mason County","53045","Washington"
"37","Nash County","37127","North Carolina"
"51","York County","51199","Virginia"
"29","Pettis County","29159","Missouri"
"30","Missoula County","30063","Montana"
"20","Chautauqua County","20019","Kansas"
"48","Upshur County","48459","Texas"
"51","Culpeper County","51047","Virginia"
"40","Haskell County","40061","Oklahoma"
"54","Ohio County","54069","West Virginia"
"54","Morgan County","54065","West Virginia"
"51","Rockingham County","51165","Virginia"
"18","Whitley County","18183","Indiana"
"06","Siskiyou County","06093","California"
"46","Day County","46037","South Dakota"
"22","Orleans Parish","22071","Louisiana"
"01","Jefferson County","01073","Alabama"
"01","Walker County","01127","Alabama"
"29","DeKalb County","29063","Missouri"
"12","Gadsden County","12039","Florida"
"13","Dade County","13083","Georgia"
"28","DeSoto County","28033","Mississippi"
"51","Warren County","51187","Virginia"
"17","Edwards County","17047","Illinois"
"47","Madison County","47113","Tennessee"
"01","Randolph County","01111","Alabama"
"37","Ashe County","37009","North Carolina"
"08","Dolores County","08033","Colorado"
"39","Licking County","39089","Ohio"
"51","Manassas city","51683","Virginia"
"05","Union County","05139","Arkansas"
"17","Henderson County","17071","Illinois"
"01","Montgomery County","01101","Alabama"
"08","Arapahoe County","08005","Colorado"
"21","Marion County","21155","Kentucky"
"53","Skagit County","53057","Washington"
"28","Jones County","28067","Mississippi"
"55","Columbia County","55021","Wisconsin"
"37","Brunswick County","37019","North Carolina"
"27","Clearwater County","27029","Minnesota"
"51","Northampton County","51131","Virginia"
"20","Rooks County","20163","Kansas"
"18","Fayette County","18041","Indiana"
"31","Hall County","31079","Nebraska"
"31","Hamilton County","31081","Nebraska"
"31","Loup County","31115","Nebraska"
"30","Sheridan County","30091","Montana"
"31","Frontier County","31063","Nebraska"
"01","Bibb County","01007","Alabama"
"28","Lauderdale County","28075","Mississippi"
"27","Big Stone County","27011","Minnesota"
"27","Blue Earth County","27013","Minnesota"
"51","Highland County","51091","Virginia"
"51","Spotsylvania County","51177","Virginia"
"33","Strafford County","33017","New Hampshire"
"13","Houston County","13153","Georgia"
"26","Delta County","26041","Michigan"
"05","Sebastian County","05131","Arkansas"
"06","Santa Cruz County","06087","California"
"13","McIntosh County","13191","Georgia"
"13","Monroe County","13207","Georgia"
"29","Dunklin County","29069","Missouri"
"48","Wheeler County","48483","Texas"
"13","Forsyth County","13117","Georgia"
"48","San Patricio County","48409","Texas"
"28","Walthall County","28147","Mississippi"
"29","Monroe County","29137","Missouri"
"26","Isabella County","26073","Michigan"
"48","Moore County","48341","Texas"
"45","Calhoun County","45017","South Carolina"
"56","Sublette County","56035","Wyoming"
"21","Fleming County","21069","Kentucky"
"55","Clark County","55019","Wisconsin"
"45","York County","45091","South Carolina"
"18","Adams County","18001","Indiana"
"22","Ascension Parish","22005","Louisiana"
"42","Union County","42119","Pennsylvania"
"51","Chesterfield County","51041","Virginia"
"22","Acadia Parish","22001","Louisiana"
"42","Crawford County","42039","Pennsylvania"
"46","Tripp County","46123","South Dakota"
"19","Guthrie County","19077","Iowa"
"19","Washington County","19183","Iowa"
"46","Sanborn County","46111","South Dakota"
"40","Grady County","40051","Oklahoma"
"54","Kanawha County","54039","West Virginia"
"55","St. Croix County","55109","Wisconsin"
"42","Venango County","42121","Pennsylvania"
"39","Summit County","39153","Ohio"
"13","Glynn County","13127","Georgia"
"48","Webb County","48479","Texas"
"37","Montgomery County","37123","North Carolina"
"23","Aroostook County","23003","Maine"
"28","Jefferson Davis County","28065","Mississippi"
"18","Washington County","18175","Indiana"
"48","Blanco County","48031","Texas"
"51","Brunswick County","51025","Virginia"
"47","Dyer County","47045","Tennessee"
"47","Gibson County","47053","Tennessee"
"51","Prince George County","51149","Virginia"
"05","Lawrence County","05075","Arkansas"
"38","Eddy County","38027","North Dakota"
"53","Pierce County","53053","Washington"
"16","Lincoln County","16063","Idaho"
"42","Lancaster County","42071","Pennsylvania"
"55","Juneau County","55057","Wisconsin"
"47","Scott County","47151","Tennessee"
"46","Corson County","46031","South Dakota"
"46","Gregory County","46053","South Dakota"
"37","Vance County","37181","North Carolina"
"21","Caldwell County","21033","Kentucky"
"45","Barnwell County","45011","South Carolina"
"47","Decatur County","47039","Tennessee"
"18","Blackford County","18009","Indiana"
"01","Etowah County","01055","Alabama"
"16","Camas County","16025","Idaho"
"20","Reno County","20155","Kansas"
"47","Maury County","47119","Tennessee"
"56","Goshen County","56015","Wyoming"
"55","Rusk County","55107","Wisconsin"
"55","Waukesha County","55133","Wisconsin"
"21","Garrard County","21079","Kentucky"
"25","Norfolk County","25021","Massachusetts"
"18","Hendricks County","18063","Indiana"
"17","Jackson County","17077","Illinois"
"45","Georgetown County","45043","South Carolina"
"38","Hettinger County","38041","North Dakota"
"49","Grand County","49019","Utah"
"49","Tooele County","49045","Utah"
"51","Hampton city","51650","Virginia"
"55","Buffalo County","55011","Wisconsin"
"51","Frederick County","51069","Virginia"
"54","Lewis County","54041","West Virginia"
"27","Polk County","27119","Minnesota"
"27","Redwood County","27127","Minnesota"
"47","Fayette County","47047","Tennessee"
"22","St. Charles Parish","22089","Louisiana"
"05","Poinsett County","05111","Arkansas"
"12","Gulf County","12045","Florida"
"47","Hamblen County","47063","Tennessee"
"01","Chilton County","01021","Alabama"
"48","Newton County","48351","Texas"
"48","Hockley County","48219","Texas"
"13","Baldwin County","13009","Georgia"
"37","Transylvania County","37175","North Carolina"
"37","Surry County","37171","North Carolina"
"01","Coffee County","01031","Alabama"
"39","Shelby County","39149","Ohio"
"16","Canyon County","16027","Idaho"
"30","Daniels County","30019","Montana"
"12","Leon County","12073","Florida"
"40","Payne County","40119","Oklahoma"
"01","Covington County","01039","Alabama"
"18","Lawrence County","18093","Indiana"
"20","Gray County","20069","Kansas"
"21","Casey County","21045","Kentucky"
"21","Metcalfe County","21169","Kentucky"
"21","Russell County","21207","Kentucky"
"22","Beauregard Parish","22011","Louisiana"
"23","Somerset County","23025","Maine"
"40","Cimarron County","40025","Oklahoma"
"21","Meade County","21163","Kentucky"
"21","Nelson County","21179","Kentucky"
"21","Owen County","21187","Kentucky"
"29","Pemiscot County","29155","Missouri"
"31","Nance County","31125","Nebraska"
"55","Menominee County","55078","Wisconsin"
"48","Panola County","48365","Texas"
"21","Bath County","21011","Kentucky"
"48","Anderson County","48001","Texas"
"51","Caroline County","51033","Virginia"
"19","Sioux County","19167","Iowa"
"06","Glenn County","06021","California"
"29","St. Louis city","29510","Missouri"
"13","Fannin County","13111","Georgia"
"46","Grant County","46051","South Dakota"
"46","Marshall County","46091","South Dakota"
"53","Thurston County","53067","Washington"
"31","Knox County","31107","Nebraska"
"35","Valencia County","35061","New Mexico"
"30","Prairie County","30079","Montana"
"19","Allamakee County","19005","Iowa"
"48","Cameron County","48061","Texas"
"48","Montgomery County","48339","Texas"
"08","Las Animas County","08071","Colorado"
"48","Llano County","48299","Texas"
"48","Mason County","48319","Texas"
"37","Clay County","37043","North Carolina"
"36","Orange County","36071","New York"
"36","Schenectady County","36093","New York"
"54","Mingo County","54059","West Virginia"
"20","Wabaunsee County","20197","Kansas"
"27","Houston County","27055","Minnesota"
"21","Nicholas County","21181","Kentucky"
"25","Plymouth County","25023","Massachusetts"
"36","Bronx County","36005","New York"
"37","Dare County","37055","North Carolina"
"39","Medina County","39103","Ohio"
"42","Armstrong County","42005","Pennsylvania"
"34","Atlantic County","34001","New Jersey"
"55","Manitowoc County","55071","Wisconsin"
"55","Door County","55029","Wisconsin"
"37","Columbus County","37047","North Carolina"
"39","Gallia County","39053","Ohio"
"48","Taylor County","48441","Texas"
"51","Colonial Heights city","51570","Virginia"
"39","Coshocton County","39031","Ohio"
"31","Perkins County","31135","Nebraska"
"48","Hartley County","48205","Texas"
"08","Grand County","08049","Colorado"
"48","Jim Wells County","48249","Texas"
"19","Winnebago County","19189","Iowa"
"06","San Luis Obispo County","06079","California"
"01","Henry County","01067","Alabama"
"39","Wyandot County","39175","Ohio"
"48","Zapata County","48505","Texas"
"13","Lee County","13177","Georgia"
"21","Boyd County","21019","Kentucky"
"27","Carver County","27019","Minnesota"
"31","Colfax County","31037","Nebraska"
"45","Chesterfield County","45025","South Carolina"
"47","Lewis County","47101","Tennessee"
"41","Washington County","41067","Oregon"
"51","Virginia Beach city","51810","Virginia"
"30","Madison County","30057","Montana"
"51","Lancaster County","51103","Virginia"
"29","Bates County","29013","Missouri"
"33","Belknap County","33001","New Hampshire"
"51","Richmond County","51159","Virginia"
"02","Skagway Municipality","02230","Alaska"
"02","Hoonah-Angoon Census Area","02105","Alaska"
"53","Franklin County","53021","Washington"
"19","Ida County","19093","Iowa"
"20","Sedgwick County","20173","Kansas"
"48","Travis County","48453","Texas"
"12","Hillsborough County","12057","Florida"
"34","Mercer County","34021","New Jersey"
"31","Butler County","31023","Nebraska"
"42","Westmoreland County","42129","Pennsylvania"
"12","Charlotte County","12015","Florida"
"19","Cass County","19029","Iowa"
"39","Mercer County","39107","Ohio"
"21","Johnson County","21115","Kentucky"
"44","Kent County","44003","Rhode Island"
"50","Windham County","50025","Vermont"
"50","Orleans County","50019","Vermont"
"20","Jackson County","20085","Kansas"
"22","Franklin Parish","22041","Louisiana"
"28","Webster County","28155","Mississippi"
"25","Franklin County","25011","Massachusetts"
"31","Cherry County","31031","Nebraska"
"30","Beaverhead County","30001","Montana"
"29","New Madrid County","29143","Missouri"
"05","Hempstead County","05057","Arkansas"
"29","Camden County","29029","Missouri"
"51","Mecklenburg County","51117","Virginia"
"21","Webster County","21233","Kentucky"
"40","Garfield County","40047","Oklahoma"
"53","Skamania County","53059","Washington"
"26","Lenawee County","26091","Michigan"
"13","Gilmer County","13123","Georgia"
"27","Roseau County","27135","Minnesota"
"28","Madison County","28089","Mississippi"
"48","Howard County","48227","Texas"
"54","Wayne County","54099","West Virginia"
